0,Sentence,Part1 Sentiment,Part2 Sentiment,Transition Word
1,ಆ ಕಾಲವೇ ಹಾಗಿತ್ತು ಮುಖಾಮುಖಿ ಮಾತು ಸಂಬಂಧಗಳಿಗೆ ಬೆಲೆ ಇತ್ತು ಜತೆಯಾಗಿ ಊಟ ಆಟ ಪಾಠ ನಮ್ಮದಾಗುತ್ತಿತ್ತು ಆದರೆ ಈಗ ಕಾಲ ಆಗಿಲ್ಲ ವೈಯಕ್ತಿಕ ಹಿತಾಸಕ್ತಿ ಸಾಧನೆ ಕೆಲಸದ ಒತ್ತಡ ಎಲ್ಲವನ್ನು ನುಂಗುತ್ತಿದೆ,Positive,Negetive,ಆದರೆ
2,ನಾವೆಲ್ಲ ಯಾಕೆ ಹೀಗೆ ಆಗುತ್ತಿದ್ದೇವೆ ? ದೊಡ್ಡ ಗ್ರಾತ್ರದ ಕಟ್ಟಡ ಕಟ್ಟಬೇಕು ರೋಬೊ ಕಂಡುಹಿಡಿಯಬೇಕು ನಿಜ ಆದರೆ ನಾವೇ ರೋಬೊ ಆಗಬಾರದು ನಿಂತ ಕಟ್ಟಡವೂ ಆಗಬಾರದು,Positive,Negetive,ಆದರೆ
3,ಶ್ರೀವಿದ್ಯಾಮಾನ್ಯರ ಸಮೀಪದ ಒಡನಾಟ ನನಗೆ ದೊರಕಿರಲಿಲ್ಲ ಆದರೆ ಅವರ ಮುಗ್ದತೆಯ ಬಗ್ಗೆ ಇನ್ನಿತರ ಹಿರಿಯರಿಂದ ಕೇಳಿ ಬಲ್ಲೆ,Negetive,Positive,ಆದರೆ
4,ಖ್ಯಾತ ಬಾಲಿವುಡ್ ನಟ ಸಲ್ಮಾನ್ ಖಾನ್ ಅಭಿನಯದ 'ಸುಲ್ತಾನ್' ಚಿತ್ರ ಬಿಡುಗಡೆಗೊಂಡ ಮೂರು ದಿನಗಳಲ್ಲೇ '100 ಕೋಟಿ ಕ್ಲಬ್' ಸೇರುವ ಮೂಲಕ ದಾಖಲೆ ಮಾಡಿದೆ ಅಲ್ಲದೇ ಅತಿ ಹೆಚ್ಚು ಗಳಿಕೆ ಮಾಡಿದ ಚಿತ್ರಗಳ ಪಟ್ಟಿಯಲ್ಲಿ ಸಲ್ಮಾನ್ ಖಾನ್ ಪ್ರಥಮ ಸ್ಥಾನದಲ್ಲಿದ್ದಾರೆ ಆದರೆ ವಿಶ್ವದ ಅತಿ ಹೆಚ್ಚು ಸಂಭಾವನೆ ಪಡೆಯುತ್ತಿರುವ ಸೆಲೆಬ್ರಿಟಿಗಳ ಪಟ್ಟಿಯನ್ನು ಫೋರ್ಬ್ಸ್ ನಿಯತಕಾಲಿಕೆ ಬಿಡುಗಡೆ ಮಾಡಿದ್ದು ಇದರಲ್ಲಿ ಸಲ್ಮಾನ್ ಸ್ಥಾನ ಗಿಟ್ಟಿಸಿಕೊಂಡಿಲ್ಲ,Positive,Negetive,ಆದರೆ
5,ನಾನು ಇಷ್ಟು ಮಾಡಿದ್ದಕ್ಕೆ ಇಲಾಖೆ ನನ್ನನ್ನು ಅಭಿನಂದಿಸಲು ಮರೆಯಲಿಲ್ಲ ಆದರೆ ಮಾಡಬೇಕಾದ ಕೆಲಸ ಮಾತ್ರ ಮಾಡಲಿಲ್ಲ,Positive,Negetive,ಆದರೆ
6,ದೇಶದ ದುರದೃಷ್ಟ ಅಧಿಕಾರಿಗಳಿಗೆ ಮರಗಳ ರಕ್ಷಣೆಗಿಂತ ಇಲಾಖೆಯ ಪ್ರತಿಷ್ಠೆಯ ರಕ್ಷಣೆ ಹೆಚ್ಚು ಮುಖ್ಯವಾಯಿತು ಹೀಗಾಗಿ ಬೊಳ್ಳಾಜೆಯ ಹಲವು ಮರಗಳು ಅಕಾಲ ಮರಣಕ್ಕೀಡಾದವು,Nutral,Negetive,ಹೀಗಾಗಿ
7,ಎಂ ಎಸ್ ಇ ಜಡ್ ಕಂಪೆನಿಯ ಪ್ರತಿ ಹೆಜ್ಜೆಯನ್ನೂ ಸೂಕ್ಷ್ಮವಾಗಿ ಗಮನಿಸಬೇಕಿತ್ತು ಆದರೆ ಅದು ಹೊಸದೊಂದು ಅಣೆಕಟ್ಟು ನಿರ್ಮಿಸಿ ಮಂಗಳೂರಿಗರಿಗೆ ನೀರು ಕೊಡುವ ಉತ್ಸಾಹದಲ್ಲಿ ತನ್ನ ನೀರಿನ ಮೂಲಕ್ಕೇ ಕನ್ನ ಬೀಳುತ್ತಿರುವುದನ್ನು ಕಾಣುತ್ತಿಲ್ಲ,Nutral,Nutral,ಆದರೆ
8,ಈ ಜಿಲ್ಲೆಗಳಿಗೆ ಕಾವೇರಿ ನದಿಯಿಂದ ನೀರು ಪೂರೈಸುವ ಯಾವ ಯೋಜನೆಯೂ ಇಲ್ಲ ಏಕೆಂದರೆ ಕಾವೇರಿಯ ನೀರು ನೀರಾವರಿ ಹಾಗೂ ದಿನದಿನವೂ ಬೆಳೆಯುತ್ತಿರುವ ಬೆಂಗಳೂರಿನ ಕುಡಿಯುವ ನೀರಿನ ಬೇಡಿಕೆಯನ್ನು ಪೂರೈಸಲು ಮೀಸಲಾಗಿದೆ,Nutral,Nutral,ಏಕೆಂದರೆ
9,ತೊಂದರೆ ಇಲ್ಲಪ್ಪ ಹತ್ತಿರವೇ ಸಕಲೇಶಪುರ ಇದೆ ಅಲ್ಲಿಗೆ ಬಂದು ಇರ್ತಾವೆ ಮೊನ್ನೆ ಮೈಸೂರಿಗೆ ಬಂದಿದ್ದವಲ್ಲ ಹಾಗೇ ಅಂದಾರು ನಮ್ಮ ಯೋಜನಾಕರ್ತರು ಆದರೆ ಸಕಲೇಶಪುರದ ಜನ ಇದಕ್ಕೆ ಒಪ್ಪಿಗೆ ಕೊಡುತ್ತಾರೋ ಗೊತ್ತಿಲ್ಲ,Positive,Nutral,ಆದರೆ
10,ಎಲ್ಲಾ ಹಳ್ಳಿಗಳಿಗೂ ಕುಡಿಯುವ ನೀರಿಗೆ ಕೊಳವೆ ಬಾವಿ ನೀರೇ ಅಸರೆ ಆದರೆ ಅವುಗಳ ಸೂಕ್ತ ನಿರ್ವಹಣೆ ಇಲ್ಲದೆ ಸುರಕ್ಷಿತತೆ ಮತ್ತು ನೈರ್ಮಲ್ಯತೆಯೇ ಇಲ್ಲವಾಗಿತ್ತು,Nutral,Negetive,ಆದರೆ
11,ನಮ್ಮಲ್ಲಿ ಹೆಚ್ಚಿನವರು ಏನೆಲ್ಲ ಕಿರಿಕಿರಿಯನ್ನು ತುಟಿಪಿಟಕ್ಕೆನ್ನದೆ ಸಹಿಸಿಕೊಂಡೇ ಬದುಕುತ್ತಿದ್ದೇವೆ ಆದರೆ ನಾನು ಮೈಕಿನ ಈ ಕಿರಿಕಿರಿಯಿಂದ ಸ್ವಲ್ಪ ಮಟ್ಟಿಗಾದರೂ ತಪ್ಪಿಸಿಕೊಳ್ಳಲು ಸಣ್ಣ ಪ್ರಯತ್ನ ಮಾಡುತ್ತಿದ್ದೇನೆ,Negetive,Negetive,ಆದರೆ
12,ಯಾರೂ ಸಮರ್ಪಕ ಉತ್ತರ ಕೊಡುವುದಿಲ್ಲ ಆದರೆ ಈ ಪ್ರಶ್ನೆ ಕೇಳಿದರೆ ಎಲ್ಲರಿಗೂ ಸಿಟ್ಟು ಬರುತ್ತದೆ,Negetive,Negetive,ಆದರೆ
13,ಅನೇಕ ನಾಗರಿಕರಿಗೆ ಕಿರಿಕಿರಿಯಾಗುತ್ತಿದ್ದರೂ ಸಹ ಸೂಕ್ತ ಮಾಹಿತಿಯ ಕೊರತೆಯಿಂದ ಅಂಥವರು ಅಸಹಾಯಕರಾಗಿದ್ದಾರೆ ಆದ್ದರಿಂದ ಇನ್ನು ಮುಂದೆ ಧ್ವನಿವರ್ಧಕ ಬಳಸಲು ಅನುಮತಿ ನೀಡುವಾಗ ಅನುಮತಿ ಪಡೆದವರು ಈ ಕೆಳಗಿನ ಮಾಹಿತಿಗಳನ್ನು ಸಾರ್ವಜನಿಕರಿಗೆ ಕಡ್ಡಾಯವಾಗಿ ನೀಡುವಂತೆ ಅವರಿಗೆ ಸೂಚಿಸಬೇಕಾಗಿ ಕೋರುತ್ತೇನೆ,Negetive,Nutral,ಆದ್ದರಿಂದ
14,ಬಯಲುಸೀಮೆಯ ಜನರ ಅದರಲ್ಲೂ ಹೆಂಗಸರ ಕಷ್ಟ ನನಗೆ ಚೆನ್ನಾಗಿ ಅರ್ಥವಾಗುತ್ತದೆ ಆದರೆ ಬಯಲು ಸೀಮೆಯ ಜನರ ಸಮಸ್ಯೆಗೆ ಪಶ್ಚಿಮ ಘಟ್ಟಗಳಿಂದ ನೀರು ಒಯ್ಯುವುದು ಪರಿಹಾರ ಅಲ್ಲ,Negetive,Negetive,ಆದರೆ
15,"ಸರಕಾರವೇನೋ ಕೆರೆಗಳ ಪುನರುಜ್ಜೀವನ ಎಂಬ ಹೆಸರಿನಲ್ಲಿ ಹಣವನ್ನು ನೀರಿನಂತೆ ಚೆಲ್ಲುತ್ತಿದೆ ಆದರೆ ಎಲ್ಲಿಯವರೆಗೆ ಜನರ ಸಾಮೂಹಿಕ ಸಹಭಾಗಿತ್ವ ಇಲ್ಲವೋ ""ನಮ್ಮ ಊರ ಕೆರೆಗೆ ನಾವೇ ಜವಾಬ್ದಾರರು"" ಎಂಬ ಭಾವನೆ ಪುನಃ ಬರುವುದಿಲ್ಲವೋ ಎಲ್ಲಿಯವರೆಗೆ ನಾವು ಪ್ರತಿಯೊಂದಕ್ಕೂ ಸರಕಾರದ ಕಡೆಗೆ ನೋಡುತ್ತಿರುತ್ತೇವೋ ಅಲ್ಲಿಯವರೆಗೂ ಸಮಸ್ಯೆಗೆ ಪರಿಹಾರವಿಲ್ಲ",Nutral,Negetive,ಆದರೆ
16,೧೯೧೩ರಲ್ಲಿ ನೇತ್ರಾವತಿ ನದಿ ಬತ್ತಿತ್ತು ಎಂದು ಮಾತ್ರ ತಿಳಿಸಲಾಗಿದೆ ಆದರೆ ವಿನಾಯಕ್ ಅವರು ಎರಡು ಮುಖ್ಯ ಪ್ರವಾಹಗಳ (೧೯೨೪ ೧೯೭೪) ಬಗ್ಗೆ ತಿಳಿಸೇ ಇಲ್ಲ,Negetive,Negetive,ಆದರೆ
17,ಮೇಲುನೋಟಕ್ಕೆ ಅದರಿಂದ ಯಾವ ತೊಂದರೆಯೂ ಆಗುವಂತೆ ಕಾಣುವುದಿಲ್ಲ ಆದರೆ ಸಮಸ್ಯೆ ಇಷ್ಟು ಸರಳ ಅಲ್ಲ,Positive,Negetive,ಆದರೆ
18,ವಾಸ್ತವವಾಗಿ ಪಶ್ಚಿಮ ಘಟ್ಟಗಳನ್ನು ಉಳಿಸಿಕೊಳ್ಳಲು ಮಾಡಬೇಕಾದ ಮೊದಲ ಕೆಲಸವೆಂದರೆ ಅಲ್ಲಿಗೆ ಮನುಷ್ಯಪ್ರವೇಶವನ್ನು ಸಾಧ್ಯವಾದಷ್ಟೂ ತಡೆಯುವುದು ಆದರೆ ಈ ಕಿರು ಜಲವಿದ್ಯುತ್ ಯೋಜನೆಗಳಿಂದಾಗಿ ಪಶ್ಚಿಮಘಟ್ಟಗಳು ತಮ್ಮ ಸ್ವರೂಪವನ್ನೇ ಕಳೆದುಕೊಳ್ಳಲಿವೆ,Nutral,Negetive,ಆದರೆ
19,ಪಶ್ಚಿಮಘಟ್ಟಕ್ಕೆ ಆಗುವ ಹಾನಿಯ ಕಲ್ಪನೆ ಬರಬಹುದು ಅಥವಾ ಆಗಲೂ ಬರುವುದು ಕಷ್ಟ,Negetive,Negetive,ಅಥವಾ
20,ಕರ್ನಾಟಕದ ವಿಷಯ ನಾನು ಹೇಳಲಾರೆ ಆದರೆ ದಕ ಜಿಲ್ಲೆಯಲ್ಲಂತೂ ಜೆಸಿಬಿಗಳು ಹಗಲು ರಾತ್ರೆಯ ವ್ಯತ್ಯಾಸವಿಲ್ಲದೆ ಸರ್ಪಯಜ್ನಕ್ಕೆ ತೊಡಗಿವೆ,Nutral,Nutral,ಆದರೆ
21,ಯಾವುದೇ ಕೀಟನಾಶಕ ಕೀಟಗಳನ್ನು ಮಾತ್ರ ನಾಶ ಮಾಡಲು ಶಕ್ತವಾಗಿರಬೇಕು ಹೊರತು ಅದನ್ನು ಸೇವಿಸಿದ ಇತರ ದೊಡ್ಡ ಪ್ರಾಣಿಗಳ ಮೇಲೆ ಮನುಷ್ಯರ ಮೇಲೆ ದುಷ್ಪರಿಣಾಮ ಉಂಟು ಮಾಡುವಂತಿರಬಾರದು,Nutral,Negetive,ಆದರೆ
22,ಹೀಗಾಗಿ ಮನಸ್ಸಿಗೆ ಕೊಂಚ ಬೇಸರವಾಗಿರುವುದು ನಿಜ ಆದರೆ ಹೋರಾಟವನ್ನು ಅರ್ಧಕ್ಕೆ ನಿಲ್ಲಿಸುವುದಿಲ್ಲ' ಎಂದು ಸ್ಪಷ್ಟಪಡಿಸಿದರು,Negetive,Nutral,ಆದರೆ
23,ಇದು ದೈವ ಕಾಟವೋ ಪ್ರೇತಚೇಷ್ಟೆಯೋ ಊರಿ ಗಂಟಿದ ಶಾಪವೋ ಗೊತ್ತಿಲ್ಲ ಆದರೆ ಈ ತಾಂಡಾದಲ್ಲಿ ಸಂಭವಿಸಿದ ಸರಣಿ ಸಾವಿಗೆ ಕಂಗೆಟ್ಟು ಗ್ರಾಮಸ್ಥರು ಊರನ್ನೇ ತೊರೆದ ವಿಚಿತ್ರ ಘಟನೆ ನಡೆದಿದೆ,Nutral,Negetive,ಆದರೆ
24,ನಿರ್ದೇಶಕ ಪ್ರೇಮ್ ಈಗ 'ದಿ ವಿಲನ್' ಸಿನಿಮಾ ಮಾಡುತ್ತಿದ್ದಾರೆ ಆದರೆ ಅವರು ಹೊಸ ವರ್ಷದ ಸಂಭ್ರಮದಲ್ಲಿರುವ ಶಿವರಾಜ್ ಕುಮಾರ್ ಮತ್ತು ಸುದೀಪ್ ಅಭಿಮಾನಿಗಳಿಗೆ ನಿರಾಸೆ ಮೂಡಿಸಿದ್ದಾರೆ,Nutral,Negetive,ಆದರೆ
25,ಇನ್ನು ಹಲವು ಸಚಿನ್ ದಾಖಲೆಯನ್ನು ಕೊಹ್ಲಿಗೆ ಮುರಿಯುವುದು ಕಷ್ಟವೇನಲ್ಲ ಆದರೆ ಇದೊಂದು ದಾಖಲೆ ಮುರಿಯುವುದು ಕೊಹ್ಲಿಗೆ ಕಷ್ಟವಾಗಬಹುದು ಎಂದು ಸೆಹ್ವಾಗ್ ಅಭಿಪ್ರಾಯಪಟ್ಟಿದ್ದಾರೆ,Positive,Negetive,ಆದರೆ
26,ಬರೀ ಚಿತ್ರ ನೋಡೀ ಕಥೆ ಕೇಳುವುದರಲ್ಲೇ ಸಮಾಧಾನಪಡಬೇಕಾದ ಸ್ಥಿತಿಗೆ ಬರಬಹುದೇನೋ  ಏಕೆಂದರೆ ಶೀಘ್ರವಾಗಿ ನಶಿಸುತ್ತಿರುವ ಜೀವಿಗಳ ಸಾಲಿನಲ್ಲಿ ಹುಲಿರಾಯನಿದ್ದಾನೆ,Nutral,Negetive,ಆದರೆ
27,"ಅವುಗಳನ್ನು ರಕ್ಷಿಸಲು ""ಪ್ರಾಜೆಕ್ಟ್ ಟೈಗರ್ "" ಎಂಬ ಕಾರ್ಯಕ್ರಮಕ್ಕೆ ಚಾಲನೆ ದೊರಕಿತು ಆದರೆ ಅದನ್ನು ಕಟ್ಟುನಿಟ್ಟಾಗಿ ಪಾಲಿಸುವ ಇಚ್ಛಾಶಕ್ತಿಯ ಕೊರತೆಯಿಂದಾಗಿ ಇಂದು ಪರಿಸ್ಥಿತಿ ಇನ್ನೂ ಹಾಗೇ ಇದೆ",Positive,Negetive,ಆದರೆ
28,ನಿಜ ವನ್ಯಜೀವಿಗಳಿಗೆಲ್ಲ ನಾವು ಆಹಾರ ಒದಗಿಸುವುದು ಸಾಧ್ಯವಿಲ್ಲ  ಆದರೆ ಅವುಗಳ ಆಹಾರವನ್ನು ನಾವು ಕಸಿಯುತ್ತಿದ್ದೇವಲ್ಲ ! ಅದನ್ನು ನಿಲ್ಲಿಸಿದರೆ ಸಾಕು,Negetive,Negetive,ಆದರೆ
29,ಇಲ್ಲೆಲ್ಲಾ ಹುಲಿ ಬಂದು ಹೋಗಿತ್ತು ಅನ್ನುವ ಮಾತು ಈಗ ಯಾರು ಹೇಳುವುದಿಲ್ಲ ಏಕೆಂದರೆ ನಾನು ಹತ್ತಾರು ಸಲ ಬಂಢಿಪುರ ನಾಗರಹೊಳೆ ಕಬಿನಿ ಇತ್ಯಾದಿ ಕಾಡುಗಳಿಗೆ ಫೋಟೊತೆಗೆಯಲು ಹೋಗಿದ್ದೇನೆ ಒಮ್ಮೆಯೂ ಕಾಣಿಸಲಿಲ್ಲ,Nutral,Negetive,ಏಕೆಂದರೆ
30,ಮಧ್ಯಾಹ್ನದ ಬಿಸಿಯೂಟದ ಖಾತೆಗೆ ಮತ್ತೆ ಜಮಾ ಮಾಡಲಾಗಿದೆ ಆದರೆ ಇನ್ನೂ  ಕೋಟಿಯಷ್ಟು ಹಣ ನಿರ್ಮಾಣ ಸಂಸ್ಥೆ ಬಳಿಯೇ ಇದೆ,Positive,Nutral,ಆದರೆ
31,ಅರ್ನಬ್ ಗೋಸ್ವಾಮಿ ಟೌಮ್ಸ್ ನೆಟ್ ವರ್ಕನ್ನು ತೊರೆಯಲಿದ್ದಾರೆ ಆದರೆ ಪತ್ರಿಕೋದ್ಯಮದಲ್ಲೇ ಮುಂದುವರಿಯಲಿರುವ ಅರ್ನಬ್ ಅವರ ಮುಂದಿನ ಯೋಜನೆ ಏನು ಎಂಬುದು ಇನ್ನೂ ಗೊತ್ತಾಗಿಲ್ಲ,Negetive,Nutral,ಆದರೆ
32,ರಾಜ್ಯದಲ್ಲಿ ಉತ್ತಮ ಮಳೆಯಾಗಿದ್ದು ರೈತರ ಮುಖದಲ್ಲಿ ಮಂದಹಾಸ ಉಂಟುಮಾಡಿದೆ ಆದರೆ ಇನ್ನೂ  ಜಿಲ್ಲೆಗಳು ಮಳೆಯಿಲ್ಲದೆ ಬರಗಾಲ ಎದುರಿಸುತ್ತಿವೆ,Positive,Negetive,ಆದರೆ
33,ಯಡಿಯೂರಪ್ಪ ಅವರು ಸಂಧಾನ ಮಾಡಲು ಪ್ರಯತ್ನಿಸಿದ್ದಾರೆ ಆದರೆ ತಿಪ್ಪೇಸ್ವಾಮಿ ಬೆಂಗಳೂರಿಗೆ ಬರಲಿಲ್ಲ,Nutral,Negetive,ಆದರೆ
34,ನಿಮ್ಮ ಉಬುಂಟು ಮತ್ತೆ ಬೂಟ್ ಆಗದಿರಬಹುದು ಅಥವಾ ನಿಮಗೆ ತಂತ್ರಾಂಶಗಳಲ್ಲಿ ತೊಂದರೆ ಕಂಡುಬರಬಹುದು,Negetive,Negetive,ಅಥವಾ
35,ಈ ಜೋಡಿಯು ಟೆನಿಸ್ ಜಗತ್ತಿನಲ್ಲಿ 'ಇಂಡೋ-ಪಾಕ್ ಎಕ್ಸ್ಪ್ರೆಸ್' ಎಂದೇ ಪ್ರಖ್ಯಾತವಾಗಿತ್ತು ಆದರೆ ಅದೇನು ಕಾಯಿಲೆ ಬಂತೋ ಈ ವಿಜಯಿ ಜೋಡಿ ಮುರಿದು ದೂರಾಯಿತು,Nutral,Negetive,ಆದರೆ
36,ಇದನ್ನು ತೆಗೆದುಕೊಂಡಾಕ್ಷಣ ನೋವು ನಿವಾರಣೆಯಾಗುತ್ತೆ ನಿಜ ಆದರೆ ಅದರಿಂದ ನಮ್ಮ ಆರೋಗ್ಯಕ್ಕೆ ಎಷ್ಟು ಹಾನಿಯಾಗುತ್ತದೆ ಎಂಬುದನ್ನು ನಾವು ಅರಿತುಕೊಳ್ಳಬೇಕು,Positive,Negetive,ಆದರೆ
37,ಶುಭ ಕಾರ್ಯದಲ್ಲಿ ಪಟಾಕಿ ಸಿಡಿಗುಂಡು ಸಿಡಿಸೋದು ಕಾಮನ್ ಆದರೆ ಈ ಸಂಭ್ರಮ ಇಲ್ಲಿ ಒಂದು ಜೀವವನ್ನೇ ಬಲಿ ಪಡೆದಿದೆ,Nutral,Negetive,ಆದರೆ
38,ಕೆಲವರು ರೋಗಿಯ ಪತಿಗೆ ಉಳಿದ ಮೊತ್ತ ಪಾವತಿಸುವಂತೆ ಸೂಚಿಸಿದ್ದಾರೆ ಆದರೆ ಇದನ್ನು ಆಡಳಿತ ಮಂಡಳಿ ಮಾಡಿಲ್ಲ  ಎಂದಿದ್ದಾರೆ,Positive,Negetive,ಆದರೆ
39,ಆ ಕೆಲಸವಾಗಿದ್ದರೆ ಅನೇಕರಿಗೆ ಕೆಲಸ ಸಿಗುತ್ತಿತ್ತು ಆದರೆ ಈ ಪ್ರಯತ್ನವನ್ನು ಕೈಬಿಡುವುದಿಲ್ಲ ಮತ್ತೆ ಪ್ರಯತ್ನಿಸುತ್ತೇನೆ ಎಂದಿದ್ದಾರೆ,Positive,Positive,ಆದರೆ
40,ಯುವತಿಯರು ಕತ್ರಿನಾ ಜೊತೆ ಫೋಟೋ ತೆಗೆಸಿಕೊಳ್ಳಬೇಕು ಎಂದು ಕಾದಿದ್ದರು ಆದರೆ ಕತ್ರಿನಾ ಕಾರ್ಯಕ್ರಮದಲ್ಲಿ ತುಂಬಾ ಆಯಾಸಗೊಂಡಿದ್ದ ಕಾರಣ ಅವರು ಅಭಿಮಾನಿಗಳ ಜೊತೆ ಫೋಟೋ ಕ್ಲಿಕ್ಕಿಸಲು ಸ್ವಲ್ಪ ತಡ ಮಾಡಿದ್ದರು,Positive,Negetive,ಆದರೆ
41,ಇನ್ನು ಶ್ರೀಲಂಕಾ ಪ್ಯಾಕೇಜ್ ನಲ್ಲಿ ಕಂಡ್ಯಾ ನುವಾರ ಎಲಿಯಾ ಕೊಲಂಬೋ ನೆಗೊಂಬೋ ಪ್ರದೇಶಗಳನ್ನು ವೀಕ್ಷಿಸಬಹುದಾಗಿದೆ ಆದರೆ ಇದಕ್ಕೆ ಪ್ರತ್ಯೇಕ ಶುಲ್ಕ ಭರಿಸಬೇಕಾಗುತ್ತದೆ,Positive,Negetive,ಆದರೆ
42,ಹಿಂದಿನ ಪಂದ್ಯದಲ್ಲಿ ಬೆಂಗಳೂರು ತಂಡಕ್ಕೆ ಋತುವಿನ ಮೊದಲ ಸೋಲಿನ ಕಹಿ ನೀಡಲು ನಾರ್ತ್ ಈಸ್ಟ್ ಸಜ್ಜಾಗಿತ್ತು ಆದರೆ ಚೆಂಕೊ ಗೈಲ್ಷೇನ್ ಗಳಿಸಿದ ಗೋಲಿನಿಂದ ಪಂದ್ಯ ಡ್ರಾದಲ್ಲಿ ಕೊನೆಗೊಂಡಿತು,Negetive,Nutral,ಆದರೆ
43,ಕಳೆದ ನವೆಂಬರ್ನಲ್ಲಿ ಒಬಾಮ ಪತ್ನಿ ಮಿಶೆಲ್ ಜೊತೆ ದೇಶಕ್ಕೆ ನೀಡಿದ ಭೇಟಿ ಸಂದರ್ಭದಲ್ಲಿಯೇ ಅವರ ಪುತ್ರಿಯರು ಆಗಮಿಸಬೇಕಿತ್ತು ಆದರೆ ತರಗತಿಗಳು ನಡೆಯುತ್ತಿದ್ದರಿಂದ ಅದು ಸಾಧ್ಯವಾಗಿರಲಿಲ್ಲ,Nutral,Negetive,ಆದರೆ
44,'ದೇವರು ನಿಜಕ್ಕೂ ನಮಗೆ ಬೇಕು ಆದರೆ ಆತನಿಲ್ಲ ಅನ್ನುವುದೇ ನನ್ನ ದುಃಖ',Nutral,Negetive,ಆದರೆ
45,ದೇವರಿಲ್ಲ ಅನ್ನುವ ಅವರ ಆ ನಂಬಿಕೆಯೇ ಅವರನ್ನು ನೂರು ವರ್ಷ ಕಾಯಿತೇ? ಅಥವಾ ಅವನು ನಮಗೆ ಬೇಕು ಅನ್ನುವ ಹಂಬಲವೇ ಅವರನ್ನು ನೂರು ವರ್ಷ ಕಾಯುವಂತೆ ಮಾಡಿತೇ?,Nutral,Nutral,ಅಥವಾ
46,ಪಕ್ಷದ ಹೈಕಮಾಂಡ್ ನನ್ನ ಬಗ್ಗೆ ಒಲವು ಇಟ್ಟುಕೊಂಡಿದೆ ಆದ್ದರಿಂದ ಮುಂದಿನ ಚುನಾವಣೆಯೂ ನನ್ನ ನೇತೃತ್ವದಲ್ಲಿಯೇ ನಡೆಯಲಿದೆ ಎಂದು ತಿಳಿಸಿದ್ದಾರೆ,Positive,Positive,ಆದ್ದರಿಂದ
47,ಇತ್ತೀಚೆಗೆ ದೇವರ ಮೇಲೆ ಸಿದ್ದರಾಮಯ್ಯ ಅವರಿಗೆ ಭಕ್ತಿ ಬಂದಂತೆ ಕಾಣುತ್ತಿದೆ ಆದರೆ ಉಡುಪಿಗೆ ಭೇಟಿ ಕೊಟ್ಟ ಸಂದರ್ಭ ಶ್ರೀ ಕೃಷ್ಣ ದೇಗುಲಕ್ಕೆ ಭೇಟಿ ನೀಡಲು ಆಗಲಿಲ್ಲ ಎಂದು ಹೇಳಿಕೆ ನೀಡಿದ್ದಾರೆ,Positive,Negetive,ಆದರೆ
48,ಫ್ಲ್ಯಾಟ್ಗಳನ್ನು ಹಂಚಬೇಕಿತ್ತು ಆದರೆ ಇಲ್ಲಿಯವರೆಗೂ ಕಾಮಗಾರಿ ಪೂರ್ಣಗೊಂಡಿಲ್ಲ,Positive,Negetive,ಆದರೆ
49,ತೀವ್ರ ಪೆಟ್ಟು ಬಿದ್ದ ಅವರನ್ನು ಸಹ ಕಾರ್ಮಿಕರು ಸಮೀಪದ ಆಸ್ಪತ್ರೆಗೆ ದಾಖಲಿಸಿದ್ದಾರೆ ಆದರೆ ಚಿಕಿತ್ಸೆಗೆ ಸ್ಪಂದಿಸದೆ ವಿಕಾಸ್ ಸಾವನ್ನಪ್ಪಿದ್ದಾರೆ,Positive,Negetive,ಆದರೆ
50,ಈ ಪಂದ್ಯದಲ್ಲಿ ಪಾರಮ್ಯ ಮೆರೆದಿದ್ದು ಇಂಡಿಯನ್ ನೇವಿ ಆದರೆ ಲಭಿಸಿದ ಅವಕಾಶಗಳನ್ನು ಗೋಲಾಗಿ ಪರಿವರ್ತಿಸುವಲ್ಲಿ ಎಡವಿದರು,Positive,Negetive,ಆದರೆ
51,ಸಿಬಿಐ ಮುಖ್ಯಸ್ಥರ ವಿರುದ್ಧ ಯಾವುದೇ ಕ್ರಮ ಕೈಗೊಳ್ಳುವ ಮೊದಲು ಆಯ್ಕೆ ಸಮಿತಿಯನ್ನು ಸಂಪರ್ಕಿಸುವ ನಿಯಮವಿದೆ ಆದರೆ ಸರಕಾರ ಈ ನಿಯಮ ಪಾಲಿಸಿಲ್ಲ,Nutral,Negetive,ಆದರೆ
52,ಜೋಸೆಫ್ ಇದಕ್ಕೆಂದು ಏಳು ಲಕ್ಷ ರೂಪಾಯಿ ಮುಗಿಸಿದ್ದಾರೆ ಆದರೆ ಸಣ್ಣ ಪ್ರಮಾಣದಲ್ಲಿ ಮಾಡುವುದಾದರೆ ಖರ್ಚು ತೀರ ಕಡಮೆ ಮಾಡಿ ಉತ್ತಮವಾಗಿ ಅಳವಡಿಸಬಹುದೆಂದು ಅವರೆನ್ನುತ್ತಾರೆ,Negetive,Positive,ಆದರೆ
53,ಕಂಪನಿ ಮಾಲೀಕರು ಸ್ಪಂದಿಸುವ ಸೌಜನ್ಯ ತೋರಿರಲಿಲ್ಲ ಹೀಗಾಗಿ ಪ್ರತಿಭಟನೆ ತೀವ್ರ ಸ್ವರೂಪ ಪಡೆದುಕೊಂಡಿತ್ತು,Negetive,Negetive,ಹೀಗಾಗಿ
54,ಪ್ರತಿಭಟನೆ ವೇಳೆ ಪೊಲೀಸರು ಮತ್ತು ರೈತರ ನಡುವೆ ಘರ್ಷಣೆ ಕೂಡ ನಡೆದಿತ್ತು ಹೀಗಾಗಿ ಪರಿಸ್ಥಿತಿ ನಿಯಂತ್ರಿಸಲು ಪೊಲೀಸರು ಗೋಲಿಬಾರ್ ನಡೆಸಿದ್ದಾರೆ,Negetive,Negetive,ಹೀಗಾಗಿ
55,"ಹುಬ್ಬಳ್ಳಿ ಆವೃತ್ತಿ ಮೂಲಕ ಉದಯವಾಣಿ ""ಕರಾವಳಿ"" ಬ್ರಾಂಡಿನಿಂದ ಆಚೆಗೆ ಯೋಚಿಸಿದೆ ಆದರೆ ಹುಬ್ಬಳ್ಳಿ ಆವೃತ್ತಿಯಲ್ಲಿ ನಾನು ಗಮನಿಸಿದಂತೆ ಈ ಕಡೆಯ ಭಾಷಾ ಬಳಕೆ ನಡೆದಿಲ್ಲ",Positive,Negetive,ಆದರೆ
56,ರಾಜ ಯೋಗ ಪ್ರಾಪ್ತಿ ಇದೆ ಎಂದಿದ್ದಾರೆ ಆದರೆ ಬದುಕಿನಲ್ಲಿ ಸುಖಪಟ್ಟಿಲ್ಲ,Positive,Negetive,ಆದರೆ
57,ಹಾಲು ಮತ್ತು ಬಾಳೆ ಹಣ್ಣನ್ನು ಮಿಲ್ಕ್ ಶೇಕ್ ಮಾಡಿ ಸೇವಿಸುವುದು ಸಾಮಾನ್ಯವಾಗಿ ಎಲ್ಲರಿಗೂ ಇಷ್ಟವೇ ಆದರೆ ಹಾಗೆ ಮಾಡಬೇಡಿ ಎನ್ನುತ್ತಾರೆ ತಜ್ಞರು,Positive,Negetive,ಆದರೆ
58,ಆದರೆ ಬಾಡಿ ಬಿಲ್ಡರ್ ಗಳು ಬಾಳೆ ಹಣ್ಣು ಮತ್ತು ಹಾಲು ಜತೆಯಾಗಿ ಸೇವಿಸಿದರೆ ಒಳ್ಳೆಯದೇ ಆದರೆ ತೂಕ ಇಳಿಸಲು ಬಯಸುವವರು ಇದನ್ನು ಸೇವಿಸಬೇಡಿ ಎನ್ನುತ್ತಾರೆ ತಜ್ಞರು,Positive,Negetive,ಆದರೆ
59,ನನಗೆ ಚೆನ್ನಾಗಿ ಕಲಿತು ಹೊರದೇಶದಲ್ಲಿ ನೆಲೆಗೊಳ್ಳಬೇಕೆಂಬ ಕನಸಿತ್ತು ಆದರೆ ಇದೀಗ ಬಣ್ಣದ ಲೋಕಕ್ಕೆ ಕಾಲಿಟ್ಟಾಗಿದೆ,Nutral,Nutral,ಆದರೆ
60,ಆಮದನ್ನು ತಗ್ಗಿಸಲು ಸರಕಾರ ತೆಗೆದುಕೊಂಡಿರುವ ಈ ಕ್ರಮ ಸ್ವಾಗತಾರ್ಹವೇನೋ ಸರಿ ಆದರೆ ತಾತ್ಕಾಲಿಕವಾಗಿ ಗ್ರಾಹಕರ ಮೇಲೆ ಬೀಳಲಿರುವ ಹೊರೆ ತಪ್ಪಿಸುವವರು ಯಾರು ಎಂಬುದು ಪ್ರಶ್ನೆ,Positive,Nutral,ಆದರೆ
61,ಆಫೀಸಿಗೊಬ್ಬ ಬಾಸ್ ಇದ್ರೂ ಕೆಲವೊಮ್ಮೆ ಬಾಸ್ ನ ಪಿಎನೇ ಬಾಸ್ ಥರ ವರ್ತಿಸೋದುಂಟು ಅಥವಾ ಬಾಸ್ ಗಿಂತ ಎರಡು ಪಟ್ಟು ಹೆಚ್ಚೇ ಅಧಿಕ ಪ್ರಸಂಗ ತೋರಿಸುವುದುಂಟು,Negetive,Negetive,ಅಥವಾ
62,ಪ್ರತಿ ವರ್ಷ ರಾಖಿ ಹಬ್ಬ ಬಂದಾಗಲೂ ಅವರಿಗೆ ರಾಖಿ ಕಟ್ಟುತ್ತೇನೆ ಆದರೆ ಬೆಂಗಳೂರಿಗೆ ಬಂದು ಎರಡು ವರ್ಷ ಆದರೂ ಕೈಯಾರೆ ರಾಖಿ ಕಟ್ಟುವ ಭಾಗ್ಯ ದೊರೆತಿಲ್ಲ,Positive,Negetive,ಆದರೆ
63,ಮಧ್ಯಮ ವರ್ಗ ಮತ್ತು ದೇಶದ ಪ್ರಗತಿಗೆ ಅಣು ಒಪ್ಪಂದ ಸಹಕಾರಿ ಆದ್ದರಿಂದ ಅಣುಒಪ್ಪಂದವನ್ನು ನಾನು ಬೆಂಬಲಿಸುತ್ತೇನೆ,Positive,Positive,ಆದ್ದರಿಂದ
64,ಒಂದಷ್ಟು ಖುಷಿ ಖುಷಿ ಕ್ಷಣಗಳನ್ಮು ಅವಳೂ ಬಿಚ್ಚಿದ್ದಳು ಆದರೆ ಅವಳ ಇಬ್ಬರೂ ಪುಟ್ಟ ಕಂದಮ್ಮಗಳು ಮೊಬೈಲ್ ಕೊಡು ಎಂದು ಅಮ್ಮನತ್ರ ಜಗಳ ಆಡುತ್ತಿದ್ದವು,Positive,Negetive,ಆದರೆ
65,ಇದೆಲ್ಲಾ ಹಳೆಯ ವಿಚಾರ ಅಂದುಬಿಡಬಹುದು ಆದರೆ ಯಾಕೋ ನನ್ನ ತೃಪ್ತಿಗೆ ನಾನು ಬರೆಯುತ್ತಿದ್ದೇನೆ ಅಷ್ಟೇ,Negetive,Positive,ಆದರೆ
66,ನಾಯಕರ ಮೇಲೆ ಹೆಮ್ಮೆ ಇದೆಆದರೆ ತಾವುಗಳು ಇಂತಹ ಮೊಂಡು ಹೇಳಿಕೆಯನ್ನು ನೀಡಿ  ಇದ್ದ ಗೌರವವನ್ನು ಕಡಿಮೆ ಮಾಡುವ ಪ್ರಯತ್ನ ಮಾಡಬೇಡಿ,Positive,Nutral,ಆದರೆ
67,ಇನ್ನೊಂದು ಸರ್ಜರಿ ಆಗಬೇಕಿತ್ತು ಆದರೆ ಆರ್ಥಿಕ ಮುಗ್ಗಟ್ಟಿನಿಂದಿದ್ದ ಈ ಕುಟುಂಬಕ್ಕೆ ಸರ್ಜರಿ ಮಾಡಿಸಲು ತಕ್ಷಣಕ್ಕೆ ಸಾಧ್ಯವಾಗಿರಲಿಲ್ಲ,Nutral,Negetive,ಆದರೆ
68,ರಿಸರ್ವ್ ಬ್ಯಾಂಕ್ ಸರ್ಕಾರಿ ಮುದ್ರಣಾಲಯಗಳ ಮೂಲಕ ಅಗತ್ಯವಿದ್ದಷ್ಟು ನೋಟು ಮುದ್ರಿಸುತ್ತಿದ್ದಾರೆ ಆದರೆ ಆ ನೋಟುಗಳನ್ನು ಬ್ಯಾಂಕುಗಳು ಮತ್ತು ಅಂಚೆ ಕಛೇರಿಗಳಿಗೆ ತಲುಪಿಸುವುದರಲ್ಲಿ ಸ್ವಲ್ಪ ತಡವಾಗಿದೆ,Positive,Negetive,ಆದರೆ
69,ಸರ್ಕಾರದ ಕ್ರಿಯಾಶೀಲತೆ ಕುರಿತು ಟೀಕಿಸುವವರು ಅನೇಕರಿದ್ದಾರೆ ಆದರೆ ನಾವು ಮತದಾರರಿಗೆ ನೀಡಿದ್ದ ಭರವಸೆಯಂತೆ ಪ್ರಾಮಾಣಿಕವಾಗಿ ಕೆಲಸ ಮಾಡುತ್ತಿದ್ದೆವೆ,Negetive,Positive,ಆದರೆ
70,ಮತ್ತು ಗೆದ್ದ ದಿನದಿಂದಲೇ ಮುಂದಿನ ಚುನಾವಣೆಗೆ ಸಿದ್ಧಗೊಳ್ಳುವ ಅಥವಾ ಅದಕ್ಕಾಗಿ ತಲೆಕೆಡಿಸಿಕೊಂಡು ಕೆಟ್ಟ ಕೆಟ್ಟ ಕೆಲಸಗಳಲ್ಲಿ ತೊಡಗುವ ಒಂದು ದುರ್ವೇದಿಕೆಯಾಗಿ ಏರ್ಪಟ್ಟಿದೆ,Nutral,Negetive,ಅಥವಾ
71,ಮೊದ ಮೊದಲು ಆ ದೇವರು ತನಗೊಬ್ಬನಿಗೆ ಮಾತ್ರ ಏಕೆ ಈ ದುಸ್ಥಿತಿ ತಂದ ಎಂದು ಪ್ರಶ್ನೆ ಹಾಕಿಕೊಳ್ಳುತ್ತಿತ್ತು ಆದರೆ ನಂತರ ಆ ಕುರಿತು ಚಿಂತಿಸಿ ಫಲವಿಲ್ಲ ಎಂದರಿತು ಇತರರ ಹೀಯಾಳಿಕೆಗಳಿಗೆ ಬೇಜಾರು ಪಟ್ಟುಕೊಳ್ಳುವುದನ್ನು ನಿಲ್ಲಿಸಿತು,Negetive,Positive,ಆದರೆ
72,ಒಂದು ಸಾವನ್ನು ತಮಾಷೆಯಾಗಿ ನೋಡುವುದು ತುಸು ಕಷ್ಟ ಆದರೆ ಶೈಲೇಶ್ ಕುಮಾರ್ ಎಂಎಂ ಆ ಕೆಲಸವನ್ನು ಬಹಳ ನಾಜೂಕಿನಿಂದ ಮಾಡಿದ್ದಾರೆ,Nutral,Positive,ಆದರೆ
73,ಜೊತೆಗೆ ಚೀನಾದ ಹಲವು ಕ್ಲಬ್ಗಳ ವಿರುದ್ಧ ಪಂದ್ಯವನ್ನೂ ಆಡಿದೆ ಆದ್ದರಿಂದ ಭಾರತ ಮೊದಲ ಪೈಪೋಟಿಯಲ್ಲಿ ಉತ್ತಮ ಪ್ರದರ್ಶನ ತೋರುವ ವಿಶ್ವಾಸ ಹೊಂದಿದೆ,Nutral,Positive,ಆದ್ದರಿಂದ
74,ಇದಲ್ಲದೇ ಇನ್ನುಳಿದ ಸಾಲ ಮೊತ್ತವನ್ನು ಹಂತಹಂತವಾಗಿ ಕಂತುಗಳಲ್ಲಿ ಮನ್ನಾ ಮಾಡುವುದಾಗಿ ಭರವಸೆ ನೀಡಿದ್ದಾರೆ ಆದರೆ ಕಂತುಗಳಲ್ಲಿ ಸಾಲ ಮನ್ನಾ ಮಾಡುವ ವಿಧಾನ  ಹೇಗೆ ಎಂಬುದರ ಬಗ್ಗೆ ಸ್ಪಷ್ಟೀಕರಣ ನೀಡಿಲ್ಲ,Positive,Negetive,ಆದರೆ
75,ವಿಧಾನಸಭೆ ಚುನಾವಣೆಯಲ್ಲಿ ಮತ ಹಾಕಿದ್ವಿ ಆದರೆ ಈ ಬಾರಿ ಪಟ್ಟಿಯಲ್ಲಿ ಹೆಸರು ನಾಪತ್ತೆಯಾಗಿದೆ ಎಂದು ತಮ್ಮ ಅಸಮಾಧಾನ ಹೊರಹಾಕಿದರು,Nutral,Negetive,ಆದರೆ
76,ಬಜೆಟ್ನಲ್ಲಿ ಕೃಷಿ ಉತ್ಪನ್ನಗಳಿಗೆ ಬೆಲೆ ಕುಸಿತ ಉಂಟಾದಾಗ ಬೆಂಬಲ ಬೆಲೆ ಕೊಡುವುದಾಗಿ ಘೋಷಿಸಿದೆ ಆದರೆ ಅದರ ವೈಜ್ಞಾನಿಕ ನಿಲುವು ಪ್ರಕಟವಾಗಿಲ್ಲ,Positive,Nutral,ಆದರೆ
77,! ಒಂದೇ ಸಲಕ್ಕೆ ಅರ್ಥವಾಗುವುದಿಲ್ಲಆದರೆ ಕೌತುಕ ಹುಟ್ಟಿಸುತ್ತದೆ,Negetive,Positive,ಆದರೆ
78,ಅಫ್ಘಾನಿಸ್ತಾನದಲ್ಲಿ ಅಪಾರ ಖನಿಜ ಸಂಪತ್ತು ಇದೆ ಆದರೆ ಅದರಿಂದ ಯುಎಸ್ ಗೆ ಉಪಯೋಗವಾಗುತ್ತಿಲ್ಲ,Positive,Negetive,ಆದರೆ
79,ನನಗೆ ಅಷ್ಟು ಬರೆಯಲು ತಾಳ್ಮೆ ಇರಲಿಲ್ಲ ಅನ್ನಬಹುದು ಅಥವಾ ಅದನ್ನು ಅರ್ಥ ಮಾಡಿಸುವ ಹಾಗೆ ಬರೆಯಲು ಆಗಲೂ ಇಲ್ಲ ಅನ್ನಬಹುದು,Negetive,Negetive,ಅಥವಾ
80,ಮಾರುಕಟ್ಟೆಗೆ ಹೊಸ ಹೊಸ ಮೊಬೈಲ್ಗಳು ಬರುತ್ತಿವೆ ಆದರೆ ಈ ಹೊಸ ಮೊಬೈಲ್ಗಳ ನಡುವೆಯೂ ಹಳೆ ಮೊಬೈಲ್ಗಳ ಬೇಡಿಕೆ ಕುಸಿದಿಲ್ಲ,Positive,Positive,ಆದರೆ
81,ಯಾಕೆಂದರೆ ಇವು ಮನೆಯ ಸೌಂದರ್ಯವನ್ನು ಹೆಚ್ಚಿಸುತ್ತವೆ ಆದರೆ ಯಾವಾಗ ಬೇಕಾದ್ರೂ ಮನೆಗೆ ಪೀಠೋಪಕರಣ ಹಾಗೂ ಮರದ ವಸ್ತುಗಳನ್ನು ತರುವುದು ಒಳ್ಳೆಯದಲ್ಲ,Positive,Negetive,ಆದರೆ
82,ಈತ ಸ್ವಾತಂತ್ರೊತ್ಸವದಂದು ಬೆಟ್ಟವೇರಿದ್ದು ತುದಿಯಿಂದ ಬಿದ್ದಿದ್ದಾನೆ ಆದರೆ ಈ ಸಾವು ಆತ್ಮಹತ್ಯೆಯೋ ಅಥವಾ ಆಕಸ್ಮಿಕವೋ ಎಂಬುದು ವಿಚಾರಣೆಯಿಂದ ತಿಳಿಯಬೇಕಿದೆ,Negetive,Nutral,ಆದರೆ
83,ಜನ ಜೇಪೀ ಇನ್  ಫ್ರಾಟೆಕ್ ದಿಂದ ಅಪಾರ್ಟ್ಮೆಂಟ್ ಖರೀದಿಸಿದ್ದರು ಆದರೆ ಅವರಿಗೆ ಆ ಮನೆಗಳನ್ನು ನೀಡುವಲ್ಲಿ ಜೇಪೀ ವಿಫಲವಾಗಿದೆ,Nutral,Negetive,ಆದರೆ
84,ಈ ಹೃದಯದಲ್ಲಿ ಹುಟ್ಟಿದ ಮೊದಲ ಪ್ರೀತಿ ನೀನು ಆದರೆ ಇಷ್ಟು ಬೇಗ ನನ್ನ ಹೃದಯ ನಿನಗೆ ಬೇಸರವಾಗುತ್ತದೆ ಎಂದು ಊಹಿಸಿರಲಿಲ್ಲ,Positive,Negetive,ಆದರೆ
85,ರೋಗಿಯು ಹೆಚ್ಚುವರ್ಷ ಬದುಕಬಹುದೆಂದು ಮನದಟ್ಟು ಮಾಡಿದರು ಆದರೆ ತರುಣಿ ಅದಾದ 4 ತಿಂಗಳಲ್ಲೇ ಮರಣ ಹೊಂದಿದಳು,Positive,Negetive,ಆದರೆ
86,ಭಾಷೆಯ ನಾಶವೆಂದರೆ ಅದು ಸಂಸ್ಕೃತಿಯ ನಾಶ ಎಂದೇ ಹೇಳಬೇಕು ಆದರೆ ಸಂಪರ್ಕ ಮತ್ತು ಏಕತೆಯ ಹೆಸರಿನಲ್ಲಿ ಏಕ ಭಾಷೆಯ ಅಧಿಪತ್ಯ ಸ್ಥಾಪಿಸಹೊರಟಿರುವುದು ಮೂರ್ಖತನದ ದ್ಯೋತಕವಾಗಿದೆ,Negetive,Negetive,ಆದರೆ
87,ಸಾಹಿತ್ಯ ಕೃತಿಗಳ ಓದು ಬದುಕಿನ ಆತ್ಮವಿಶ್ವಾಸವನ್ನು ಹಿಗ್ಗಿಸುವ ಜೊತೆಗೆ ಅಗಾಧ ಜ್ಞಾನ ಬದಗಿಸುವ ಶಕ್ತಿ ಬಂದಿದೆ ಆದ್ದರಿಂದ ವಿದ್ಯಾರ್ಥಿಗಳು ದಿನದ ಕೆಲಸಮಯ ಉತ್ತಮ ಕೃತಿಗಳನ್ನು ಓದಬೇಕು,Positive,Nutral,ಆದ್ದರಿಂದ
88,ಅದಕ್ಕೆ ನೆಹರು ಆಕ್ಷೇಪ ವ್ಯಕ್ತಪಡಿಸಿದ್ದರಂತೆ ಆದರೆ ನೆಹರು ನಿಧನದನಂತರ ಅವರಿಗೆ ಶ್ರದ್ಧಾಂಜಲಿ ಸಲ್ಲಿಸುವ ಸಲುವಾಗಿ ಅವರ ಹೆಸರನ್ನೇ ಇಡಲಾಯಿತಂತೆ,Negetive,Nutral,ಆದರೆ
89,ಜೆಎನ್ಯುವಿನಲ್ಲಿ ಅಟೆಂಡೆನ್ಸ್ ಕಡ್ಡಾಯವಲ್ಲ ಆದರೆ ವಿದ್ಯಾರ್ಥಿಗಳು ತಮ್ಮ ಗುರಿಯಿಂದ ದೂರ ಸರಿಯಬಾರದು ಅಷ್ಟೇ,Positive,Nutral,ಆದರೆ
90,ಸ್ಥಳೀಯ ಸ್ವಾತಂತ್ರ್ಯ ಹೋರಾಟಗಾರರನ್ನು ಸ್ಮರಿಸುವ ಕೆಲಸ ಭಾಗಶಃ ಆಗುತ್ತಿಲ್ಲ ಎನ್ನುವ ಅಸಮಾಧಾನ ಬಹುತೇಕರಲ್ಲಿದೆ ಆದರೆ ಈ ಬಾರಿ ಕೊಟ್ಟೂರಿನಲ್ಲಿ ದೇಶಕ್ಕಾಗಿ ಬಲಿದಾನ ಮಾಡಿದವರನ್ನು ಸ್ಮರಿಸುವ ಕೆಲಸ ಆಯಿತು,Negetive,Positive,ಆದರೆ
91,ಅಲ್ಪಸಂಖ್ಯಾಕರ ಮತ ಬೇಕು ಆದರೆ ಅವರು ಮೇಲೆ ಬರಬಾರದು ಅನ್ನುವ ದೃಷ್ಟಿಯಲ್ಲಿ ಕಾಂಗ್ರೆಸ್ ಕೆಲಸ ನಿರ್ವಹಿಸುತ್ತಿದೆ ಎಂದು ಆರೋಪಿಸಿದರು,Nutral,Negetive,ಆದರೆ
92,ದೇಶಾದ್ಯಂತ ಅಲ್ಪಸಂಖ್ಯಾಕರಿಗೆ ಸರಕಾರ ವಿವಿಧ ಯೋಜನೆಗಳನ್ನು ಜಾರಿಗೊಳಿಸಿದೆ ಆದರೆ ಜನಪ್ರತಿನಿಧಿಗಳು ಅದನ್ನು ತಲುಪಿಸುವಲ್ಲಿ ವಿಫಲವಾಗಿದ್ದಾರೆ ಎಂದರು,Positive,Negetive,ಆದರೆ
93,ಪಂಚಾಯತ್ನ ಸಹಕಾರವೂ ದೊರೆತಿರಲಿಲ್ಲ ಆದರೆ ವಾಟ್ಸಪ್ ಗ್ರೂಪ್ನಲ್ಲಿ ಸಮಸ್ಯೆ ಬಗ್ಗೆ ತಿಳಿಸಿದ ತತ್ಕ್ಷಣ ಬಿಜೆಪಿ ಮುಖಂಡರು ಟ್ಯಾಂಕರ್ ಮೂಲಕ ನೀರು ಒದಗಿಸುವ ಮೂಲಕ ಇಡೀ ಜನರಿಗೆ ಸಹಕರಿಸಿದ್ದಾರೆ ಎಂದು ತಿಳಿಸಿದರು,Negetive,Positive,ಆದರೆ
94,ರೈತರ ಮನಗೆಲ್ಲುವ ಪ್ರಯತ್ನವೇನೋ ಮಾಡಿದೆ ಆದರೆ ಕರ್ನಾಟಕದ ರೈತರ ಪಾಲಿಗೆ ಅಷ್ಟೇನು ಲಾಭದಾಯಕವಲ್ಲ,Positive,Negetive,ಆದರೆ
95,ಯಾರನ್ನಾದರೂ ಅಮೇರಿಕಾ ಇಲ್ಲವೇ ಇಂಗ್ಲೇಂಡಿನಿಂದ ಕರೆಸುವದೇ ಎಂದು ಮೊದಲಾಗಿ ಸಲಹೆಗಳು ಬಂದವು ಆದರೆ ಅಂಬೇಡ್ಕರವರ ಪ್ರತಿಭೆಯ ಪರಿಚಯವಿದ್ದು ಕೆಲವು ಪ್ರಮುಖರು ಸಂವಿಧಾನವನ್ನು ರೂಪಿಸಲು ಅವರ ಹೆಸರನ್ನು ಸೂಚಿಸಿದರು,Nutral,Nutral,ಆದರೆ
96,ನಾನು ಹಿಂದೂ ಸಂಸ್ಕೃತಿಯಿಂದ ವಂಚಿತನಾಗುತ್ತೇನೆ ಆದ್ದರಿಂದ ಹಿಂದೂ ಸಂಸ್ಕೃತಿ ಹಾಗೂ ಪರಿಪೂರ್ಣ ಸಮಾನತೆಯುಳ್ಳ ಬೌದ್ಧಮತವನ್ನು ಸ್ವೀಕರಿಸುತ್ತೇನೆ,Negetive,Nutral,ಆದ್ದರಿಂದ
97,ನಟ ನಟಿಯರ ಜೊತೆ ಸ್ನೇಹ ಬೆಳೆಸುವುದು ಸಹಜ ಆದರೆ ಇದನ್ನೇ ದೊಡ್ಡ ವಿವಾದ ಮಾಡಲಾಯಿತು,Nutral,Negetive,ಆದರೆ
98,ಕರಾವಳಿಯಲ್ಲಿ ಅಭಿವೃದ್ಧಿಆಧುನೀಕರಣ ನಡೆದಿದೆಆದರೆ ಇತರ ಪ್ರದೇಶಗಳು ಹಿಂದುಳಿದಿವೆ,Positive,Negetive,ಆದರೆ
99,ನೀವು ಹೋಗುತ್ತಿರುವ ದಾರಿ ಸರಿಯಾದುದೇ ಆದರೆ ನಿಮ್ಮ ಸಂಗಡ ಇತರರನ್ನು ಕರೆದುಕೊಂಡು ಹೋಗಬೇಕೆನ್ನುವ ನಿಮ್ಮ ಜಾಣ್ಮೆ ಮೆಚ್ಚುವಂತಹದು,Positive,Positive,ಆದರೆ
100,ಸರಕಾರಿ ಸಭೆ ಸಮಾರಂಭಗಳಲ್ಲಿ ಪ್ಲ್ಯಾಸ್ಟಿಕ್ ನೀರಿನ ಬಾಟಲ್ ತರಿಸಲಾಗುತ್ತದೆ ಆದರೆ ನೀರು ಬಳಕೆಯಾಗುವುದು ಕಡಿಮೆ,Positive,Nutral,ಆದರೆ
101,ಮೀಡಿಯಾ ರೂಂನಲ್ಲಿ ಮೂಲಭೂತವಾಗಿ ವಿದ್ಯುತ್ ಮತ್ತು ಸೌಂಡ್ಗೆ ವೈರಿಂಗ್ ಮಾಡುವಲ್ಲಿ ಸರಿಯಾದ ಪ್ಲಾನ್ ಮಾಡಬೇಕಾಗುತ್ತದೆ ಆದ್ದರಿಂದ ಬಳಕೆ ಮಾಡುವ ಉಪಕರಣಗಳ ಪಟ್ಟಿಯನ್ನು ಮೊದಲು ತಯಾರಿಸಿಕೊಳ್ಳಬೇಕು,Nutral,Nutral,ಆದ್ದರಿಂದ
102,ಅದು ಮುಗಿದ ಮೇಲೆ ಶ್ರೀದೇವಿ ಮೃತದೇಹವನ್ನ ಭಾರತಕ್ಕೆ ತರಲಾಗುತ್ತದೆ ಆದರೆ ದುಬೈ ಪೊಲೀಸರು ಪ್ರಮುಖವಾಗಿ 5 ಅನುಮಾನಗಳ ಮೇಲೆ ತನಿಖೆ ನಡೆಸುತ್ತಿದ್ದಾರೆ,Nutral,Nutral,ಆದರೆ
103,ಕೆಲವು ಮಂದಿ ಬ್ಯಾಟರಿ ಬ್ಯಾಕ್ಅಪ್ಗಳನ್ನು ಹಿಡಿದುಕೊಂಡು ತೆರಳುತ್ತಾರೆ ಆದರೆ ಎಲ್ಲರಿಗೂ ಅದು ಸಾಧ್ಯವಿಲ್ಲ,Nutral,Negetive,ಆದರೆ
104,ಕಿವಿಗೆ ಇಯರ್ ಫೋನ್ ಸಿಕ್ಕಿಸಿಕೊಂಡು ತಮ್ಮಷ್ಟಕ್ಕೆ ತಾವೇ ಮಾತಾಡುತ್ತಿದ್ದಾರೆಂಬಂತೆ ಅಥವಾ ತಮ್ಮಷ್ಟಕ್ಕೇ ತಾವೇ ವಿಭಿನ್ನ ಹಾವಭಾವಗಳನ್ನು ಪ್ರದರ್ಶಿಸುತ್ತಿದ್ದಾರೋ ಎಂಬಂತಿರುವವರನ್ನು ಕಂಡಾಗ ಅನ್ನಿಸಿದ್ದಿದು,Nutral,Nutral,ಅಥವಾ
105,ಕೆಲವೊಂದು ಅವಕಾಶ ಸಿಕ್ಕರೂ ಅವುಗಳನ್ನ ಬಳಸಿಕೊಳ್ಳಲು ವಿಫಲಗೊಂಡಿದ್ದು ಎಲ್ಲರಿಗೂ ಗೊತ್ತಿರುವ ಸಂಗತಿ ಆದರೆ ಸದ್ಯದ ಪರಿಸ್ಥಿತಿ ನೋಡಿದಾಗ ಅವರಿಗೆ ಮತ್ತೊಂದು ಚಾನ್ಸ್  ನೀಡುವ ಸಾಧ್ಯತೆ ಕಂಡು ಬರುತ್ತಿದೆ,Negetive,Positive,ಆದರೆ
106,ತಮ್ಮ ರೈತು ಚಿತ್ರದಲ್ಲಿ ನಟಿಸುವಂತೆ ಮನವಿ ಮಾಡಿಕೊಂಡಿದ್ದರು ಆದರೆ ಅಮಿತಾಭ್  ಅದ್ಯಾಕೋ ಈ ಚಿತ್ರಕ್ಕೆ ಒಲ್ಲೆ ಎಂದು ಬಿಟ್ಟರು,Nutral,Negetive,ಆದರೆ
107,ಇಂಥ ಎಡವಟ್ಟುಗಳು ಆಗೊಮ್ಮೆ ಈಗೊಮ್ಮೆ ವರದಿಯಾಗುವುದೇನೋ ಸರಿ ಆದರೆ ಜನರ ಗಮನಕ್ಕೆ ಬಾರದೆಯೇ ಏನೆಲ್ಲ ನಡೆಯುತ್ತಿರಬಹುದು ಎಂಬುದನ್ನು ಒಮ್ಮೆ ಕಲ್ಪಿಸಿಕೊಂಡರೆ ಆತಂಕವಾಗುತ್ತದೆ,Nutral,Negetive,ಆದರೆ
108,ಮಹಿಳಾ ವಾಹನ ಚಾಲಾನೆ ಪರವಾನಗಿ ಕೂಡ ಈ ಯೋಜನೆಯ ಮಹತ್ವದ ತೀರ್ಮಾನವಾಗಿದೆ ಆದರೆ ಸರ್ಕಾರದ ಈ ನಿರ್ಧಾರದಿಂದ ಸೌದಿಯಲ್ಲಿ ಕಾರ್ಯ ನಿರ್ವಹಿಸುವ ಭಾರತ ಸೇರಿದಂತೆ ಹಲವು ರಾಷ್ಟ್ರಗಳ ವಾಹನ ಚಾಲಕರು ಉದ್ಯೋಗ ಕಳೆದುಕೊಳ್ಳಲಿದ್ದಾರೆ,Positive,Negetive,ಆದರೆ
109,ಅತಿ ಹೆಚ್ಚಿನ ಉಪ್ಪು ಇರುವ ಆಹಾರ ನಿಮಗೆ ಇಷ್ಟವೇ ಇರಬಹುದು ಆದರೆ ಇದು ರಕ್ತದೊತ್ತಡವನ್ನು ಹೆಚ್ಚಿಸುತ್ತದೆ,Positive,Negetive,ಆದರೆ
110,ಸಾಮಾನ್ಯವಾಗಿ ಹೋಟೆಲುಗಳಲ್ಲಿ ಬಿಸಿಬಿಸಿಯಾಗಿ ಬಡಿಸುವ ಸೂಪ್ ಗಳು ಅವರು ಸ್ವಂತವಾಗಿ ತಯಾರಿಸಿರಿಲಿಕ್ಕಿಲ್ಲ ಅಥವಾ ಮನೆಯಲ್ಲಿಯೇ ನೀವು ಸಿದ್ಧರೂಪದ ಪ್ಯಾಕೆಟ್ ಬಿಸಿ ಮಾಡಿ ಸೂಪ್ ಸವಿದಿರಬಹುದು,Negetive,Nutral,ಅಥವಾ
111,ಅಲ್ಲದೇ ಸೂಪ್ ನಲ್ಲಿ ಹೆಚ್ಚಿನ ಉಪ್ಪು ಸಹಾ ಇದ್ದು ನರಗಳನ್ನು ದೃಢಗೊಳಿಸುತ್ತವೆ ತನ್ಮೂಲಕ ಹೃದಯದ ಸ್ತಂಭನದ ಸಾಧ್ಯತೆ ಹೆಚ್ಚಿಸುತ್ತದೆ ಆದ್ದರಿಂದ ಹೃದಯ ಆರೋಗ್ಯಕ್ಕಾದರೂ ಸರಿ ಮನೆಯಲ್ಲಿಯೇ ಸೂಪ್ ತಯಾರಿಸಿ ಸೇವಿಸಿ,Negetive,Nutral,ಆದ್ದರಿಂದ
112,ಸಿನೇಮಾ ಪರದೆಯ ಹತ್ತು ಪಟ್ಟು ದೊಡ್ಡ ಭಿತ್ತಿಚಿತ್ರಗಳಲ್ಲಿ ಹುರಿದ ಕೋಳಿಯ ಚಿತ್ರವನ್ನು ನೋಡಿದರೆ ಬಾಯಲ್ಲಿ ನೀರೂರದಿರುವ ವ್ಯಕ್ತಿಯೇ ಇರಲಾರರು ಆದರೆ ಇವು ಎಷ್ಟೇ ಸುಂದರವಾಗಿದ್ದರೂ ಹೃದಯಕ್ಕೆ ಮಾತ್ರ ವಿಷವೇ ಸರಿ,Nutral,Negetive,ಆದರೆ
113,ಇವುಗಳ ಪ್ರಮಾಣ ಹೆಚ್ಚಾದರೆ ಹೃದಯಕ್ಕೆ ಅಪಾರಕಾರಿಯಾಗಿವೆ ಆದ್ದರಿಂದ ಮಾರುಕಟ್ಟೆಯಲ್ಲಿ ಸಿಗುವ ಸಿದ್ದ ಬರ್ಗರ್ ಗಳಿಗಿಂತ ಮನೆಯಲ್ಲಿಯೇ ತಯಾರಿಸಿ ಸವಿಯುವುದು ಜಾಣತನದ ಕ್ರಮವಾಗಿದೆ,Negetive,Nutral,ಆದ್ದರಿಂದ
114,ಕುರುಕು ತಿಂಡಿಗಳ ಮೇಲೆ ಉಪ್ಪನ್ನು ತೆಳುವಾಗಿ ಸಿಂಪಡಿಸಿರುತ್ತಾರೆ ಆದರೆ ಒಂದು ಪ್ರಮಾಣದ ಉಪ್ಪಿನ ಚಿಪ್ಸ್ ನಲ್ಲಿಯೂ 155 ಕ್ಯಾಲೋರಿ 106 ಗ್ರಾಂ ಕೊಬ್ಬು ಹಾಗೂ 149 mg ಸೋಡಿಯಂ ಇದೆ,Nutral,Nutral,ಆದರೆ
115,ಈ ಅಭ್ಯರ್ಥಿಗಳ ಧ್ಯೇಯವನ್ನು ಗುರುತಿಸಿ ಅವರನ್ನು ಸೋಸುವುದು ಅವಶ್ಯಕ ಆದರೆ ಪರಿಸ್ಥಿತಿಯು ಹಾಗಿಲ್ಲವೆಂಬುದು ಅಚ್ಚರಿ,Nutral,Nutral,ಆದರೆ
116,ಯಾರಾದರೂ ಹೂಬಿಡುವ ಗಿಡವನ್ನ ಬೆಳೆಸಲು ಬಯಸಿದರೆ ಮೊದಲು ಕಳೆಯನ್ನು ಕೀಳಬೇಕಾದುದು ಅತ್ಯವಶ್ಯಕ ಏಕೆಂದರೆ ಅವು ಹೂವುಗಳು ಚೆನ್ನಾಗಿ ಬೆಳೆಯಲು ಅವು ಅಡ್ಡಿಯನ್ನುಂಟುಮಾಡುತ್ತವೆ,Nutral,Negetive,ಏಕೆಂದರೆ
117,ಗೀತೆ ಮತ್ತು ಅದ್ವೈತಗಳು ಆವಶ್ಯಕ ಎಂಬುದೇನೋ ನಿಜ ಆದರೆ ನಾವು ಪ್ರಾಯೋಗಿಕವಾದ ಸಾಮಾಜಿಕ ಮತ್ತು ರಾಜಕೀಯ ಪಠ್ಯಗಳನ್ನೂ ಪರಿಚಯಿಸಬೇಕಿದೆ,Nutral,Nutral,ಆದರೆ
118,ಕ್ರಿಶ್ಚಿಯಾನಿಟಿ ಅಥವಾ ಇಸ್ಲಾಂನ ಪ್ರಕಾರ ಅವರು ಕ್ರೈಸ್ತರು ಅಥವಾ ಮುಸ್ಲಿಮರು ಆಗಿರಬಹುದು ಆದರೆ ಅವರು ತಮ್ಮ ಮತಾವಲಂಬಿಗಳು ಹಿಂದೆ ನಡೆಸಿದ ಅಪರಾಧಗಳನ್ನು ಒಪ್ಪಲಾರರು,Nutral,Negetive,ಆದರೆ
119,ಅವರು ಭಾಂಗ್ರಾ ಬಾಲಿವುಡ್ ಕ್ರಿಕೆಟ್ ಮತ್ತು ಇನ್ನಿತರೆ ವಿಷಯಗಳ ಬಗ್ಗೆ ಅರಿತಿರಬಹುದು ಆದರೆ ತಮ್ಮ ಸಂಸ್ಕೃತಿಯು ಏಕೆ ವಿಶಿಷ್ಟವಾಗಿದೆ ಎಂಬುದನ್ನು ಅವರು ಅರಿಯರು,Positive,Negetive,ಆದರೆ
120,ಮಾರುಕಟ್ಟೆಯಲ್ಲಿ ಬಿಸಿಲಿನ ಝಳದಿಂದ ಪಾರಾಗಲು ನೂರಾರು ರಾಸಾಯನಿಕ ಆಧಾರಿತ ದುಬಾರಿ ಪ್ರಸಾಧನಗಳಿವೆ ಆದರೆ ಇವು ಒಳ್ಳೆಯದು ಮಾಡುವುದಕ್ಕಿಂತ ಅಡ್ಡಪರಿಣಾಮಗಳ ಮೂಲಕ ದೀರ್ಘಕಾಲದಲ್ಲಿ ಕೆಡುಕು ಮಾಡುವುದೇ ಹೆಚ್ಚು,Nutral,Negetive,ಆದರೆ
121,ವಿಶೇಷವಾಗಿ ಕೋಮಲ ತ್ವಚೆಗೆ ಇವು ಹೆಚ್ಚಿನ ಕೆಡುಕನ್ನುಂಟುಮಾಡಬಹುದು ಆದ್ದರಿಂದ ನಮ್ಮ ಅಡುಗೆಮನೆಯಲ್ಲಿ ಸುಲಭವಾಗಿ ಲಭಿಸುವ ನೈಸರ್ಗಿಕ ಸಾಮಾಗ್ರಿಗಳೇ ತ್ವಚೆಗೆ ಸುರಕ್ಷಿತವಾಗಿದ್ದು ಯಾವುದೇ ಅಡ್ಡಪರಿಣಾಮಗಳಿರುವುದಿಲ್ಲ,Negetive,Positive,ಆದ್ದರಿಂದ
122,ಅಲ್ಲದೇ ಗರ್ಭಿಣಿಯರು ಕದ್ದು ಮುಚ್ಚಿ ಕೆಲವು ಆಹಾರಗಳನ್ನು ಸೇವಿಸುತ್ತಾರೆ ಆದರೆ ಇವರಿಗೆ ಅರಿವೇ ಇಲ್ಲದೇ ಈ ಆಹಾರಗಳು ಮಾರಕ ಪರಿಣಾಮ ಬೀರಬಲ್ಲವು,Nutral,Negetive,ಆದರೆ
123,ಒಂದು ವೇಳೆ ಗರ್ಭಿಣಿ ಮಧುಮೇಹಿ ರೋಗಿಯಾಗಿದ್ದರೆ ಮಾವಿನ ಹಣ್ಣಿನ ಪ್ರಮಾಣವನ್ನು ಅತಿ ಕಡಿಮೆ ಸೇವಿಸಬೇಕು ಏಕೆಂದರೆ ಮಾವಿನ ಹಣ್ಣಿನಲ್ಲಿ ಅತಿ ಹೆಚ್ಚಿನ ಸಕ್ಕರೆ ಅಂಶ ಇರುತ್ತದೆ,Nutral,Nutral,ಏಕೆಂದರೆ
124,ಇಂದು ಮಾರುಕಟ್ಟೆಯಲ್ಲಿ ರಾಸಾಯನಿಕಗಳನ್ನು ಬಳಸಿ ಒಂದೇ ರಾತ್ರಿಯಲ್ಲಿ ಹಣ್ಣು ಮಾಡಲಾಗಿರುವ ಹಣ್ಣುಗಳೇ ಸುಂದರವಾಗಿ ಕಾಣುತ್ತವೆ ಆದರೆ ಇವು ಆರೋಗ್ಯಕರವಲ್ಲ,Positive,Negetive,ಆದರೆ
125,ಅಲ್ಲಿಂದ ೬ ತಿಂಗಳ ನಂತರ ನಮ್ಮ ಕಬ್ಬಿನಾಡುಸೀಮೆಗೆ ಶ್ರೀಗಳು ಬಂದಾಗ ಪರಿಷತ್ತು ಪುನರ್ರಚನೆಯ ಸಂದರ್ಭ ನನಗೆ ಸೀಮಾ ಅಧ್ಯಕ್ಷನಾಗಿ ಕೆಲಸ ಮಾಡುವ ಸಾಮರ್ಥ್ಯವಿದೆ ಎಂದು ಸೀಮೆ ಅಭಿಪ್ರಾಯ ಪಟ್ಟಿತು ಆದರೆ ನಾನು ಈ ವಿಚಾರದಲ್ಲಿ ಸಣ್ಣವನೆಂದು ಹೇಳಿ ನನ್ನಿಂದ ಆಗದ ಕೆಲಸವೆಂದು ಶ್ರೀಗಳಲ್ಲಿ ವಿನಂತಿಸಿದೆ,Positive,Negetive,ಆದರೆ
126,ಮೆಕ್ಸಿಕೋ ದೇಶದ ರಾಜಧಾನಿ ಮೆಕ್ಸಿಕೋ ಸಿಟಿ ಸುಂದರ ಹಾಗೂ ಸ್ವತಂತ್ರ ಮಹಿಳೆಯರಿಗಾಗಿ ಹೆಸರುವಾಸಿಯಾಗಿದೆ ವಿಶ್ವವಿಖ್ಯಾತ ನಟಿ ಸಲ್ಮಾ ಹಾಯೆಕ್ ಸಹಾ ಈ ನಗರದವರೇ ಆದರೆ ಈ ನಗರದಲ್ಲಿ ತೆರೆದೆದೆಯ ಪ್ರದರ್ಶನಕ್ಕೆ ನಿಷೇಧವಿದ್ದು ಯಾವುದೇ ರೀತಿಯಲ್ಲಿ ತೆರೆದೆದೆಯ ಮಹಿಳೆಯರು ಸಾರ್ವಜನಿಕವಾಗಿ ಕಾಣಿಸಿಕೊಳ್ಳದಂತೆ ಕಾನೂನು ರಚಿಸಲಾಗಿದೆ,Positive,Negetive,ಆದರೆ
127,ಜಗತ್ತಿನಲ್ಲಿ ಆಭಿವೃದ್ಧಿ ಪಥದಲ್ಲಿ ದಾಪುಗಾಲು ಹಾಕುತ್ತಿರುವ ದೇಶಗಳಲ್ಲಿ ಅರ್ಲೆಂಡ್ ಸಹಾ ಒಂದು ಆದರೆ ಅಭಿವೃದ್ದಿಯ ಹೆಸರಿನಲ್ಲಿ ತೆರೆದೆದೆಯ ಪ್ರದರ್ಶನಕ್ಕೆ ಈ ದೇಶದಲ್ಲಿ ಅವಕಾಶವಿಲ್ಲ,Positive,Negetive,ಆದರೆ
128,ಇಲ್ಲಿನ ನಾಯಕರು ಕಾನೂನು ಉಲ್ಲಂಘಿಸಿ ತೆರೆದೆದೆಯನ್ನು ಸಾರ್ವಜನಿಕವಾಗಿ ಪ್ರದರ್ಶಿಸಿ ಮೆರೆಯುತ್ತಾರೆ ಆದರೆ ಈ ದೇಶದ ಮಹಿಳೆಯರಿಗೆ ಮಾತ್ರ ತೆರೆದೆದೆಯ ಪ್ರದರ್ಶನಕ್ಕೆ ಅವಕಾಶವಿಲ್ಲ ಮಾಡಿದರೆ ಐವತ್ತು ಯೂರೋ ದಂಡ!,Nutral,Negetive,ಆದರೆ
129,ಈ ದೇಶದ ಕಾನೂನುಗಳು ರಾಷ್ಟ್ರನಾಯಕರಿಗೊಂದು ಸಾರ್ವಜನಿಕರಿಗೊಂದು ಎಂಬಂತೆ ಬಳಕೆಯಾಗುತ್ತಿರುವ ವಿರುದ್ದ ಈ ದೇಶದ ಜನತೆಗೆ ಭಾರೀ ಅಸಮಾಧಾನವಿದೆ ಏಕೆಂದರೆ ಇಲ್ಲಿನ ನಾಯಕರು ಕಾನೂನು ಉಲ್ಲಂಘಿಸಿ ತೆರೆದೆದೆಯನ್ನು ಸಾರ್ವಜನಿಕವಾಗಿ ಪ್ರದರ್ಶಿಸಿ ಮೆರೆಯುತ್ತಾರೆ,Negetive,Negetive,ಏಕೆಂದರೆ
130,ಕೆಲವು ವ್ಯಕ್ತಿಗಳು ಸಾಕಷ್ಟು ಧನಾತ್ಮಕ ವರ್ತನೆ ಹಾಗೂ ಸ್ವಭಾವವನ್ನು ಹೊಂದಿರುತ್ತಾರೆ ಆದರೆ ಕೆಲವೊಮ್ಮೆ ಅವರು ತೆಗೆದುಕೊಳ್ಳುವ ನಿರ್ಧಾರ ಅಥವಾ ತೋರುವ ವರ್ತನೆಗಳು ಸುತ್ತಲಿನ ವ್ಯಕ್ತಿಗಳಿಗೆ ನೋವನ್ನುಂಟುಮಾಡಬಹುದು,Positive,Negetive,ಆದರೆ
131,ಕೆಲವು ವರ್ತನೆಗಳಿಂದ ಇತರರಿಗೆ ಗಾಢವಾದ ಪ್ರೇರಣೆಯನ್ನು ನೀಡುವಂತಹ ವ್ಯಕ್ತಿಗಳಾಗ ಬಹುದು ಇವರು ತಮ್ಮ ವರ್ತನೆಗಳಿಂದ ಇತರರಿಗೆ ಏನಾಗಬಹುದು ಎನ್ನುವುದು ಅರಿತಿರುತ್ತಾರೆ ಆದರೆ ತಮ್ಮ ಆದ್ಯತೆಗಳಿಗೆ ಹೆಚ್ಚಿನ ಮಹತ್ವ ನೀಡುವುದರಿಂದ ಇತರರ ಅವಶ್ಯಕತೆಗಳನ್ನು ನಿರ್ಲಕ್ಷಿಸುವರು,Positive,Negetive,ಆದರೆ
132,ಈ ರಾಶಿಯವರ ಚಿಂತನೆಗಳು ಯಾವಾಗಲೂ ಮೋಡಗಳಂತೆ ಚಲಿಸುತ್ತಲಿರುತ್ತವೆ ಎನ್ನಲಾಗುವುದು ಆದರೆ ಅವರಲ್ಲಿ ಸಾಕಷ್ಟು ಹಾಸ್ಯಾಸ್ಪದ ಹಾಗೂ ನಾಟಕೀಯ ವರ್ತನೆಗಳು ಇರುತ್ತವೆ ಎನ್ನಲಾಗುವುದು,Positive,Positive,ಆದರೆ
133,ಮೀನು ಮಾರುಕಟ್ಟೆಯ ಬಳಿ ಮೀನು ಹೇರಿಕೊಂಡು ಬರುವ ಲಾರಿಗಳು ರಸ್ತೆಗೆ ಅಡ್ಡಲಾಗಿ ನಿಲ್ಲುತ್ತಿರುವುದರಿಂದ ವಾಹನ ಸಂಚಾರಕ್ಕೆ ತೊಂದರೆಯಾಗುತ್ತಿದೆ ಮತ್ತು ಅಲ್ಲಿ ಪಾರ್ಕಿಂಗ್ ವ್ಯವಸ್ಥೆಯೂ ಇಲ್ಲ ಹಾಗೂ ನೋ ಪಾರ್ಕಿಂಗ್ ಬೋರ್ಡ್ ನಪಂ ವತಿಯಿಂದ ಅಳವಡಿಸದಿರುವುದರಿಂದ ಅಪಘಾತಗಳು ನಡೆಯುತ್ತಿದೆ ಆದ್ದರಿಂದ ನೋ ಪಾರ್ಕಿಂಗ್ ಬೋರ್ಡ್ ಅಳವಡಿಸುವುದು ಮತ್ತು ಮೀನು ಅನ್ ಲೋಡ್ ಮಾಡಲು ಆ ಸ್ಥಳದಲ್ಲಿ ಅವಕಾಶ ಕಲ್ಪಿಸದಂತೆ ಕರ್ನಾಟಕ ರಕ್ಷಣಾ ವೇದಿಕೆಯವರು ನಗರ ಪಂಚಾಯತ್ಗೆ ಹೋಗಿ ಮುಖ್ಯಾಧಿಕಾರಿಗಳಿಗೆ ಮನವಿ ಸಲ್ಲಿಸಿದ್ದಾರೆ,Negetive,Positive,ಆದ್ದರಿಂದ
134,ಮಾರುಕಟ್ಟೆಗೆ ಮೀನು ತರುವ ಲಾರಿ ಅನ್ಲೋಡ್ ಮಾಡುವಾಗ ಮಾರುಕಟ್ಟೆ ಎದುರಿನ ರಸ್ತೆಯ ಮಧ್ಯಭಾಗದ ವರೆಗೆ ನಿಲ್ಲುವುದರಿಂದ ಸಂಚಾರಕ್ಕೆ ತೊಂದರೆಯಾಗುತ್ತದೆ ಮತ್ತು ಮೀನಿನ ನೀರು ರಸ್ತೆಯಲ್ಲೆ ಕೆಳಗಿನವರೆಗೆ ಹರಿದು ವಾಸನೆ ಬರುತ್ತದೆ ಎಂದು ಜನರು ಜನಪ್ರತಿನಿಧೀಗಳು ಹೇಳುತ್ತಿದ್ದರೂ ನಗರ ಪಂಚಾಯತ್ ಎಚ್ಚೆತ್ತಿರಲಿಲ್ಲ ಆದರೆ ಈಗ ಅಪಘಾತದಲ್ಲಿ ಯುವಕನೊಬ್ಬ ಪ್ರಾಣ ಕಳೆದುಕೊಂಡ ಬಳಿಕ ಎಚ್ಚೆತ್ತ ಪಂಚಾಯತು ಹಳೆಯ ಮಾರುಕಟ್ಟೆಯೊಳಗಡೆ ಮೀನಿನ ವಾಹನ ನಿಲ್ಲಿಸಿ-ಹೊಸ ಮಾರುಕಟ್ಟೆಯ ಗೋಡೆ ಒಡೆದು ದಾರಿ ಮಾಡುವ ನಿರ್ಧಾರಕ್ಕೆ ಬಂದಿರುವುದಾಗಿ ತಿಳಿದು ಬಂದಿದೆ,Negetive,Nutral,ಆದರೆ
135,ನವದೆಹಲಿ (ಪಿಟಿಐ) 2ಜಿ ತರಂಗಾಂತರ ಪ್ರಕರಣದ ವಿವಾದಾತ್ಮಕ ಟಿಪ್ಪಣಿಗೆ ಸಂಬಂಧಿಸಿದಂತೆ ಪಿಚಿದಂಬರಂ ಮತ್ತು ಪ್ರಣವ್ ಮುಖರ್ಜಿ ಅವರ ಮಧ್ಯೆ ~ಕಾರ್ಯ ನಿರ್ವಹಣಾ ಭಿನ್ನಾಭಿಪ್ರಾಯ~ ಇದ್ದದ್ದು ಹೌದು ಎಂದು ಭಾನುವಾರ ಇಲ್ಲಿ ಒಪ್ಪಿಕೊಂಡ ಕೇಂದ್ರ ಕಾನೂನು ಸಚಿವ ಸಲ್ಮಾನ್ ಖುರ್ಷಿದ್ ಅವರು ಆದರೆ ಆಗ ಹಣಕಾಸು ಸಚಿವರಾಗಿದ್ದ ಚಿದಂಬರಂ ಅವರು ಸಂಪುಟ ನಿರ್ಧಾರಕ್ಕೆ ವಿರುದ್ಧವಾಗಿ ಏನೂ ಮಾಡುವಂತಿರಲಿಲ್ಲ ಎಂದು ಪ್ರತಿಪಾದಿಸಿದರು,Nutral,Nutral,ಆದರೆ
136,ದೇಶದ ನಗರ ಪ್ರದೇಶಗಳಲ್ಲೀಗ ಹೊಸ ನೋಟುಗಳ ಪರ್ಯಾಪ್ತ ಲಭ್ಯತೆಯು ಗಮನಾರ್ಹವಾಗಿ ಸುಧಾರಿಸಿದೆ ಆದರೆ ಗ್ರಾಮೀಣ ಭಾಗಗಳಲ್ಲಿ ಈಗಲೂ ನಗದು ಕೊರತೆ ಹಾಗೆಯೇ ಉಳಿದಿದೆ,Positive,Negetive,ಆದರೆ
137,ಈ ವರದಿ ಬಗ್ಗೆ ನನಗೆ ಇನ್ನೂ ಯಾವುದೇ ಮಾಹಿತಿ ಇಲ್ಲ ಆದರೆ ಹಗರಣ ನಡೆದಿರುವುದು ಸ್ಪಷ್ಟವಾದರೆ ತಪ್ಪಿತಸ್ಥರ ವಿರುದ್ಧ ಯಾವುದೇ ಮುಲಾಜಿಲ್ಲದೆ ಕ್ರಮ ಕೈಗೊಳ್ಳಲಾಗುವುದು ಎಂದರು,Nutral,Positive,ಆದರೆ
138,ಹಾಸ್ಟೆಲ್ನಲ್ಲಿ ಹಾವುಗಳ ಸಮಸ್ಯೆ ರೌಡಿಗಳ ಸಮಸ್ಯೆ ಇದೆ ಎಂದಾಗಿದ್ದರೆ ತಕ್ಷಣವೇ ಅಧಿಕಾರಿಗಳನ್ನು ಸ್ಥಳಕ್ಕೆ ಕರೆಸಿ ಸಮಸ್ಯೆ ಬಗೆಹರಿಸುವ ಅಧಿಕಾರ ನರೇಂದ್ರಸ್ವಾಮಿ ಹೊಂದಿದ್ದರು ಆದರೆ ಅಲ್ಲಿ ಏನೂ ಮಾಡಲಿಲ್ಲ ವಿಧಾನಸಭೆಯಲ್ಲಿ ಬಂದು ಇಲಾಖೆಯ ಬಗ್ಗೆ ವ್ಯಂಗ್ಯದ ಮಾತುಗಳನ್ನು ಆಡಿದ್ದಾರೆ,Nutral,Negetive,ಆದರೆ
139,ಸೈದಾಪುರಃ ಮಗು ದೈಹಿಕವಾಗಿ ಸದೃಢನಾಗಿರುವ ಜತೆಗೆ ಆರೋಗ್ಯವಂತನಾಗಿದ್ದಾಗ ಮಾತ್ರ ಶೈಕ್ಷಣಿಕವಾಗಿ ಅಭಿವೃದ್ಧಿ ಹೊಂದಲು ಸಾಧ್ಯವಾಗುತ್ತದೆ ಆದ್ದರಿಂದ ಪ್ರತಿಯೊಬ್ಬರು ಕ್ರೀಡಾ ಚಟುವಟಿಕೆಗಳಲ್ಲಿ ಪಾಲ್ಗೊಳ್ಳಬೇಕು ಎಂದು ಬಳಿಚಕ್ರ ಜಿಪಂ ಸದಸ್ಯ ಭೀಮರಡ್ಡಿಗೌಡ ಹೊಸಗೌಡರ ಕೂಡಲೂರ ವಿದ್ಯಾರ್ಥಿಗಳಿಗೆ ಸಲಹೆ ನೀಡಿದರು,Positive,Positive,ಆದ್ದರಿಂದ
140,ಈ ಸಂದರ್ಭದಲ್ಲಿ ಮಾತನಾಡಿದ ಅವರು 'ನಾನು ಎಂಜಿಆರ್ ಅಲ್ಲ ಆದರೆ ಅವರ ಹಾಗೆ ಬಡವರಿಗೆ ಅನುಕೂಲವಾಗುವ ಕಾರ್ಯಕ್ರಮಗಳನ್ನು ಜಾರಿಗೊಳಿಸುತ್ತೇನೆ' ಎಂದು ಭರವಸೆ ನೀಡಿದರು,Nutral,Positive,ಆದರೆ
141,ಅದಕ್ಕಾಗಿ ಪ್ರತಿವರ್ಷ ಆಗಸ್ಟ್ ಅಥವಾ ಸೆಪ್ಟೆಂಬರ್ ತಿಂಗಳಿನಲ್ಲಿ ದಿನಪತ್ರಿಕೆಗಳಲ್ಲಿ ಪ್ರಕಟಣೆ ನೀಡಿ ಪ್ರಕಾಶಕರು- ಲೇಖಕರಿಂದ ಅರ್ಜಿಗಳನ್ನು ಆಹ್ವಾನಿಸಲಾಗುತ್ತಿತ್ತು ಆದರೆ 2018ನೇ ಸಾಲಿನ ಮೊದಲ ಆರು ತಿಂಗಳಲ್ಲಿ ಪ್ರಕಟಗೊಂಡ ಪುಸ್ತಕಗಳ ಖರೀದಿಗೆ ಸಂಬಂಧಿಸಿದಂತೆ ಪತ್ರಿಕೆಗಳಲ್ಲಿ ಪ್ರಕಟಣೆ ನೀಡದೆ ಇಲಾಖೆಯ ವೆಬ್ಸೈಟ್ ಮೂಲಕ (ತಡವಾಗಿ) ಅರ್ಜಿ ಆಹ್ವಾನಿಸಿ ಜುಲೈ 31ರ ಒಳಗಾಗಿ ಅರ್ಜಿ ಸಲ್ಲಿಸಲು ಸೂಚಿಸಲಾಗಿತ್ತು,Nutral,Nutral,ಆದರೆ
142,ಇತ್ತೀಚಿಗೆ ಸ್ನೇಹಿತೆ ಅಮೃತಾ ಅರೋರಾ ಜೊತೆ ಕೋಮಲ್ ನಹಾತಾ ಶೋ 'ಸ್ಟೇರಿ ನೈಟ್ಸ್' 2 ಕಾರ್ಯಕ್ರಮಕ್ಕೆ ಬಂದಿದ್ದ ಕರೀನಾ ಕಪೂರ್ 'ನಾನು ಹಾಗೂ ಸೈಫ್ ಎರಡನೇ ಮಗುವಿನ ಪ್ಲಾನ್ ಮಾಡ್ತಿದ್ದೇವೆ ಆದರೆ ಎರಡು ವರ್ಷಗಳ ನಂತರ' ಎಂದು ಕರೀನಾ ಹೇಳಿದ್ದಾಳೆ,Nutral,Nutral,ಆದರೆ
143,ಇನ್ನೂ ಕೆಲವರಂತೂ ಬಾಯಿಗೆ ಬಂದ ಹಾಗೆ ಕಾಮೆಂಟ್ ಮಾಡಿದ್ದಾರೆ ಆದರೆ ಈ ಟ್ರೋಲ್ ಗಳು ಪ್ರಿಯಾಂಕಾ ಅವರಿಗೆ ಹಳೆ ವಿಷಯ,Negetive,Nutral,ಆದರೆ
144,ಯಾವುದೂ ಗಿಟ್ಟಲಿಲ್ಲ ಆದರೆ ಒಮ್ಮೆ ಅದೃಷ್ಟ ಖುಲಾಯಿಸಿದ ಮೇಲೆ ಎಲ್ಲರೂ ಕೇಳುವವರೇ ಇದು ಕೀರ್ತಿ ಶಿಖರವೇರಿರುವ ಯೋಗರಾಜ ಭಟ್ಟರ ಹಣೆಬರಹ,Negetive,Nutral,ಆದರೆ
145,ವಿದ್ಯಾರ್ಥಿಗಳು ಅಪಾಯದಿಂದ ಪಾರಾಗಿದ್ದಾರೆ ಆದರೆ 4 ಗಂಟೆಯವರೆಗೂ ಹೇಳಕ್ಕಾಗಲ್ಲ ಎಂದು ಕಿಮ್ಸ್ ವೈದ್ಯರು ಹೇಳಿದ್ದಾರೆ,Positive,Nutral,ಆದರೆ
146,ಭಾನುವಾರ ಈ ಆರ್ಡರ್ ಯುವಕನ ಕೈ ಸೇರಿದೆ ಆದರೆ ಪ್ಯಾಕೇಜ್ ತಗೆದಾಗ ಮೊಬೈಲ್ ಬದಲಿಗೆ ಇಟ್ಟಿಗೆ ಇರುವುದು ನೋಡಿ ಗಾಬರಿಯಾಗಿದ್ದಾನೆ,Nutral,Negetive,ಆದರೆ
147,ಕಾಡು ಶೇಕಡಾ ಭೂಭಾಗದ 33 ರಷ್ಟು ಇರಬೇಕೆಂದು ಪರಿಸರ ವಿಜ್ಞಾನಿಗಳು ಹೇಳಿದ್ದಾರೆ ಆದರೆ ಈಗ ಶೇಕಡಾ 10 ರಷ್ಟೂ ಕಾಡು ಉಳಿದಿಲ್ಲ,Nutral,Negetive,ಆದರೆ
148,ದೆಹಲಿ ಮತ್ತು ಎನ್ ಸಿಆರ್ ಪ್ರದೇಶದಲ್ಲಿ ಪಟಾಕಿ ಸಿಡಿಸುವುದು ನಿಷೇಧ ಮಾಡಿರುವಂತೆ ಸುಪ್ರೀಂಕೋರ್ಟ್ ಆದೇಶ ನೀಡಿದೆ ಆದರೆ ಈ ಆದೇಶವನ್ನು ಮಾರ್ಪಡಿಸಲು ಸುಪ್ರೀಂಕೋರ್ಟ್ ನಿರಾಕರಿಸಿದೆ,Nutral,Negetive,ಆದರೆ
149,"ಅಮೆರಿಕದ ಉಪಾಧ್ಯಕ್ಷ ಮೈಕ್ ಪೆನ್ಸ್ ಕೂಡ ಒಲಿಂಪಿಕ್ಸ್ನ ಉದ್ಘಾಟನಾ ಸಮಾರಂಭದಲ್ಲಿ ಭಾಗವಹಿಸಿದ್ದರು. ಆದರೆ, ಉತ್ತರ ಕೊರಿಯದ ನಿಯೋಗ ಮತ್ತು ಅಮೆರಿಕದ ನಿಯೋಗದ ನಡುವೆ ಯಾವುದೇ ಸಂಪರ್ಕ ಇರಲಿಲ್ಲ.",Nutral,Nutral,ಆದರೆ
150,ಖಾವಿ ಧರಿಸಿದವರಿಗೆ ಹಿಂದುಗಳು ಭಯ-ಭಕ್ತಿಯಿಂದ ನಮಸ್ಕರಿಸುತ್ತಾರೆ. ಆದರೆ ಇತ್ತೀಚಿನ ದಿನಗಳಲ್ಲಿ ಕೆಲ ಖಾವಿಧಾರಿಗಳು ಮಾಡಿರುವ ಅನಾಚಾರದ ಕಾರಣಕ್ಕಾಗಿ ಎಲ್ಲರನ್ನೂ ಒಂದೇ ತಕ್ಕಡಿಯಲ್ಲಿ ತೂಗುವಂತಾಗಿದೆ.,Positive,Negetive,ಆದರೆ
