Sentence,Part1 Sentiment,Part2 Sentiment,Transition Word,part1_sentence,part2_sentence
ಅಸಾದ್ ಅವರು ರಾಸಾಯನಿಕ ಅಸ್ತ್ರಗಳನ್ನು ಅಂತರರಾಷ್ಟ್ರೀಯ ಹಿಡಿತಕ್ಕೆ ನೀಡಿದರ ಯುದ್ಧ ಸ್ಥಗಿತಗೊಳಿಸುವಿರಾ ಎಂ ಪ್ರಶ್ನೆಗೆ ಒಬಾಮಾ ಒಂದು ವೇಳೆ ಅದು ಸಾಧ್ಯವಾದಲ್ಲಿ ನಿಶ್ಚಿತವಾಗಿಯೂ ಎಂದು ಪ್ರತಿಕ್ರಿಯಿಸಿದ್ದಾರೆ,O,P,ಒಂದು ವೇಳೆ,ಅಸಾದ್ ಅವರು ರಾಸಾಯನಿಕ ಅಸ್ತ್ರಗಳನ್ನು ಅಂತರರಾಷ್ಟ್ರೀಯ ಹಿಡಿತಕ್ಕೆ ನೀಡಿದರ ಯುದ್ಧ ಸ್ಥಗಿತಗೊಳಿಸುವಿರಾ ಎಂ ಪ್ರಶ್ನೆಗೆ ಒಬಾಮಾ,ಒಂದು ವೇಳೆ ಅದು ಸಾಧ್ಯವಾದಲ್ಲಿ ನಿಶ್ಚಿತವಾಗಿಯೂ ಎಂದು ಪ್ರತಿಕ್ರಿಯಿಸಿದ್ದಾರೆ
ಸಂಜೆ 6 ಗಂಟೆ ಸುಮಾರಿಗೆ ಬೆಂಕಿ ಹೊತ್ತಿಕೊಂಡಿದ್ದು ಸುಮಾರು ಅರ್ಧ ಗಂಟೆ ಹೊತ್ತಿ ಉರಿದಿದೆ ಈ ವೇಳೆಗೆ ಕೆಲ ಎಕರೆ ಪ್ರದೇಶಗಳಷ್ಟು ಬೆಂಕಿ ಕೆನ್ನಾಲಿಗೆ ವ್ಯಾಪಿಸಿಕೊಂಡಿದ್ದು ಈ ಭಾಗದಲ್ಲಿನ ಔಷಧಿ ಸಸ್ಯಗಳು ಹಾಗೂ ಜೀವ ಜಂತುಗಳು ಬೆಂಕಿಗಾಹುತಿಯಾಗಿವೆ ಆದರೆ ಈ ಕುರಿತು ಪ್ರತಿಕ್ರಿಯಿಸಿರುವ ಮುಂಡರಗಿ ಆರ್‌ಎಫ್‌ಒ ಮಹಾಂತೇಶ ನ್ಯಾಮತಿ ಡೋಣಿ ಬಳಿ ಕೇವಲ ಒಂದೆರಡು ಎಕರೆ ಪ್ರದೇಶದಲ್ಲಿ ಬೆಂಕಿ ಹೊತ್ತಿಕೊಂಡಿತ್ತು ಈ ಬಗ್ಗೆ ಮಾಹಿತಿ ಲಭ್ಯವಾದ 10 ನಿಮಿಷದಲ್ಲಿ ಇಲಾಖೆಯ ಸ್ಕ್ವಾಡ್‌ಗಳು ಸ್ಥಳಕ್ಕೆ ಧಾವಿಸಿ ಬೆಂಕಿ ನಂದಿಸಿದ್ದಾರೆ,N,P,ಆದರೆ,ಸಂಜೆ 6 ಗಂಟೆ ಸುಮಾರಿಗೆ ಬೆಂಕಿ ಹೊತ್ತಿಕೊಂಡಿದ್ದು ಸುಮಾರು ಅರ್ಧ ಗಂಟೆ ಹೊತ್ತಿ ಉರಿದಿದೆ ಈ ವೇಳೆಗೆ ಕೆಲ ಎಕರೆ ಪ್ರದೇಶಗಳಷ್ಟು ಬೆಂಕಿ ಕೆನ್ನಾಲಿಗೆ ವ್ಯಾಪಿಸಿಕೊಂಡಿದ್ದು ಈ ಭಾಗದಲ್ಲಿನ ಔಷಧಿ ಸಸ್ಯಗಳು ಹಾಗೂ ಜೀವ ಜಂತುಗಳು ಬೆಂಕಿಗಾಹುತಿಯಾಗಿವೆ,ಆದರೆ ಈ ಕುರಿತು ಪ್ರತಿಕ್ರಿಯಿಸಿರುವ ಮುಂಡರಗಿ ಆರ್‌ಎಫ್‌ಒ ಮಹಾಂತೇಶ ನ್ಯಾಮತಿ ಡೋಣಿ ಬಳಿ ಕೇವಲ ಒಂದೆರಡು ಎಕರೆ ಪ್ರದೇಶದಲ್ಲಿ ಬೆಂಕಿ ಹೊತ್ತಿಕೊಂಡಿತ್ತು ಈ ಬಗ್ಗೆ ಮಾಹಿತಿ ಲಭ್ಯವಾದ 10 ನಿಮಿಷದಲ್ಲಿ ಇಲಾಖೆಯ ಸ್ಕ್ವಾಡ್‌ಗಳು ಸ್ಥಳಕ್ಕೆ ಧಾವಿಸಿ ಬೆಂಕಿ ನಂದಿಸಿದ್ದಾರೆ
ಸಿನಿಮಾ ತಾರೆಯರೆಂದರೆ ಸಾಮಾನ್ಯವಾಗಿ ಐಷಾರಾಮಿ ಜೀವನ ಕಳೆಯುತ್ತಾರೆ ಜನ ಸಾಮಾನ್ಯರ ಕಷ್ಟನಷ್ಟಗಳ ಅರಿವು ಅವರಿಗಿರುವುದಿಲ್ಲವೆಂಬ ಭಾವನೆ ಇದೆ ಆದರೆ ಎಲ್ಲರೂ ಆ ರೀತಿ ಇರುವುದಿಲ್ಲವೆಂಬುದಕ್ಕೆ ಆನೇಕ ಉದಾಹರಣೆಗಳಿವೆ,N,P,ಆದರೆ,ಸಿನಿಮಾ ತಾರೆಯರೆಂದರೆ ಸಾಮಾನ್ಯವಾಗಿ ಐಷಾರಾಮಿ ಜೀವನ ಕಳೆಯುತ್ತಾರೆ ಜನ ಸಾಮಾನ್ಯರ ಕಷ್ಟನಷ್ಟಗಳ ಅರಿವು ಅವರಿಗಿರುವುದಿಲ್ಲವೆಂಬ ಭಾವನೆ ಇದೆ,ಆದರೆ ಎಲ್ಲರೂ ಆ ರೀತಿ ಇರುವುದಿಲ್ಲವೆಂಬುದಕ್ಕೆ ಆನೇಕ ಉದಾಹರಣೆಗಳಿವೆ
ಪ್ರಪಂಚದಲ್ಲಿ ಅತಿದೊಡ್ಡ ಸಂಖ್ಯೆಯಲ್ಲಿ ಬಳಕೆದಾರರನ್ನು ಹೊಂದಿರುವ ಫೇಸ್‌ಬುಕ್‌ ಸಾಮಾಜಿಕ ಜಾಲತಾಣ ಥೈಲೆಂಡ್‌ನಲ್ಲಿ ತನ್ನ ಮೊದಲ ಕಛೇರಿಯನ್ನು ಸ್ಥಾಪಿಸಿದೆ ಆದರೆ ತನ್ನ ಕಛೇರಿಯನ್ನು ಯಾವ ಪ್ರದೇಶದಲ್ಲಿ ಪ್ರಾರಂಭಿಸುತ್ತದೆ ಎಂಬುದರ ಬಗ್ಗೆ ಮಾಹಿತಿ ಬಹಿರಂಗ ಗೊಳಿಸಿಲ್ಲ,P,O,ಆದರೆ,ಪ್ರಪಂಚದಲ್ಲಿ ಅತಿದೊಡ್ಡ ಸಂಖ್ಯೆಯಲ್ಲಿ ಬಳಕೆದಾರರನ್ನು ಹೊಂದಿರುವ ಫೇಸ್‌ಬುಕ್‌ ಸಾಮಾಜಿಕ ಜಾಲತಾಣ ಥೈಲೆಂಡ್‌ನಲ್ಲಿ ತನ್ನ ಮೊದಲ ಕಛೇರಿಯನ್ನು ಸ್ಥಾಪಿಸಿದೆ,ಆದರೆ ತನ್ನ ಕಛೇರಿಯನ್ನು ಯಾವ ಪ್ರದೇಶದಲ್ಲಿ ಪ್ರಾರಂಭಿಸುತ್ತದೆ ಎಂಬುದರ ಬಗ್ಗೆ ಮಾಹಿತಿ ಬಹಿರಂಗ ಗೊಳಿಸಿಲ್ಲ
ಪತ್ರಿಕೆಯಲ್ಲಿ ಜಾಹೀರಾತುಗಳನ್ನು ಓದುಗರು ಗಂಭೀರವಾಗಿ ಗಮನಿಸುವುದಿಲ್ಲ ಆದರೆ ‘ಮಠ’ ಚಿತ್ರದ ಜಾಹೀರಾತುಗಳನ್ನು ನೋಡಿ ಎರಡು ನಿಮಿಷ ನಗ್ತಾಯಿದ್ದರು ಮಾತಾಡುತ್ತಿದ್ದರು ಅದೇ ಸಾರ್ಥಕತೆ,N,P,ಆದರೆ,ಪತ್ರಿಕೆಯಲ್ಲಿ ಜಾಹೀರಾತುಗಳನ್ನು ಓದುಗರು ಗಂಭೀರವಾಗಿ ಗಮನಿಸುವುದಿಲ್ಲ,ಆದರೆ ‘ಮಠ’ ಚಿತ್ರದ ಜಾಹೀರಾತುಗಳನ್ನು ನೋಡಿ ಎರಡು ನಿಮಿಷ ನಗ್ತಾಯಿದ್ದರು ಮಾತಾಡುತ್ತಿದ್ದರು ಅದೇ ಸಾರ್ಥಕತೆ
ಜನ ತಮ್ಮ ಈ ಅಭಿಪ್ರಾಯ ವ್ಯಕ್ತಪಡಿಸಲು ಹಿಂದೆ ಬೇರೆ ಅವಕಾಶಗಳೇ ಇರಲಿಲ್ಲ ಆದರೆ ಈಗ ನೋಟಾ ಅದಕ್ಕೆ ಅವಕಾಶ ಒದಗಿಸಿದೆ ವ್ಯವಸ್ಥೆಯ ವಿರುದ್ಧ ತನ್ನ ಸಿಟ್ಟನ್ನು ಚುನಾವಣಾ ವ್ಯವಸ್ಥೆಯೊಳಗೇ ವ್ಯಕ್ತಪಡಿಸುವ ಆಯ್ಕೆ ಈಗ ಪ್ರಜ್ಞಾವಂತರಿಗಿದೆ ಅ ಶ್ರೀಧರ್‌,N,P,ಆದರೆ,ಜನ ತಮ್ಮ ಈ ಅಭಿಪ್ರಾಯ ವ್ಯಕ್ತಪಡಿಸಲು ಹಿಂದೆ ಬೇರೆ ಅವಕಾಶಗಳೇ ಇರಲಿಲ್ಲ,ಆದರೆ ಈಗ ನೋಟಾ ಅದಕ್ಕೆ ಅವಕಾಶ ಒದಗಿಸಿದೆ ವ್ಯವಸ್ಥೆಯ ವಿರುದ್ಧ ತನ್ನ ಸಿಟ್ಟನ್ನು ಚುನಾವಣಾ ವ್ಯವಸ್ಥೆಯೊಳಗೇ ವ್ಯಕ್ತಪಡಿಸುವ ಆಯ್ಕೆ ಈಗ ಪ್ರಜ್ಞಾವಂತರಿಗಿದೆ ಅ ಶ್ರೀಧರ್‌
ಲೂಸಿಯಾ ಪವನ್ ಅವರ ಬಗ್ಗೆ ಮಾತನಾಡಿದ ಉಪೇಂದ್ರ ಹಾಲಿವುಡ್ ಸಿನಿಮಾ ಮಾಡುವ ಸಾಮರ್ಥ್ಯ ಇದೆ ಆದ್ದರಿಂದ ನೀವು ಇಂಗ್ಲೀಷ್ ಚಿತ್ರ ನಿರ್ದೇಶನ ಮಾಡಿ ಎಂದು ಸಲಹೆ ನೀಡಿದ್ದಾರೆ,P,O,ಆದ್ದರಿಂದ,ಲೂಸಿಯಾ ಪವನ್ ಅವರ ಬಗ್ಗೆ ಮಾತನಾಡಿದ ಉಪೇಂದ್ರ ಹಾಲಿವುಡ್ ಸಿನಿಮಾ ಮಾಡುವ ಸಾಮರ್ಥ್ಯ ಇದೆ,ಆದ್ದರಿಂದ ನೀವು ಇಂಗ್ಲೀಷ್ ಚಿತ್ರ ನಿರ್ದೇಶನ ಮಾಡಿ ಎಂದು ಸಲಹೆ ನೀಡಿದ್ದಾರೆ
ಸಾಧಾರಣವಾಗಿ ನಮ್ಮ ಕನ್ನಡ ಚಿತ್ರೋದ್ಯಮ ಕಂಪ್ಯೂಟರ್ ಗ್ರಾಫಿಕ್ಸ್ ಗಾಗಿ ಅದಮ್ಯವಾಗಿ ನೆಚ್ಚಿಕೊಂಡಿರುವುದು ಚೆನ್ನೈ ಹಾಗೂ ಹೈದರಾಬಾದ್ ಗಳನ್ನು ಆದರೆ ನಮ್ಮಲ್ಲೇ ಎಲೆಮರೆಯಕಾಯಿಯಂತೆ ಹಲವಾರು ಸಂಸ್ಥೆಗಳಿವೆ ಚೆನ್ನೈ ಹೈದರಾಬಾದಿಗಿಂತಲೂ ಅತ್ಯದ್ಭುತವಾಗಿ ಕಡಿಮೆ ಬಜೆಟ್ ನಲ್ಲಿ ಕಂಪ್ಯೂಟರ್ ಗ್ರಾಫಿಕ್ಸ್ ಹಾಗೂ ಅನಿಮೇಷನ್ ಮಾಡಿಕೊಡುವ ನುರಿತ ತಂತ್ರಜ್ಞರಿದ್ದಾರೆ,O,P,ಆದರೆ,ಸಾಧಾರಣವಾಗಿ ನಮ್ಮ ಕನ್ನಡ ಚಿತ್ರೋದ್ಯಮ ಕಂಪ್ಯೂಟರ್ ಗ್ರಾಫಿಕ್ಸ್ ಗಾಗಿ ಅದಮ್ಯವಾಗಿ ನೆಚ್ಚಿಕೊಂಡಿರುವುದು ಚೆನ್ನೈ ಹಾಗೂ ಹೈದರಾಬಾದ್ ಗಳನ್ನು,ಆದರೆ ನಮ್ಮಲ್ಲೇ ಎಲೆಮರೆಯಕಾಯಿಯಂತೆ ಹಲವಾರು ಸಂಸ್ಥೆಗಳಿವೆ ಚೆನ್ನೈ ಹೈದರಾಬಾದಿಗಿಂತಲೂ ಅತ್ಯದ್ಭುತವಾಗಿ ಕಡಿಮೆ ಬಜೆಟ್ ನಲ್ಲಿ ಕಂಪ್ಯೂಟರ್ ಗ್ರಾಫಿಕ್ಸ್ ಹಾಗೂ ಅನಿಮೇಷನ್ ಮಾಡಿಕೊಡುವ ನುರಿತ ತಂತ್ರಜ್ಞರಿದ್ದಾರೆ
ಇಂದು ವಿಶ್ವದ ಎಲ್ಲೆಡೆ ಸ್ನೇಹದಿನಾಚರಣೆ ಆಚರಿಸಲಾಗುತ್ತದೆ ಸ್ನೇಹಿತರಿಗೆ ಪರಸ್ಪರ ಬ್ಯಾಂಡ್‌ಗಳನ್ನ ಕಟ್ಟಿ ಸಿಹಿ ತಿನ್ನಿಸಿ ಶುಭಾಶಯಗಳನ್ನ ವಿನಿಮಯ ಮಾಡಿಕೊಳ್ಳೊದು ಕಾಮನ್ ಆದರೆ ಕಲಬುರಗಿ‌ ನಗರದ ‘ನಮ್ಮ ಸಂಕಲ್ಪ ಫೌಂಡೇಶನ್ ವತಿಯಿಂದ ಫ್ರೆಂಡ್‌ಶಿಪ್ ಡೇ ಯನ್ನ ವಿಶಿಷ್ಟವಾಗಿ ಪರಿಸರ ದಿನವನ್ನಾಗಿ ಆಚರಿಸಲಾಯಿತು,P,P,ಆದರೆ,ಇಂದು ವಿಶ್ವದ ಎಲ್ಲೆಡೆ ಸ್ನೇಹದಿನಾಚರಣೆ ಆಚರಿಸಲಾಗುತ್ತದೆ ಸ್ನೇಹಿತರಿಗೆ ಪರಸ್ಪರ ಬ್ಯಾಂಡ್‌ಗಳನ್ನ ಕಟ್ಟಿ ಸಿಹಿ ತಿನ್ನಿಸಿ ಶುಭಾಶಯಗಳನ್ನ ವಿನಿಮಯ ಮಾಡಿಕೊಳ್ಳೊದು ಕಾಮನ್,ಆದರೆ ಕಲಬುರಗಿ‌ ನಗರದ ‘ನಮ್ಮ ಸಂಕಲ್ಪ ಫೌಂಡೇಶನ್ ವತಿಯಿಂದ ಫ್ರೆಂಡ್‌ಶಿಪ್ ಡೇ ಯನ್ನ ವಿಶಿಷ್ಟವಾಗಿ ಪರಿಸರ ದಿನವನ್ನಾಗಿ ಆಚರಿಸಲಾಯಿತು
ಬೆಲೆ ಏರಿದಾಗಲೆಲ್ಲ ಜನ ಟೀಕಿಸುತ್ತಾರೆ ಆದರೆ ಇದರಿಂದ ದೇಶಕ್ಕೆ ಲಾಭವಿದೆ ಎಂಬುದನ್ನು ತಿಳಿದುಕೊಳ್ಳಬೇಕು ಎಂದರು,N,P,ಆದರೆ,ಬೆಲೆ ಏರಿದಾಗಲೆಲ್ಲ ಜನ ಟೀಕಿಸುತ್ತಾರೆ,ಆದರೆ ಇದರಿಂದ ದೇಶಕ್ಕೆ ಲಾಭವಿದೆ ಎಂಬುದನ್ನು ತಿಳಿದುಕೊಳ್ಳಬೇಕು ಎಂದರು
ಇಂದು ಖಡ್ಗದ ಮೂಲಕ ಭಯೋತ್ಪಾದನೆ ಜೀವಹಿಂಸೆ ನಡೆಯುತ್ತಿದೆ ಆದರೆ ಬಸವಾದಿ ಶರಣರು ಲೇಖನಿ ಮೂಲಕ ರಕ್ತಪಾತರಹಿತ ಕ್ರಾಂತಿ ಮಾಡಿದರು,N,P,ಆದರೆ,ಇಂದು ಖಡ್ಗದ ಮೂಲಕ ಭಯೋತ್ಪಾದನೆ ಜೀವಹಿಂಸೆ ನಡೆಯುತ್ತಿದೆ,ಆದರೆ ಬಸವಾದಿ ಶರಣರು ಲೇಖನಿ ಮೂಲಕ ರಕ್ತಪಾತರಹಿತ ಕ್ರಾಂತಿ ಮಾಡಿದರು
ಜನ ಆಡಿಕೊಳ್ತಾರೆ ದೇಸಾಯಿ 80 ವರ್ಷ 70 ಮತ್ತು 50 ವರ್ಷದ ನಂತರದವರನ್ನೇ ಹಾಕಿಕೊಂಡು ಸಿನಿಮಾ ಮಾಡಿದ್ದಾರೆ ಅವರನ್ನೆಲ್ಲಾ ಇಟ್ಟುಕೊಂಡು ಎಂಥಾ ಸಿನಿಮಾ ಮಾಡಿದ್ದಾರೋ ಏನೋ ಎಂಬ ಮಾತುಗಳು ಕೇಳಿಬರುತ್ತಿವೆ ಆದರೆ ನೋಡ್ತಾ ಇರಿ ಅಂಥವರಿಗೆ ಈ ಚಿತ್ರ ಏನು ಅನ್ನೋದನ್ನು ಸಾಬೀತುಪಡಿಸುತ್ತೆ ಹಳಬರಾಗಿದ್ದರೂ ಇಲ್ಲಿ ಸೊಗಸು ಸೊಗಡಿದೆ ಅನುಭವಸ್ಥರ ಸಿನಿಮಾ ಆಗಿರುವುದರಿಂದ ನೋಡೋರಿಗೆ ಅಪ್ಪಟ ಮನರಂಜನೆ ಸಿಗುತ್ತೆ,N,P,ಆದರೆ,ಜನ ಆಡಿಕೊಳ್ತಾರೆ ದೇಸಾಯಿ 80 ವರ್ಷ 70 ಮತ್ತು 50 ವರ್ಷದ ನಂತರದವರನ್ನೇ ಹಾಕಿಕೊಂಡು ಸಿನಿಮಾ ಮಾಡಿದ್ದಾರೆ ಅವರನ್ನೆಲ್ಲಾ ಇಟ್ಟುಕೊಂಡು ಎಂಥಾ ಸಿನಿಮಾ ಮಾಡಿದ್ದಾರೋ ಏನೋ ಎಂಬ ಮಾತುಗಳು ಕೇಳಿಬರುತ್ತಿವೆ,ಆದರೆ ನೋಡ್ತಾ ಇರಿ ಅಂಥವರಿಗೆ ಈ ಚಿತ್ರ ಏನು ಅನ್ನೋದನ್ನು ಸಾಬೀತುಪಡಿಸುತ್ತೆ ಹಳಬರಾಗಿದ್ದರೂ ಇಲ್ಲಿ ಸೊಗಸು ಸೊಗಡಿದೆ ಅನುಭವಸ್ಥರ ಸಿನಿಮಾ ಆಗಿರುವುದರಿಂದ ನೋಡೋರಿಗೆ ಅಪ್ಪಟ ಮನರಂಜನೆ ಸಿಗುತ್ತೆ
ಊಟ ಹಂಚಿಕೊಂಡ ಮಾತ್ರಕ್ಕೆ ಭಾವನೆಗಳನ್ನು ಹಂಚಿಕೊಳ್ಳಲು ಸಾದ್ಯ ಇಲ್ಲ ಆದರೆ ಭಾವನೆಗಳನ್ನು ಹಂಚಿಕೊಂಡವರು ಖಂಡಿತ ಊಟವನ್ನು ಹಂಚಿಕ್ಕೊಳ್ಳುತ್ತಾರೆ,N,P,ಆದರೆ,ಊಟ ಹಂಚಿಕೊಂಡ ಮಾತ್ರಕ್ಕೆ ಭಾವನೆಗಳನ್ನು ಹಂಚಿಕೊಳ್ಳಲು ಸಾದ್ಯ ಇಲ್ಲ,ಆದರೆ ಭಾವನೆಗಳನ್ನು ಹಂಚಿಕೊಂಡವರು ಖಂಡಿತ ಊಟವನ್ನು ಹಂಚಿಕ್ಕೊಳ್ಳುತ್ತಾರೆ
ದ್ವಾರಕೀಶ್ ಅವರ ವಿಷ್ಣುವರ್ಧನ ಆಪ್ತಮಿತ್ರ ಚಿತ್ರಗಳು ಮುಖ್ಯ ಥಿಯೇಟರ್ ಸಂತೋಷ್ ನಲ್ಲಿ ತೆರೆ ಕಂಡಿದ್ದು ಯಶಸ್ವಿ ಪ್ರದರ್ಶನ ಕಂಡಿದೆ ಆದ್ದರಿಂದ ದ್ವಾರಕೀಶ್ ಅವರು ತುಂಬಾ ದಿನಗಳ ಹಿಂದೆಯೇ ಈ ಚಿತ್ರಮಂದಿರವನ್ನು ಬುಕ್ ಮಾಡಿಟ್ಟುಕೊಂಡಿದ್ದರಂತೆ,P,O,ಆದ್ದರಿಂದ,ದ್ವಾರಕೀಶ್ ಅವರ ವಿಷ್ಣುವರ್ಧನ ಆಪ್ತಮಿತ್ರ ಚಿತ್ರಗಳು ಮುಖ್ಯ ಥಿಯೇಟರ್ ಸಂತೋಷ್ ನಲ್ಲಿ ತೆರೆ ಕಂಡಿದ್ದು ಯಶಸ್ವಿ ಪ್ರದರ್ಶನ ಕಂಡಿದೆ,ಆದ್ದರಿಂದ ದ್ವಾರಕೀಶ್ ಅವರು ತುಂಬಾ ದಿನಗಳ ಹಿಂದೆಯೇ ಈ ಚಿತ್ರಮಂದಿರವನ್ನು ಬುಕ್ ಮಾಡಿಟ್ಟುಕೊಂಡಿದ್ದರಂತೆ
ಪುಸ್ತಕ ಪ್ರಕಟವಾದರೆ ಅವಳಿಗೆ ಒಂದು ದೊಡ್ಡ ರಿಲೀಫ್ ಅನಿಸಬಹುದು ಆದರೆ ಅವಳ ಖಾಯಿಲೆಯ ಸ್ವರೂಪ ನಮ್ಮೆಲ್ಲರಿಗೂ ಗೊತ್ತು ಎಲ್ಲದಕ್ಕೂ ನಾವು ಮಾನಸಿಕವಾಗಿ ಸಜ್ಜಾಗಲೇಬೇಕು ಎಂದಿದ್ದರು,P,O,ಆದರೆ,ಪುಸ್ತಕ ಪ್ರಕಟವಾದರೆ ಅವಳಿಗೆ ಒಂದು ದೊಡ್ಡ ರಿಲೀಫ್ ಅನಿಸಬಹುದು,ಆದರೆ ಅವಳ ಖಾಯಿಲೆಯ ಸ್ವರೂಪ ನಮ್ಮೆಲ್ಲರಿಗೂ ಗೊತ್ತು ಎಲ್ಲದಕ್ಕೂ ನಾವು ಮಾನಸಿಕವಾಗಿ ಸಜ್ಜಾಗಲೇಬೇಕು ಎಂದಿದ್ದರು
ಉತ್ತರದಿಂದ ಮತ್ತೆ ದಕ್ಷಿಣ ಭಾರತಕ್ಕೆ ನನ್ನ ಅಲೆದಾಟ ಕರೆ ತಂತು ಇಲ್ಲಿನ ಸುಂದರ ದೇಗುಲಗಳಲ್ಲಿ ದೇವರು ಇದ್ದಾನೋ ಇಲ್ಲವೋ ಆದರೆ ಅಲೌಕಿಕ ಅನ್ನಿಸುವ ಆಕರ್ಷಣೆ ಇತ್ತು,O,P,ಆದರೆ,ಉತ್ತರದಿಂದ ಮತ್ತೆ ದಕ್ಷಿಣ ಭಾರತಕ್ಕೆ ನನ್ನ ಅಲೆದಾಟ ಕರೆ ತಂತು ಇಲ್ಲಿನ ಸುಂದರ ದೇಗುಲಗಳಲ್ಲಿ ದೇವರು ಇದ್ದಾನೋ ಇಲ್ಲವೋ,ಆದರೆ ಅಲೌಕಿಕ ಅನ್ನಿಸುವ ಆಕರ್ಷಣೆ ಇತ್ತು
ಯೋಗಿಗಳನ್ನು ಕಂಡು ಅಲೆದಾಟ ನಿಲ್ಲಿಸಿ ಮತ್ತೆ ನನ್ನ ಹಿಂದಿನ ಬದುಕಿಗೆ ಮರಳುವ ವಿಚಾರ ತಿಳಿಸಿದೆ ಆದರೆ ನಾನು ಜೀವನವನ್ನು ನೋಡುವ ದೃಷ್ಟಿ ಬದಲಾಗಿದ್ದು ಅವರ ಗಮನಕ್ಕೆ ಬಂದಿದೆ ಎನ್ನುವಂತೆ ಮುಗುಳ್ನಕ್ಕು ಸಮ್ಮತಿ ಸೂಚಿಸಿದರು,O,P,ಆದರೆ,ಯೋಗಿಗಳನ್ನು ಕಂಡು ಅಲೆದಾಟ ನಿಲ್ಲಿಸಿ ಮತ್ತೆ ನನ್ನ ಹಿಂದಿನ ಬದುಕಿಗೆ ಮರಳುವ ವಿಚಾರ ತಿಳಿಸಿದೆ,ಆದರೆ ನಾನು ಜೀವನವನ್ನು ನೋಡುವ ದೃಷ್ಟಿ ಬದಲಾಗಿದ್ದು ಅವರ ಗಮನಕ್ಕೆ ಬಂದಿದೆ ಎನ್ನುವಂತೆ ಮುಗುಳ್ನಕ್ಕು ಸಮ್ಮತಿ ಸೂಚಿಸಿದರು
ಉತ್ತಮ ಪ್ರಾಜೆಕ್ಟ್ ಗಾಗಿ ಕಾಯುತ್ತಿದ್ದ ಆಕೆ ನಟನೆಗೆ ತಯಾರಿ ಮಾಡಿಕೊಳ್ಳುತ್ತಿದ್ದರು ಆದರೆ ರಾಜೇಂದ್ರ ಪೊನ್ನಪ್ಪ ಸಿನಿಮಾದಲ್ಲಿ ನಟಿಸಲು ಅಪೂರ್ವ ಎರಡನೇ ಮಾತಿಲ್ಲದೇ ಒಪ್ಪಿಕೊಂಡಿದ್ದಾರೆ,O,P,ಆದರೆ,ಉತ್ತಮ ಪ್ರಾಜೆಕ್ಟ್ ಗಾಗಿ ಕಾಯುತ್ತಿದ್ದ ಆಕೆ ನಟನೆಗೆ ತಯಾರಿ ಮಾಡಿಕೊಳ್ಳುತ್ತಿದ್ದರು,ಆದರೆ ರಾಜೇಂದ್ರ ಪೊನ್ನಪ್ಪ ಸಿನಿಮಾದಲ್ಲಿ ನಟಿಸಲು ಅಪೂರ್ವ ಎರಡನೇ ಮಾತಿಲ್ಲದೇ ಒಪ್ಪಿಕೊಂಡಿದ್ದಾರೆ
ನೀಲಿ ಬಣ್ಣದ ಹೂವನ್ನು ಶನಿದೇವರಿಗೆ ಅರ್ಪಿಸಲು ಆಗದವರು ಅದನ್ನು ನಿಮ್ಮ ಜೇಬಿನಲ್ಲಿಟ್ಟುಕೊಳ್ಳಿ ಅಥವಾ ಕರಿಎಳ್ಳನ್ನು ಜೇಬಿನಲ್ಲಿಟ್ಟುಕೊಂಡರೆ ದುಃಖ ದೌರ್ಭಾಗ್ಯಗಳು ದೂರವಾಗುತ್ತವೆ,O,P,ಅಥವಾ,ನೀಲಿ ಬಣ್ಣದ ಹೂವನ್ನು ಶನಿದೇವರಿಗೆ ಅರ್ಪಿಸಲು ಆಗದವರು ಅದನ್ನು ನಿಮ್ಮ ಜೇಬಿನಲ್ಲಿಟ್ಟುಕೊಳ್ಳಿ,ಅಥವಾ ಕರಿಎಳ್ಳನ್ನು ಜೇಬಿನಲ್ಲಿಟ್ಟುಕೊಂಡರೆ ದುಃಖ ದೌರ್ಭಾಗ್ಯಗಳು ದೂರವಾಗುತ್ತವೆ
ಪಕ್ಷ ಅವಕಾಶ ನೀಡಿದರೆ ಈ ಸಲ ಜೆಡಿಎಸ್ ನಿಂದ ಸ್ಪರ್ದಿಸುತ್ತೇನೆ ಒಂದು ವೇಳೆ ಟಿಕೇಟ್ ಸಿಗದೇ ಇದ್ದರೂ ಪಕ್ಷ ಹೇಳುವ ಅಭ್ಯರ್ಥಿಯ ಗೆಲುವಿಗಾಗಿ ದುಡಿಯುತ್ತೇನೆ,P,P,ಒಂದು ವೇಳೆ,ಪಕ್ಷ ಅವಕಾಶ ನೀಡಿದರೆ ಈ ಸಲ ಜೆಡಿಎಸ್ ನಿಂದ ಸ್ಪರ್ದಿಸುತ್ತೇನೆ,ಒಂದು ವೇಳೆ ಟಿಕೇಟ್ ಸಿಗದೇ ಇದ್ದರೂ ಪಕ್ಷ ಹೇಳುವ ಅಭ್ಯರ್ಥಿಯ ಗೆಲುವಿಗಾಗಿ ದುಡಿಯುತ್ತೇನೆ
ಈ ರೀತಿ ಕೃತ್ಯ ಎಸಗಿದವರನ್ನು ಪತ್ತೆ ಹಚ್ಚಲು ಯತ್ನಿಸಿದರೂ ಸಾಧ್ಯವಾಗಲಿಲ್ಲ ಆದರೆ ಇಂಥಾ ಕೃತ್ಯಗಳನ್ನು ಇನ್ನು ಮುಂದೆ ಎಸಗದಂತೆ ಎಚ್ಚರವಹಿಸಲು ಜಂಕ್ಷನ್‍ನಲ್ಲಿ ಪೊಲೀಸರನ್ನು ನಿಯೋಜಿಸಲಾಗಿದೆ ಎಂದಿದ್ದಾರೆ ಅವರು,N,P,ಆದರೆ,ಈ ರೀತಿ ಕೃತ್ಯ ಎಸಗಿದವರನ್ನು ಪತ್ತೆ ಹಚ್ಚಲು ಯತ್ನಿಸಿದರೂ ಸಾಧ್ಯವಾಗಲಿಲ್ಲ,ಆದರೆ ಇಂಥಾ ಕೃತ್ಯಗಳನ್ನು ಇನ್ನು ಮುಂದೆ ಎಸಗದಂತೆ ಎಚ್ಚರವಹಿಸಲು ಜಂಕ್ಷನ್‍ನಲ್ಲಿ ಪೊಲೀಸರನ್ನು ನಿಯೋಜಿಸಲಾಗಿದೆ ಎಂದಿದ್ದಾರೆ ಅವರು
ಈ ಎಪಿಸೋಡ್ ಅಕ್ಟೋಬರ್ 2 ರಂದು ಪ್ರಸಾರವಾಗಲಿದ್ದು ಬಿನಿತಾ ಜೈನ್ ಅವರು 7 ಕೋಟಿಯನ್ನ ಪ್ರಶ್ನೆಯನ್ನ ಎದುರಿಸಲಿದ್ದಾರೆ ಎನ್ನಲಾಗುತ್ತಿದೆ ಒಂದು ವೇಳೆ ಈ ಪ್ರಶ್ನೆಗೆ ಸರಿಯಾದ ಉತ್ತರ ಕೊಟ್ಟರ ಏಳು ಕೋಟಿ ಗೆಲ್ಲುವ ಮೂಲಕ ಇತಿಹಾಸ ನಿರ್ಮಾಣ ಮಾಡಲಿದ್ದಾರೆ,O,P,ಒಂದು ವೇಳೆ,ಈ ಎಪಿಸೋಡ್ ಅಕ್ಟೋಬರ್ 2 ರಂದು ಪ್ರಸಾರವಾಗಲಿದ್ದು ಬಿನಿತಾ ಜೈನ್ ಅವರು 7 ಕೋಟಿಯನ್ನ ಪ್ರಶ್ನೆಯನ್ನ ಎದುರಿಸಲಿದ್ದಾರೆ ಎನ್ನಲಾಗುತ್ತಿದೆ,ಒಂದು ವೇಳೆ ಈ ಪ್ರಶ್ನೆಗೆ ಸರಿಯಾದ ಉತ್ತರ ಕೊಟ್ಟರ ಏಳು ಕೋಟಿ ಗೆಲ್ಲುವ ಮೂಲಕ ಇತಿಹಾಸ ನಿರ್ಮಾಣ ಮಾಡಲಿದ್ದಾರೆ
ಇಂದಿನ ದಿನಗಳಲ್ಲಿ ಹೆಚ್ಚಿನವರಿಗೆ ತಮ್ಮ ದೇಹದ ಬಗ್ಗೆ ಕಾಳಜಿ ಬಂದಿದೆ ಮತ್ತು ಅದರ ಫಿಟ್ನೆಸ್ ಕಡೆ ಗಮನ ಹರಿಸುತ್ತಿದ್ದಾರೆ ಇದು ಒಳ್ಳೆಯ ಸಂಕೇತ ಕೂಡ ಆದರೆ ದೇಹದ ತೂಕವನ್ನು ಸಮತೋಲನದಲ್ಲಿಡಲು ಸರಿಯಾದ ಕ್ರಮ ಅಳವಡಿಸಿಕೊಳ್ಳಬೇಕು,P,O,ಆದರೆ,ಇಂದಿನ ದಿನಗಳಲ್ಲಿ ಹೆಚ್ಚಿನವರಿಗೆ ತಮ್ಮ ದೇಹದ ಬಗ್ಗೆ ಕಾಳಜಿ ಬಂದಿದೆ ಮತ್ತು ಅದರ ಫಿಟ್ನೆಸ್ ಕಡೆ ಗಮನ ಹರಿಸುತ್ತಿದ್ದಾರೆ ಇದು ಒಳ್ಳೆಯ ಸಂಕೇತ ಕೂಡ,ಆದರೆ ದೇಹದ ತೂಕವನ್ನು ಸಮತೋಲನದಲ್ಲಿಡಲು ಸರಿಯಾದ ಕ್ರಮ ಅಳವಡಿಸಿಕೊಳ್ಳಬೇಕು
ರಾಗಿಯಲ್ಲಿ ಉತ್ತಮ ಪ್ರಮಾಣದ ಕಬ್ಬಿಣದ ಅಂಶವಿದೆ ಇದು ರಕ್ತದಲ್ಲಿರುವ ಹೀಮೋಗ್ಲೋಬಿನ್ ಪ್ರಮಾಣವನ್ನು ಹೆಚ್ಚಿಸಲು ನೆರವಾಗುತ್ತದೆ ಒಂದು ವೇಳೆ ರಾಗಿಯನ್ನು ಮೊಳಕೆ ಬರಿಸಿ ಸೇವಿಸಿದರೆ ಇದರಲ್ಲಿರುವ ವಿಟಮಿನ್ ಸಿ ಪ್ರಮಾಣ ಹೆಚ್ಚುತ್ತದೆ ಹಾಗೂ ಹೆಚ್ಚಿನ ಪ್ರಮಾಣದ ಕಬ್ಬಿಣ ರಕ್ತ ಸೇರಲು ಸಾಧ್ಯವಾಗುತ್ತದೆ,P,P,ಒಂದು ವೇಳೆ,ರಾಗಿಯಲ್ಲಿ ಉತ್ತಮ ಪ್ರಮಾಣದ ಕಬ್ಬಿಣದ ಅಂಶವಿದೆ ಇದು ರಕ್ತದಲ್ಲಿರುವ ಹೀಮೋಗ್ಲೋಬಿನ್ ಪ್ರಮಾಣವನ್ನು ಹೆಚ್ಚಿಸಲು ನೆರವಾಗುತ್ತದೆ,ಒಂದು ವೇಳೆ ರಾಗಿಯನ್ನು ಮೊಳಕೆ ಬರಿಸಿ ಸೇವಿಸಿದರೆ ಇದರಲ್ಲಿರುವ ವಿಟಮಿನ್ ಸಿ ಪ್ರಮಾಣ ಹೆಚ್ಚುತ್ತದೆ ಹಾಗೂ ಹೆಚ್ಚಿನ ಪ್ರಮಾಣದ ಕಬ್ಬಿಣ ರಕ್ತ ಸೇರಲು ಸಾಧ್ಯವಾಗುತ್ತದೆ
ರೆಬಲ್​ ಸಹೋದರರ ಸಂಧಾನ ಯಶಸ್ವಿಯೇನೋ ಆಯಿತು ಆದರೆ ಪರಿಸ್ಥಿತಿ ಬೂದಿ ಮುಚ್ಚಿದ ಕೆಂಡವೆ,P,O,ಆದರೆ,ರೆಬಲ್​ ಸಹೋದರರ ಸಂಧಾನ ಯಶಸ್ವಿಯೇನೋ ಆಯಿತು,ಆದರೆ ಪರಿಸ್ಥಿತಿ ಬೂದಿ ಮುಚ್ಚಿದ ಕೆಂಡವೆ
ಮಾಹಿ ಈ ವರ್ಷ ಕೇವಲ 7 ಬಾರಿಯಷ್ಟೇ ಟ್ವಿಟರ್​ನಲ್ಲಿ ತಮ್ಮ ಅನುಭವ/ನಿಲುವು/ಮಾತುಗಳನ್ನು ಪೋಸ್ಟ್ ಮಾಡಿದ್ದಾರೆ ಆದರೆ ಅವರ ಪ್ರತಿಯೊಂದು ಟ್ವೀಟ್​ನ್ನು ಜನರು ಬಹಳಷ್ಟು ಇಷ್ಟ ಪಟ್ಟಿದ್ದಾರೆ,O,P,ಆದರೆ,ಮಾಹಿ ಈ ವರ್ಷ ಕೇವಲ 7 ಬಾರಿಯಷ್ಟೇ ಟ್ವಿಟರ್​ನಲ್ಲಿ ತಮ್ಮ ಅನುಭವ/ನಿಲುವು/ಮಾತುಗಳನ್ನು ಪೋಸ್ಟ್ ಮಾಡಿದ್ದಾರೆ,ಆದರೆ ಅವರ ಪ್ರತಿಯೊಂದು ಟ್ವೀಟ್​ನ್ನು ಜನರು ಬಹಳಷ್ಟು ಇಷ್ಟ ಪಟ್ಟಿದ್ದಾರೆ
ಯಾರಿಗೆ ತಾನೆ ತಾನು ಸುಂದರವಾಗಿ ಕಾಣಬೇಕು ಎಂಬ ಬಯಕೆ ಇರುವುದಿಲ್ಲ ಹೇಳಿ? ಸೌಂದರ್ಯ ಹೆಚ್ಚಿಸಿಕೊಳ್ಳಲು ಬಹಳ ಮಂದಿ ಸೌಂದರ್ಯವರ್ಧಕ ಬ್ಯೂಟಿ ಪಾರ್ಲರ್ ಮೊರೆ ಹೋಗುತ್ತಾರೆ ಆದರೆ ಅದಕ್ಕಿಂತಲೂ ಅಗ್ಗದ ಪರಿಣಾಮಕಾರಿ ವಿಧಾನವೊಂದು ಸೌಂದರ್ಯ ಹೆಚ್ಚಿಸಿಕೊಳ್ಳುವುದಕ್ಕೆ ಸಹಕಾರಿಯಾಗುತ್ತದೆ,O,P,ಆದರೆ,ಯಾರಿಗೆ ತಾನೆ ತಾನು ಸುಂದರವಾಗಿ ಕಾಣಬೇಕು ಎಂಬ ಬಯಕೆ ಇರುವುದಿಲ್ಲ ಹೇಳಿ? ಸೌಂದರ್ಯ ಹೆಚ್ಚಿಸಿಕೊಳ್ಳಲು ಬಹಳ ಮಂದಿ ಸೌಂದರ್ಯವರ್ಧಕ ಬ್ಯೂಟಿ ಪಾರ್ಲರ್ ಮೊರೆ ಹೋಗುತ್ತಾರೆ,ಆದರೆ ಅದಕ್ಕಿಂತಲೂ ಅಗ್ಗದ ಪರಿಣಾಮಕಾರಿ ವಿಧಾನವೊಂದು ಸೌಂದರ್ಯ ಹೆಚ್ಚಿಸಿಕೊಳ್ಳುವುದಕ್ಕೆ ಸಹಕಾರಿಯಾಗುತ್ತದೆ
ಉತ್ತಮ ಆರೋಗ್ಯ ಹಾಗೂ ಸೌಂದರ್ಯ ಎರಡೂ ಒಂದೇ ಮುಖದ ಎರಡು ನಾಣ್ಯಗಳು ಉತ್ತಮ ಆರೋಗ್ಯ ಕಾಪಾಡಿಕೊಳ್ಳದೇ ಸೌಂದರ್ಯವನ್ನು ಕಾಪಾಡಿಕೊಳ್ಳುವುದು ಸಾಧ್ಯವಿಲ್ಲ ಆದ್ದರಿಂದ ಸ್ವಾಭಾವಿಕ ಸೌಂದರ್ಯ ಬೇಕಿದ್ದರೆ ಯೋಗ ಮಾಡುವುದು ಸೂಕ್ತ ಎನ್ನುತ್ತಾರೆ ಸೌಂದರ್ಯ ತಜ್ಞರು,O,O,ಆದ್ದರಿಂದ,ಉತ್ತಮ ಆರೋಗ್ಯ ಹಾಗೂ ಸೌಂದರ್ಯ ಎರಡೂ ಒಂದೇ ಮುಖದ ಎರಡು ನಾಣ್ಯಗಳು ಉತ್ತಮ ಆರೋಗ್ಯ ಕಾಪಾಡಿಕೊಳ್ಳದೇ ಸೌಂದರ್ಯವನ್ನು ಕಾಪಾಡಿಕೊಳ್ಳುವುದು ಸಾಧ್ಯವಿಲ್ಲ,ಆದ್ದರಿಂದ ಸ್ವಾಭಾವಿಕ ಸೌಂದರ್ಯ ಬೇಕಿದ್ದರೆ ಯೋಗ ಮಾಡುವುದು ಸೂಕ್ತ ಎನ್ನುತ್ತಾರೆ ಸೌಂದರ್ಯ ತಜ್ಞರು
ನಾವು ಅವರನ್ನು ಕಳೆದುಕೊಂಡಿದ್ದೇವೆ ಆದರೆ ಅವರ ಪೂರ್ಣ ಪ್ರಮಾಣದ ಬದುಕು ನಡೆಸಿದ್ದರು ಎಂಬುದರ ಅರಿವು ನಮಗಿದೆ ಶೋಕ ಸಂದೇಶ ಹಾಗೂ ಪ್ರಾರ್ಥನೆ ಸಲ್ಲಿಸಿದ ಎಲ್ಲರಿಗೂ ನಾವು ಧನ್ಯವಾದ ಅರ್ಪಿಸುತ್ತೇವೆ,N,P,ಆದರೆ,ನಾವು ಅವರನ್ನು ಕಳೆದುಕೊಂಡಿದ್ದೇವೆ,ಆದರೆ ಅವರ ಪೂರ್ಣ ಪ್ರಮಾಣದ ಬದುಕು ನಡೆಸಿದ್ದರು ಎಂಬುದರ ಅರಿವು ನಮಗಿದೆ ಶೋಕ ಸಂದೇಶ ಹಾಗೂ ಪ್ರಾರ್ಥನೆ ಸಲ್ಲಿಸಿದ ಎಲ್ಲರಿಗೂ ನಾವು ಧನ್ಯವಾದ ಅರ್ಪಿಸುತ್ತೇವೆ
ಒಂದು ಮಾಹಿತಿ ಪೂರ್ಣತೆ ಕೂಡಿರುವ ಲೇಖನ ಸರಮಾಲೆ ಸಾರ್ಥಕ ಮುಕ್ತಾಯ ಕಂಡಿದೆ ಕಾಗಿನೆಲೆಯ ಮಾಹಿತಿ ಸುಂದರ ಜಿಜ್ಞಾಸೆ ಏನೇ ಇರಬಹುದು ಆದರೆ ಆ ಕಾಲದ ವಸ್ತುಗಳನ್ನು ನೋಡುವುದು ಮುಟ್ಟುವುದು ಏನೋ ಖುಷಿ ಕೊಡುತ್ತದೆ ಪ್ರತಿ ಚಿತ್ರಗಳು ಸಂಗ್ರಹ ಯೋಗ್ಯ,O,P,ಆದರೆ,ಒಂದು ಮಾಹಿತಿ ಪೂರ್ಣತೆ ಕೂಡಿರುವ ಲೇಖನ ಸರಮಾಲೆ ಸಾರ್ಥಕ ಮುಕ್ತಾಯ ಕಂಡಿದೆ ಕಾಗಿನೆಲೆಯ ಮಾಹಿತಿ ಸುಂದರ ಜಿಜ್ಞಾಸೆ ಏನೇ ಇರಬಹುದು,ಆದರೆ ಆ ಕಾಲದ ವಸ್ತುಗಳನ್ನು ನೋಡುವುದು ಮುಟ್ಟುವುದು ಏನೋ ಖುಷಿ ಕೊಡುತ್ತದೆ ಪ್ರತಿ ಚಿತ್ರಗಳು ಸಂಗ್ರಹ ಯೋಗ್ಯ
ತುಮಕೂರಿನ ಕುದೂರು ಮೂಲದ ವಿಷ್ಣುವರ್ಧನ್ ವಿಷ್ಯುಯಲ್ ವರ್ಲ್ಡ್ ಎಂಬ ವಿಡಿಯೋ ಕಾರ್ಪೊರೇಟ್ ಸಂಸ್ಥೆಯಲ್ಲಿ ಸಹಾಯಕ ಛಾಯಾಗ್ರಾಹಕರಾಗಿ ಕೆಲಸ ಪ್ರಾರಂಭಿಸಿದ್ದರು ಆದರೆ ಸಿನಿಮಾ ಛಾಯಾಗ್ರಾಹಕರಾಗಬೇಕೆನ್ನುವ ತುಡಿತದಿಂದ ಇದ್ದ ಕಾರ್ಪೊರೇಟ್ ಕೆಲಸವನ್ನು ಬಿಟ್ಟುಬಂದು ಕನ್ನಡ ಚಿತ್ರರಂಗದಲ್ಲಿ ಅಸಿಸ್ಟೆಂಟ್ ಕ್ಯಾಮೆರಾಮನ್ ಆಗಿ ಕಾರ್ಯನಿರ್ವಹಿಸಲು ಶುರು ಮಾಡಿದರು,O,O,ಆದರೆ,ತುಮಕೂರಿನ ಕುದೂರು ಮೂಲದ ವಿಷ್ಣುವರ್ಧನ್ ವಿಷ್ಯುಯಲ್ ವರ್ಲ್ಡ್ ಎಂಬ ವಿಡಿಯೋ ಕಾರ್ಪೊರೇಟ್ ಸಂಸ್ಥೆಯಲ್ಲಿ ಸಹಾಯಕ ಛಾಯಾಗ್ರಾಹಕರಾಗಿ ಕೆಲಸ ಪ್ರಾರಂಭಿಸಿದ್ದರು,ಆದರೆ ಸಿನಿಮಾ ಛಾಯಾಗ್ರಾಹಕರಾಗಬೇಕೆನ್ನುವ ತುಡಿತದಿಂದ ಇದ್ದ ಕಾರ್ಪೊರೇಟ್ ಕೆಲಸವನ್ನು ಬಿಟ್ಟುಬಂದು ಕನ್ನಡ ಚಿತ್ರರಂಗದಲ್ಲಿ ಅಸಿಸ್ಟೆಂಟ್ ಕ್ಯಾಮೆರಾಮನ್ ಆಗಿ ಕಾರ್ಯನಿರ್ವಹಿಸಲು ಶುರು ಮಾಡಿದರು
ಸತ್ಯವು ತಮ್ಮ ಬಳಿಗೆ ಬಂದಾಗಲೆಲ್ಲಾ ಅವರು ಅದನ್ನು ಸುಳ್ಳೆಂದು ತಿರಸ್ಕರಿಸಿದರು ಆದರೆ ಅವರು ಈ ತನಕ ಗೇಲಿ ಮಾಡುತ್ತಿದ್ದ ವಿಷಯಗಳ ಸತ್ಯಾಂಶವು ಶೀಘ್ರವೇ ಅವರಿಗೆ ತಿಳಿಯಲಿದೆ,N,O,ಆದರೆ,ಸತ್ಯವು ತಮ್ಮ ಬಳಿಗೆ ಬಂದಾಗಲೆಲ್ಲಾ ಅವರು ಅದನ್ನು ಸುಳ್ಳೆಂದು ತಿರಸ್ಕರಿಸಿದರು,ಆದರೆ ಅವರು ಈ ತನಕ ಗೇಲಿ ಮಾಡುತ್ತಿದ್ದ ವಿಷಯಗಳ ಸತ್ಯಾಂಶವು ಶೀಘ್ರವೇ ಅವರಿಗೆ ತಿಳಿಯಲಿದೆ
ಈ ಬಾರಿ ಹೊಸ ಮೋಟಾರು ವಾಹನ ಕಾಯ್ದೆಯಲ್ಲಿ ಮೂರು ಹೊಸ ಕಾನೂನು ತಿದ್ದುಪಡಿ ತರಲಾಗಿದೆ ಒಂದು ವೇಳೆ ತುರ್ತು ಸಂದರ್ಭದಲ್ಲಿ ಆಂಬ್ಯುಲೆನ್ಸ್ಗೆ ದಾರಿ ಬಿಡದಿದ್ರೆ 10 ಸಾವಿರ ತೆತ್ತಬೇಕಾಗುತ್ತೆ,O,O,ಒಂದು ವೇಳೆ,ಈ ಬಾರಿ ಹೊಸ ಮೋಟಾರು ವಾಹನ ಕಾಯ್ದೆಯಲ್ಲಿ ಮೂರು ಹೊಸ ಕಾನೂನು ತಿದ್ದುಪಡಿ ತರಲಾಗಿದೆ,ಒಂದು ವೇಳೆ ತುರ್ತು ಸಂದರ್ಭದಲ್ಲಿ ಆಂಬ್ಯುಲೆನ್ಸ್ಗೆ ದಾರಿ ಬಿಡದಿದ್ರೆ 10 ಸಾವಿರ ತೆತ್ತಬೇಕಾಗುತ್ತೆ
ಅಪಘಾತಗಳ ತಡೆಗೆ ಕೇಂದ್ರ ಸರ್ಕಾರ ಭಾರೀ ಪ್ರಮಾಣದ ದಂಡ ರೂಪಿಸಿದೆ ಒಂದು ವೇಳೆ ಅಪಘಾತದಲ್ಲಿ ವ್ಯಕ್ತಿ ಸಾವನ್ನಪ್ಪಿದ್ರೆ ೧೦ ಲಕ್ಷ ರೂ ಪರಿಹಾರ ನೀಡಬೇಕಾಗಿದ್ದು ಗಾಯಗೊಂಡವರಿಗೆ ೫ ಲಕ್ಷ ಪರಿಹಾರ ಪಾವತಿಸಬೇಕಾಗುತ್ತದೆ,O,O,ಒಂದು ವೇಳೆ,ಅಪಘಾತಗಳ ತಡೆಗೆ ಕೇಂದ್ರ ಸರ್ಕಾರ ಭಾರೀ ಪ್ರಮಾಣದ ದಂಡ ರೂಪಿಸಿದೆ,ಒಂದು ವೇಳೆ ಅಪಘಾತದಲ್ಲಿ ವ್ಯಕ್ತಿ ಸಾವನ್ನಪ್ಪಿದ್ರೆ ೧೦ ಲಕ್ಷ ರೂ ಪರಿಹಾರ ನೀಡಬೇಕಾಗಿದ್ದು ಗಾಯಗೊಂಡವರಿಗೆ ೫ ಲಕ್ಷ ಪರಿಹಾರ ಪಾವತಿಸಬೇಕಾಗುತ್ತದೆ
ಪ್ರಕರಣದ ಬಗ್ಗೆ ಹೆಚ್ಚಿನ ವಿಚಾರಣೆ ಮತ್ತು ಸ್ಥಳ ಪರಿಶೀಲನೆಯ ಅಗತ್ಯವಿದೆ ಆದ್ದರಿಂದ ಎಲ್ಲಾ ಆರೋಪಿಗಳನ್ನು ವಶಕ್ಕೆ ನೀಡಬೇಕು ಎಂದು ಪೊಲೀಸರು ಕೋರ್ಟ್ಗೆ ಮನವಿ ಮಾಡಿದ್ದರು,O,O,ಆದ್ದರಿಂದ,ಪ್ರಕರಣದ ಬಗ್ಗೆ ಹೆಚ್ಚಿನ ವಿಚಾರಣೆ ಮತ್ತು ಸ್ಥಳ ಪರಿಶೀಲನೆಯ ಅಗತ್ಯವಿದೆ,ಆದ್ದರಿಂದ ಎಲ್ಲಾ ಆರೋಪಿಗಳನ್ನು ವಶಕ್ಕೆ ನೀಡಬೇಕು ಎಂದು ಪೊಲೀಸರು ಕೋರ್ಟ್ಗೆ ಮನವಿ ಮಾಡಿದ್ದರು
ಅತ್ಯುತ್ತಮ ವೃತ್ತಿ ಯಾವುದು? ಅವರವರಿಗೆ ಅವರು ಕೈಗೊಂಡಿರುವ ವೃತ್ತಿಯೇ ಅತ್ಯುತ್ತಮ ಎಂದು ಅನಿಸುವುದು ಸಹಜ ಆದರೆ ಅಮೆರಿಕ ನಡೆಸಿರುವ ಒಂದು ಸಮೀಕ್ಷೆಯ ಪ್ರಕಾರ ವರದಿಗಾರಿಕೆ ಅತ್ಯಂತ ಕೀಳುಮಟ್ಟದ ವೃತ್ತಿಯ ಸಾಲಿನಲ್ಲಿದ್ದರೆ ಸಾಫ್ಟ್ ವೇರ್ ಇಂಜಿನಿಯರ್ ಅತ್ಯುತ್ತಮ ವೃತ್ತಿ ಎಂಬ ತೀರ್ಮಾನಕ್ಕೆ ಬರಲಾಗಿದೆ,P,O,ಆದರೆ,ಅತ್ಯುತ್ತಮ ವೃತ್ತಿ ಯಾವುದು? ಅವರವರಿಗೆ ಅವರು ಕೈಗೊಂಡಿರುವ ವೃತ್ತಿಯೇ ಅತ್ಯುತ್ತಮ ಎಂದು ಅನಿಸುವುದು ಸಹಜ,ಆದರೆ ಅಮೆರಿಕ ನಡೆಸಿರುವ ಒಂದು ಸಮೀಕ್ಷೆಯ ಪ್ರಕಾರ ವರದಿಗಾರಿಕೆ ಅತ್ಯಂತ ಕೀಳುಮಟ್ಟದ ವೃತ್ತಿಯ ಸಾಲಿನಲ್ಲಿದ್ದರೆ ಸಾಫ್ಟ್ ವೇರ್ ಇಂಜಿನಿಯರ್ ಅತ್ಯುತ್ತಮ ವೃತ್ತಿ ಎಂಬ ತೀರ್ಮಾನಕ್ಕೆ ಬರಲಾಗಿದೆ
ಅಷ್ಟೊತ್ತಿಗಾಗಲೇ ನನ್ನ ಎದೆ ನಗಾರಿ ಬಾರಿಸತೊಡಗಿತು ಏಕೆಂದರೆ ಬಂದ ಎಲ್ಲ ಉಪನ್ಯಾಸಕರು ಯಾರು ಕೂಡ ಇಂಗ್ಲಿಶ್ ಬಿಟ್ಟು ಬೇರೆ ಯಾವ ಭಾಷೆಯನ್ನೂ ಬಳಸುತ್ತಿರಲಿಲ್ಲ,O,O,ಏಕೆಂದರೆ,ಅಷ್ಟೊತ್ತಿಗಾಗಲೇ ನನ್ನ ಎದೆ ನಗಾರಿ ಬಾರಿಸತೊಡಗಿತು,ಏಕೆಂದರೆ ಬಂದ ಎಲ್ಲ ಉಪನ್ಯಾಸಕರು ಯಾರು ಕೂಡ ಇಂಗ್ಲಿಶ್ ಬಿಟ್ಟು ಬೇರೆ ಯಾವ ಭಾಷೆಯನ್ನೂ ಬಳಸುತ್ತಿರಲಿಲ್ಲ
ನವಾಜ್ ಷರೀಫ್ ಭಾರತದೆಡೆಗೆ ಮೃದು ಧೋರಣೆ ಹೊಂದಿರುವ ವ್ಯಕ್ತಿಯಾಗಿದ್ದರೂ ಸೇನೆ ಮೂಗುದಾರ ಹಿಡಿದಿತ್ತು ಆದರೆ ಭಾರತದೆಡೆಗಿನ ಇಮ್ರಾನ್ ನಡೆ ಇನ್ನೂ ನಿಗೂಢ,O,O,ಆದರೆ,ನವಾಜ್ ಷರೀಫ್ ಭಾರತದೆಡೆಗೆ ಮೃದು ಧೋರಣೆ ಹೊಂದಿರುವ ವ್ಯಕ್ತಿಯಾಗಿದ್ದರೂ ಸೇನೆ ಮೂಗುದಾರ ಹಿಡಿದಿತ್ತು,ಆದರೆ ಭಾರತದೆಡೆಗಿನ ಇಮ್ರಾನ್ ನಡೆ ಇನ್ನೂ ನಿಗೂಢ
ಹೊರ ರಾಜ್ಯಗಳಲ್ಲಿ ಯಾವುದೇ ಧರ್ಮದವರೇ ಆಗಿರಲಿ ಅಲ್ಲಿನ ಸ್ಥಳೀಯ ಭಾಷೆಯನ್ನು ಮಾತನಾಡುತ್ತಾರೆ ಆದರೆ ಕರ್ನಾಟಕದಲ್ಲಿ ಭಿನ್ನವಾದ ವಾತಾವರಣವಿದೆ ಎಂದರು,P,O,ಆದರೆ,ಹೊರ ರಾಜ್ಯಗಳಲ್ಲಿ ಯಾವುದೇ ಧರ್ಮದವರೇ ಆಗಿರಲಿ ಅಲ್ಲಿನ ಸ್ಥಳೀಯ ಭಾಷೆಯನ್ನು ಮಾತನಾಡುತ್ತಾರೆ,ಆದರೆ ಕರ್ನಾಟಕದಲ್ಲಿ ಭಿನ್ನವಾದ ವಾತಾವರಣವಿದೆ ಎಂದರು
ಸ್ವಾಭಿಮಾನಿಗಳಾದ ನೀವು ಸಾಧಿಸಬೇಕಾದ ಕೆಲಸವನ್ನು ಪೂರ್ಣಗೊಳಿಸುವಿರಿ ಇದರಿಂದ ನೀವಷ್ಟೇ ಅಲ್ಲದೆ ನಿಮ್ಮ ಕುಟುಂಬದ ಸದಸ್ಯರು ಸಂತೋಷಪಡುವರು ಆದರೆ ಪ್ರಯಾಣ ಕಾಲದಲ್ಲಿ ಎಚ್ಚರಿಕೆ ಇರಲಿ,P,O,ಆದರೆ,ಸ್ವಾಭಿಮಾನಿಗಳಾದ ನೀವು ಸಾಧಿಸಬೇಕಾದ ಕೆಲಸವನ್ನು ಪೂರ್ಣಗೊಳಿಸುವಿರಿ ಇದರಿಂದ ನೀವಷ್ಟೇ ಅಲ್ಲದೆ ನಿಮ್ಮ ಕುಟುಂಬದ ಸದಸ್ಯರು ಸಂತೋಷಪಡುವರು,ಆದರೆ ಪ್ರಯಾಣ ಕಾಲದಲ್ಲಿ ಎಚ್ಚರಿಕೆ ಇರಲಿ
ಬಿಬಿಎಂಪಿ ವತಿಯಿಂದ ನೀಡುವ ನಾಡಪ್ರಭು ಕೆಂಪೇಗೌಡ ಪ್ರಶಸ್ತಿ ಅತ್ಯಂತ ಗೌರವಯುತವಾದುದು ಆದರೆ ಪ್ರತಿವರ್ಷ ಪ್ರಶಸ್ತಿಗೆ ಅಷ್ಟೊಂದು ಮಂದಿಯನ್ನು ಏಕೆ ಆಯ್ಕೆ ಮಾಡುತ್ತಾರೋ ತಿಳಿಯದು,P,O,ಆದರೆ,ಬಿಬಿಎಂಪಿ ವತಿಯಿಂದ ನೀಡುವ ನಾಡಪ್ರಭು ಕೆಂಪೇಗೌಡ ಪ್ರಶಸ್ತಿ ಅತ್ಯಂತ ಗೌರವಯುತವಾದುದು,ಆದರೆ ಪ್ರತಿವರ್ಷ ಪ್ರಶಸ್ತಿಗೆ ಅಷ್ಟೊಂದು ಮಂದಿಯನ್ನು ಏಕೆ ಆಯ್ಕೆ ಮಾಡುತ್ತಾರೋ ತಿಳಿಯದು
ಜಿಲ್ಲಾ ಹಾಗೂ ತಾಲ್ಲೂಕು ಪಂಚಾಯಿತಿ ಚುನಾವಣೆಯಲ್ಲಿ ಸ್ಪರ್ಧಿಸಿದ ಅಭ್ಯರ್ಥಿಗಳ ಹಣೆಬರಹ ಮಂಗಳವಾರ ಬಯಲಾಯಿತು ಆದರೆ ತಾಲ್ಲೂಕು ಕೇಂದ್ರಗಳಲ್ಲಿ ಮತ ಎಣಿಕೆ ನಡೆದ ಕಾರಣ ಜಿಲ್ಲಾ ಕೇಂದ್ರವಾದ ಗುಲ್ಬರ್ಗದಲ್ಲಿ ಅಷ್ಟೊಂದು ಗದ್ದಲದ ವಾತಾವರಣ ಕಂಡುಬರಲಿಲ್ಲ,O,P,ಆದರೆ,ಜಿಲ್ಲಾ ಹಾಗೂ ತಾಲ್ಲೂಕು ಪಂಚಾಯಿತಿ ಚುನಾವಣೆಯಲ್ಲಿ ಸ್ಪರ್ಧಿಸಿದ ಅಭ್ಯರ್ಥಿಗಳ ಹಣೆಬರಹ ಮಂಗಳವಾರ ಬಯಲಾಯಿತು,ಆದರೆ ತಾಲ್ಲೂಕು ಕೇಂದ್ರಗಳಲ್ಲಿ ಮತ ಎಣಿಕೆ ನಡೆದ ಕಾರಣ ಜಿಲ್ಲಾ ಕೇಂದ್ರವಾದ ಗುಲ್ಬರ್ಗದಲ್ಲಿ ಅಷ್ಟೊಂದು ಗದ್ದಲದ ವಾತಾವರಣ ಕಂಡುಬರಲಿಲ್ಲ
ಒಣ ತ್ಯಾಜ್ಯ ಸಂಗ್ರಹಕ್ಕೆ ಪ್ರತ್ಯೇಕ ಕೇಂದ್ರಗಳನ್ನು ಆರಂಭಿಸಿರುವಂತೆಯೇ ಕಾರ್ಖಾನೆ ತ್ಯಾಜ್ಯಗಳ ಸಂಗ್ರಹಕ್ಕೂ ಕೇಂದ್ರ ಆರಂಭಿಸಬೇಕು ಏಕೆಂದರೆ ಒಂದು ಕಾರ್ಖಾನೆಯ ತ್ಯಾಜ್ಯ ಇನ್ನೊಂದು ಕಾರ್ಖಾನೆಗೆ ಕಚ್ಛಾವಸ್ತುವಾಗಬಹುದು,O,O,ಏಕೆಂದರೆ,ಒಣ ತ್ಯಾಜ್ಯ ಸಂಗ್ರಹಕ್ಕೆ ಪ್ರತ್ಯೇಕ ಕೇಂದ್ರಗಳನ್ನು ಆರಂಭಿಸಿರುವಂತೆಯೇ ಕಾರ್ಖಾನೆ ತ್ಯಾಜ್ಯಗಳ ಸಂಗ್ರಹಕ್ಕೂ ಕೇಂದ್ರ ಆರಂಭಿಸಬೇಕು,ಏಕೆಂದರೆ ಒಂದು ಕಾರ್ಖಾನೆಯ ತ್ಯಾಜ್ಯ ಇನ್ನೊಂದು ಕಾರ್ಖಾನೆಗೆ ಕಚ್ಛಾವಸ್ತುವಾಗಬಹುದು
ಸರ್ಕಾರವು ನೌಕರರಿಗೆ ಏನೆಲ್ಲಾ ಸವ ಲತ್ತುಗಳನ್ನು ಕೊಟ್ಟರೂ ಆರೋಗ್ಯ ವನ್ನು ನೀಡುವುದು ಕಷ್ಟ ಆದ್ದರಿಂದ ಪ್ರತಿ ಯೊಬ್ಬರೂ ತಮ್ಮ ಆರೋಗ್ಯದ ಬಗ್ಗೆ ಕಾಳಜಿ ವಹಿಸಿ ಕರ್ತವ್ಯದ ಜೊತೆಗೆ ಆರೋಗ್ಯವನ್ನೂ ಕಾಪಾಡಿಕೊಳ್ಳಬೇಕು,O,O,ಆದ್ದರಿಂದ,ಸರ್ಕಾರವು ನೌಕರರಿಗೆ ಏನೆಲ್ಲಾ ಸವ ಲತ್ತುಗಳನ್ನು ಕೊಟ್ಟರೂ ಆರೋಗ್ಯ ವನ್ನು ನೀಡುವುದು ಕಷ್ಟ,ಆದ್ದರಿಂದ ಪ್ರತಿ ಯೊಬ್ಬರೂ ತಮ್ಮ ಆರೋಗ್ಯದ ಬಗ್ಗೆ ಕಾಳಜಿ ವಹಿಸಿ ಕರ್ತವ್ಯದ ಜೊತೆಗೆ ಆರೋಗ್ಯವನ್ನೂ ಕಾಪಾಡಿಕೊಳ್ಳಬೇಕು
ಕೇರಳದಲ್ಲಿ ಒಂದು ಯೋಜನೆ ಬರಬೇಕೆಂದರೆ ಅಲ್ಲಿನ ಎಲ್ಲರೂ ತಾವೆಲ್ಲಾ ಒಂದೇ ಪಕ್ಷಕ್ಕೆ ಸೇರಿದವರಂತೆ ತಮ್ಮ ರಾಜ್ಯಕ್ಕಾಗಿ ಹೋರಾಡುತ್ತಾರೆ ದೆಹಲಿಯ ಸರ್ಕಾರವನ್ನು ಅಲ್ಲಾಡಿಸುತ್ತಾರೆ ತಮಗೆ ಬೇಕಾದ ಕೆಲಸ ಕಾರ್ಯ ಯೋಜನೆಗಳನ್ನು ಜಾರಿಗೊಳಿಸುತ್ತಾರೆ ಒಂದು ವೇಳೆ ವಿರೋಧ ಮಾಡುವುದಿದ್ದರೂ ಸರಿ ಅಂದರೆ ಅವರ ರಾಜ್ಯಕ್ಕೆ ಹಾನಿ ಮಾಡಬಲ್ಲ ಯೋಜನೆ ಬೇಡವೆನ್ನುವಾಗಲೂ ಸಹ ಅವರೆಲ್ಲಾ ಒಂದಾಗಿ ಒಗ್ಗಟ್ಟಿನಿಂದ ಒಕ್ಕೊರಲಿನಿಂದ ವಿರೋಧಿಸುತ್ತಾರೆ ಹೋರಾಡುತ್ತಾರೆ,P,P,ಒಂದು ವೇಳೆ,ಕೇರಳದಲ್ಲಿ ಒಂದು ಯೋಜನೆ ಬರಬೇಕೆಂದರೆ ಅಲ್ಲಿನ ಎಲ್ಲರೂ ತಾವೆಲ್ಲಾ ಒಂದೇ ಪಕ್ಷಕ್ಕೆ ಸೇರಿದವರಂತೆ ತಮ್ಮ ರಾಜ್ಯಕ್ಕಾಗಿ ಹೋರಾಡುತ್ತಾರೆ ದೆಹಲಿಯ ಸರ್ಕಾರವನ್ನು ಅಲ್ಲಾಡಿಸುತ್ತಾರೆ ತಮಗೆ ಬೇಕಾದ ಕೆಲಸ ಕಾರ್ಯ ಯೋಜನೆಗಳನ್ನು ಜಾರಿಗೊಳಿಸುತ್ತಾರೆ,ಒಂದು ವೇಳೆ ವಿರೋಧ ಮಾಡುವುದಿದ್ದರೂ ಸರಿ ಅಂದರೆ ಅವರ ರಾಜ್ಯಕ್ಕೆ ಹಾನಿ ಮಾಡಬಲ್ಲ ಯೋಜನೆ ಬೇಡವೆನ್ನುವಾಗಲೂ ಸಹ ಅವರೆಲ್ಲಾ ಒಂದಾಗಿ ಒಗ್ಗಟ್ಟಿನಿಂದ ಒಕ್ಕೊರಲಿನಿಂದ ವಿರೋಧಿಸುತ್ತಾರೆ ಹೋರಾಡುತ್ತಾರೆ
ಅಸ್ತಿತ್ವದಲ್ಲಿದ್ದ ರೈಲು ಮಾರ್ಗದ ಹಳಿ ಬದಲಾವಣೆ ಮಾಡಲು ಇಪ್ಪತ್ತು ವರ್ಷಗಳು ಸಾಕಾಗಲಿಲ್ಲ ಆದರೆ ಅಸ್ತಿತ್ವದಲ್ಲಿಯೇ ಇಲ್ಲದ ಒಂದು ಯೋಜನೆಯನ್ನು ಅದೂ ಅತ್ಯಂತ ದುರ್ಗಮ ಹಾದಿಯಲ್ಲಿ ಪಶ್ಚಿಮ ಘಟ್ಟಗಳ ಪರ್ವತ ಸಮುದ್ರ ತಟದ ವಿಶಾಲ ನದಿಗಳ ಮೂಲಕ ಹಲವು ಸುರಂಗ ಮಾರ್ಗಗಳು ಅತ್ಯಂತ ಅಗಲ ಎತ್ತರದ ಸೇತುವೆಗಳನ್ನು ಹೊಸದಾಗಿ ರಚಿಸಿಸಬೇಕಾಗಿದ್ದ ಅತ್ಯಂತ ಚಾಲೆಂಜಿಂಗ್ ಮಾಡಲು ಸಾಧ್ಯವೇ ಇಲ್ಲವೆಂದುಕೊಂಡಿದ್ದ ಯೋಜನೆಯೊಂದನ್ನು ಆರು ವರ್ಷಗಳಲ್ಲಿ ಸಂಪೂರ್ಣಗೊಳಿಸಲಾಯಿತು,O,P,ಆದರೆ,ಅಸ್ತಿತ್ವದಲ್ಲಿದ್ದ ರೈಲು ಮಾರ್ಗದ ಹಳಿ ಬದಲಾವಣೆ ಮಾಡಲು ಇಪ್ಪತ್ತು ವರ್ಷಗಳು ಸಾಕಾಗಲಿಲ್ಲ,ಆದರೆ ಅಸ್ತಿತ್ವದಲ್ಲಿಯೇ ಇಲ್ಲದ ಒಂದು ಯೋಜನೆಯನ್ನು ಅದೂ ಅತ್ಯಂತ ದುರ್ಗಮ ಹಾದಿಯಲ್ಲಿ ಪಶ್ಚಿಮ ಘಟ್ಟಗಳ ಪರ್ವತ ಸಮುದ್ರ ತಟದ ವಿಶಾಲ ನದಿಗಳ ಮೂಲಕ ಹಲವು ಸುರಂಗ ಮಾರ್ಗಗಳು ಅತ್ಯಂತ ಅಗಲ ಎತ್ತರದ ಸೇತುವೆಗಳನ್ನು ಹೊಸದಾಗಿ ರಚಿಸಿಸಬೇಕಾಗಿದ್ದ ಅತ್ಯಂತ ಚಾಲೆಂಜಿಂಗ್ ಮಾಡಲು ಸಾಧ್ಯವೇ ಇಲ್ಲವೆಂದುಕೊಂಡಿದ್ದ ಯೋಜನೆಯೊಂದನ್ನು ಆರು ವರ್ಷಗಳಲ್ಲಿ ಸಂಪೂರ್ಣಗೊಳಿಸಲಾಯಿತು
ಕಾಶ್ಮೀರವೆಂದರೆ ಮನಮೋಹಕ ಗಿರಿಕಂದರಗಳ ನಾಡು ಆದರೆ ಅಲ್ಲಿ ಯಾವತ್ತೂ ಗುಂಡಿನ ಸದ್ದು ಆತಂಕ ಮತ್ತು ಅಶಾಂತಿಯೇ ಅವುಗಳ ನಡುವೆಯೇ ಬೆಳೆದವನೊಬ್ಬ ಕ್ರಿಕೆಟ್ ಲೋಕದ ಎತ್ತರಕ್ಕೇರುತ್ತಿರುವುದು ಕಡಿಮೆ ಸಾಧನೆ ಏನಲ್ಲ,P,P,ಆದರೆ,ಕಾಶ್ಮೀರವೆಂದರೆ ಮನಮೋಹಕ ಗಿರಿಕಂದರಗಳ ನಾಡು,ಆದರೆ ಅಲ್ಲಿ ಯಾವತ್ತೂ ಗುಂಡಿನ ಸದ್ದು ಆತಂಕ ಮತ್ತು ಅಶಾಂತಿಯೇ ಅವುಗಳ ನಡುವೆಯೇ ಬೆಳೆದವನೊಬ್ಬ ಕ್ರಿಕೆಟ್ ಲೋಕದ ಎತ್ತರಕ್ಕೇರುತ್ತಿರುವುದು ಕಡಿಮೆ ಸಾಧನೆ ಏನಲ್ಲ
ಪಟೌಡಿ ಬ್ಯಾಟ್ ಮಾಡುವಾಗ ಚೆಂಡು ಒಂದರ ಮೇಲೊಂದರಂತೆ ಎರಡೆರಡು ಕಾಣುತ್ತಿತ್ತು ಆದರೆ ಚುರುಕುಬುದ್ಧಿಯ ಆತ ನಿಜವಾದ ಚೆಂಡನ್ನು ಗುರುತಿಸಿ ಆಡುತ್ತಿದ್ದರು ಎಂದು ರಾಜನ್ ಬಾಲಾ ಹೇಳುತ್ತಿದ್ದರು,O,O,ಆದರೆ,ಪಟೌಡಿ ಬ್ಯಾಟ್ ಮಾಡುವಾಗ ಚೆಂಡು ಒಂದರ ಮೇಲೊಂದರಂತೆ ಎರಡೆರಡು ಕಾಣುತ್ತಿತ್ತು,ಆದರೆ ಚುರುಕುಬುದ್ಧಿಯ ಆತ ನಿಜವಾದ ಚೆಂಡನ್ನು ಗುರುತಿಸಿ ಆಡುತ್ತಿದ್ದರು ಎಂದು ರಾಜನ್ ಬಾಲಾ ಹೇಳುತ್ತಿದ್ದರು
ದೇಹ ಮುಪ್ಪಾಗುವುದು ಸಹಜ ಕ್ರಿಯೆ ಆದರೆ ಆರೋಗ್ಯಕರ ಆಹಾರ ಹಾಗೂ ಜೀವನ ಶೈಲಿಯ ಮೂಲಕ ಮುಪ್ಪನ್ನು ಮುಂದೂಡುವುದೂ ಸಾಧ್ಯ,O,P,ಆದರೆ,ದೇಹ ಮುಪ್ಪಾಗುವುದು ಸಹಜ ಕ್ರಿಯೆ,ಆದರೆ ಆರೋಗ್ಯಕರ ಆಹಾರ ಹಾಗೂ ಜೀವನ ಶೈಲಿಯ ಮೂಲಕ ಮುಪ್ಪನ್ನು ಮುಂದೂಡುವುದೂ ಸಾಧ್ಯ
ಈ ಜಗತ್ತಿನಲ್ಲಿ ಬೆಳಕಿನ ಬದಲು ಕತ್ತಲೆಯೇ ಇರಲಿ ಅಂತಹದರಲ್ಲಿಯೇ ಏಳುತ್ತ ಬೀಳುತ್ತ ದಾರಿಯನ್ನು ಸವಿಸಬೇಕು ನಗುನಗುತ್ತಲೆ ಮುನ್ನಡೆಯಬೇಕು ಏಕೆಂದರೆ ಅಳುವು ಸೋತವರ ಲಕ್ಷಣ ಎಲ್ಲವನ್ನು ಕಳೆದುಕೊಂಡರೂ ಸಹ ನಗುವುದೇ ಬದುಕನ್ನು ಗೆದ್ದವರ ಲಕ್ಷಣ,P,P,ಏಕೆಂದರೆ,ಈ ಜಗತ್ತಿನಲ್ಲಿ ಬೆಳಕಿನ ಬದಲು ಕತ್ತಲೆಯೇ ಇರಲಿ ಅಂತಹದರಲ್ಲಿಯೇ ಏಳುತ್ತ ಬೀಳುತ್ತ ದಾರಿಯನ್ನು ಸವಿಸಬೇಕು ನಗುನಗುತ್ತಲೆ ಮುನ್ನಡೆಯಬೇಕು,ಏಕೆಂದರೆ ಅಳುವು ಸೋತವರ ಲಕ್ಷಣ ಎಲ್ಲವನ್ನು ಕಳೆದುಕೊಂಡರೂ ಸಹ ನಗುವುದೇ ಬದುಕನ್ನು ಗೆದ್ದವರ ಲಕ್ಷಣ
ಬಾಳೆ ಹಣ್ಣು ತಿಂದ ಮೇಲೆ ಹೊರಗಿನ ಸಿಪ್ಪೆಯನ್ನು ಹಾಗೇ ಬಿಸಾಡುತ್ತೇವೆ ಆದರೆ ಅದರ ಕೆಲವು ಉಪಯೋಗ ತಿಳದಿರೆ ಹಾಗೆ ಮಾಡಲಾರಿರಿ,O,O,ಆದರೆ,ಬಾಳೆ ಹಣ್ಣು ತಿಂದ ಮೇಲೆ ಹೊರಗಿನ ಸಿಪ್ಪೆಯನ್ನು ಹಾಗೇ ಬಿಸಾಡುತ್ತೇವೆ,ಆದರೆ ಅದರ ಕೆಲವು ಉಪಯೋಗ ತಿಳದಿರೆ ಹಾಗೆ ಮಾಡಲಾರಿರಿ
ಆಯುರ್ವೇದದಲ್ಲಿ ಇದಕ್ಕೆ ಪಂಚಕರ್ಮ ಚಿಕಿತ್ಸೆಯ ಮೂಲಕ ಪರಿಣಾಮಕಾರಿ ಉಪಶಮನ ನೀಡಲಾಗುವುದು ಆದರೆ ನಮ್ಮ ಆಹಾರಕ್ರಮದಲ್ಲಿ ಸ್ವಲ್ಪ ಸುಧಾರಣೆ ಮಾಡಿಕೊಂಡಲ್ಲಿ ಇಂತಹ ಸಮಸ್ಯೆಗಳೇ ಬಾರದಂತೆ ತಡೆಗಟ್ಟಬಹುದು,O,P,ಆದರೆ,ಆಯುರ್ವೇದದಲ್ಲಿ ಇದಕ್ಕೆ ಪಂಚಕರ್ಮ ಚಿಕಿತ್ಸೆಯ ಮೂಲಕ ಪರಿಣಾಮಕಾರಿ ಉಪಶಮನ ನೀಡಲಾಗುವುದು,ಆದರೆ ನಮ್ಮ ಆಹಾರಕ್ರಮದಲ್ಲಿ ಸ್ವಲ್ಪ ಸುಧಾರಣೆ ಮಾಡಿಕೊಂಡಲ್ಲಿ ಇಂತಹ ಸಮಸ್ಯೆಗಳೇ ಬಾರದಂತೆ ತಡೆಗಟ್ಟಬಹುದು
ಕ್ಯಾಂಟೀನ್ ಮಾಡುವುದರಿಂದ ಬಡವರಿಗೆ ಊಟ ಸಿಕ್ಕಿದೆ ಇದನ್ನು ನಾನು ಒಪ್ಪುತ್ತೇನೆ ಆದರೆ ಇದಕ್ಕಿಂತ ನಮ್ಮ ಮುದ್ರಾ ಯೋಜನೆ ಹೆಚ್ಚು ಯಶಸ್ವಿಯಾದುದು ಅದನ್ನು ಈ ಕಾಲದ ಅಗತ್ಯಕ್ಕೆ ತಕ್ಕಂತೆ ರೂಪಿಸಲಾಗಿದೆ,O,P,ಆದರೆ,ಕ್ಯಾಂಟೀನ್ ಮಾಡುವುದರಿಂದ ಬಡವರಿಗೆ ಊಟ ಸಿಕ್ಕಿದೆ ಇದನ್ನು ನಾನು ಒಪ್ಪುತ್ತೇನೆ,ಆದರೆ ಇದಕ್ಕಿಂತ ನಮ್ಮ ಮುದ್ರಾ ಯೋಜನೆ ಹೆಚ್ಚು ಯಶಸ್ವಿಯಾದುದು ಅದನ್ನು ಈ ಕಾಲದ ಅಗತ್ಯಕ್ಕೆ ತಕ್ಕಂತೆ ರೂಪಿಸಲಾಗಿದೆ
ವಿಶೇಷವಾಗಿ ಚಳಿಗಾಲದಲ್ಲಿ ನೀವು ಅಥವಾ ನಿಮ್ಮ ಮಗು ಇಬ್ಬರಿಗೂ ಅನಾರೋಗ್ಯವಿಲ್ಲದಿದ್ದರೂಯಾರಾದರೂ ಅಥವಾ ಇನ್ನೊಬ್ಬರು ಅನಾರೋಗ್ಯವಾಗಿದ್ದು ಇದರಿಂದ ನಿಮ್ಮ ಪುಟ್ಟ ಮಗುವು ಅನಾರೋಗ್ಯಕ್ಕೆ ಒಳಗಾಗುವ ಹೆಚ್ಚಿನ ಸಾಧ್ಯತೆಗಳಿವೆಆದ್ದರಿಂದ ಕಿಕ್ಕಿರಿದ ಸ್ಥಳಗಳಿಂದ ಅವರನ್ನು ದೂರವಿರಿಸಲು ಸಲಹೆ ನೀಡಲಾಗುತ್ತದೆ,N,O,ಆದ್ದರಿಂದ,ವಿಶೇಷವಾಗಿ ಚಳಿಗಾಲದಲ್ಲಿ ನೀವು ಅಥವಾ ನಿಮ್ಮ ಮಗು ಇಬ್ಬರಿಗೂ ಅನಾರೋಗ್ಯವಿಲ್ಲದಿದ್ದರೂಯಾರಾದರೂ ಅಥವಾ ಇನ್ನೊಬ್ಬರು ಅನಾರೋಗ್ಯವಾಗಿದ್ದು ಇದರಿಂದ ನಿಮ್ಮ ಪುಟ್ಟ ಮಗುವು ಅನಾರೋಗ್ಯಕ್ಕೆ ಒಳಗಾಗುವ ಹೆಚ್ಚಿನ ಸಾಧ್ಯತೆಗಳಿವೆ,ಆದ್ದರಿಂದ ಕಿಕ್ಕಿರಿದ ಸ್ಥಳಗಳಿಂದ ಅವರನ್ನು ದೂರವಿರಿಸಲು ಸಲಹೆ ನೀಡಲಾಗುತ್ತದೆ
ಮಕ್ಕಳು ಹೆಚ್ಚಾಗಿ ಆರೋಗ್ಯಕರ ಮತ್ತು ಪೌಷ್ಠಿಕಾಂಶದ ಆಹಾರಕ್ಕೆ ಹೆಚ್ಚು ಮಹತ್ವವನ್ನು ನೀಡುವುದಿಲ್ಲ ಆದ್ದರಿಂದ ಅವರಿಗೆ ಉತ್ತಮ ಪೌಷ್ಟಿಕಾಂಶ ಒದಗಿಸುವುದು ನಿಮ್ಮ ಜವಾಬ್ದಾರಿಯಾಗಿದೆ,N,O,ಆದ್ದರಿಂದ,ಮಕ್ಕಳು ಹೆಚ್ಚಾಗಿ ಆರೋಗ್ಯಕರ ಮತ್ತು ಪೌಷ್ಠಿಕಾಂಶದ ಆಹಾರಕ್ಕೆ ಹೆಚ್ಚು ಮಹತ್ವವನ್ನು ನೀಡುವುದಿಲ್ಲ,ಆದ್ದರಿಂದ ಅವರಿಗೆ ಉತ್ತಮ ಪೌಷ್ಟಿಕಾಂಶ ಒದಗಿಸುವುದು ನಿಮ್ಮ ಜವಾಬ್ದಾರಿಯಾಗಿದೆ
ನನ್ನ ಜೀವನದಲ್ಲಿ ಏನೂ ಚೆನ್ನಾಗಿಲ್ಲ ಆದರೆ ಸಂಗೀತ ನುಡಿಸುವಷ್ಟು ಕಾಲ ನನಗೆ ನಾನೂ ಒಬ್ಬ ಮನುಷ್ಯಳು ಅನ್ನಿಸುತ್ತದೆ ನನ್ನ ಮೇಲೆ ನನಗೆ ಗೌರವ ಬರುತ್ತದೆ,N,P,ಆದರೆ,ನನ್ನ ಜೀವನದಲ್ಲಿ ಏನೂ ಚೆನ್ನಾಗಿಲ್ಲ,ಆದರೆ ಸಂಗೀತ ನುಡಿಸುವಷ್ಟು ಕಾಲ ನನಗೆ ನಾನೂ ಒಬ್ಬ ಮನುಷ್ಯಳು ಅನ್ನಿಸುತ್ತದೆ ನನ್ನ ಮೇಲೆ ನನಗೆ ಗೌರವ ಬರುತ್ತದೆ
ಉಡುಪಿ ದಕ್ಷಿಣ ಕನ್ನಡ ಕೊಡಗು ಚಿಕ್ಕಮಗಳೂರು ಸೇರಿದಂತೆ ಹಳೆ ಮೈಸೂರು ಭಾಗದಲ್ಲಿ ಬೇಸಿಗೆ ಮಳೆಯಾಗುವ ಸಾಧ್ಯತೆಗಳಿವೆ ಎಂದು ಅವರು ಹೇಳಿದರು ಆದರೆ ವ್ಯಾಪಕವಾಗಿ ಹಾಗೂ ಭಾರೀ ಮಳೆಯಾಗುವ ಸಾಧ್ಯತೆಗಳಿಲ್ಲ ಎಂದು ಶ್ರೀನಿವಾಸರೆಡ್ಡಿ ಸ್ಪಷ್ಟಪಡಿಸಿದರು,P,O,ಆದರೆ,ಉಡುಪಿ ದಕ್ಷಿಣ ಕನ್ನಡ ಕೊಡಗು ಚಿಕ್ಕಮಗಳೂರು ಸೇರಿದಂತೆ ಹಳೆ ಮೈಸೂರು ಭಾಗದಲ್ಲಿ ಬೇಸಿಗೆ ಮಳೆಯಾಗುವ ಸಾಧ್ಯತೆಗಳಿವೆ ಎಂದು ಅವರು ಹೇಳಿದರು,ಆದರೆ ವ್ಯಾಪಕವಾಗಿ ಹಾಗೂ ಭಾರೀ ಮಳೆಯಾಗುವ ಸಾಧ್ಯತೆಗಳಿಲ್ಲ ಎಂದು ಶ್ರೀನಿವಾಸರೆಡ್ಡಿ ಸ್ಪಷ್ಟಪಡಿಸಿದರು
ಇನ್ನೇನು ಮೇ 27ರ ನಂತರ ಕ್ರಿಕೆಟ್ ಪ್ರೇಮಿಗಳ ಹಬ್ಬ ಮುಗಿಯುತ್ತದೆ ಆದರೆ ಕ್ರೀಡಾ ಪ್ರೇಮಿಗಳಿಗೆ ಈ ವರ್ಷ ಪೂರಾ ಒಂದರ ನಂತರ ಒಂದು ಮಹತ್ವದ ಆಟಗಳು ನಡೆಯಲಿವೆ,N,O,ಆದರೆ,ಇನ್ನೇನು ಮೇ 27ರ ನಂತರ ಕ್ರಿಕೆಟ್ ಪ್ರೇಮಿಗಳ ಹಬ್ಬ ಮುಗಿಯುತ್ತದೆ,ಆದರೆ ಕ್ರೀಡಾ ಪ್ರೇಮಿಗಳಿಗೆ ಈ ವರ್ಷ ಪೂರಾ ಒಂದರ ನಂತರ ಒಂದು ಮಹತ್ವದ ಆಟಗಳು ನಡೆಯಲಿವೆ
ಗೂಗಲ್ನ ಜಾಗತಿಕ ಮಾರಾಟ ವಿಭಾಗದ ಮ್ಯಾನೆಜಿಂಗ್ ಡೈರೆಕ್ಟರ್ ಟಾಡ್ ರೋವ್ ಈ ಸಂಬಂಧ ಮಾತನಾಡಿದ್ದು ನ್ಯೂಜಿಲೆಂಡ್ನಲ್ಲಿ ಈಗ ಪ್ರೊಜೆಕ್ಟ್ ಲೂನ್ ಸಂಶೋಧನೆ ನಡೆಯುತ್ತಿದೆ ಒಂದು ವೇಳೆ ಈ ಪ್ರಯೋಗ ಯಶಸ್ವಿಯಾದಲ್ಲಿ ಇಂಟರ್ನೆಟ್ ಸೌಲಭ್ಯ ಕಲ್ಪಿಸಲು ಸಾಧ್ಯವಾಗದ ಭಾರತದ ಗ್ರಾಮೀಣ ಭಾಗದಲ್ಲೂ ಈ ಸೇವೆಯನ್ನು ಗೂಗಲ್ ನೀಡಲಿದೆ,O,P,ಆದರೆ,ಗೂಗಲ್ನ ಜಾಗತಿಕ ಮಾರಾಟ ವಿಭಾಗದ ಮ್ಯಾನೆಜಿಂಗ್ ಡೈರೆಕ್ಟರ್ ಟಾಡ್ ರೋವ್ ಈ ಸಂಬಂಧ ಮಾತನಾಡಿದ್ದು ನ್ಯೂಜಿಲೆಂಡ್ನಲ್ಲಿ ಈಗ ಪ್ರೊಜೆಕ್ಟ್ ಲೂನ್ ಸಂಶೋಧನೆ ನಡೆಯುತ್ತಿದೆ ಒಂದು ವೇಳೆ ಈ ಪ್ರಯೋಗ ಯಶಸ್ವಿಯಾದಲ್ಲಿ ಇಂಟರ್ನೆಟ್ ಸೌಲಭ್ಯ ಕಲ್ಪಿಸಲು ಸಾಧ್ಯವಾಗದ ಭಾರತದ ಗ್ರಾಮೀಣ ಭಾಗದಲ್ಲೂ ಈ ಸೇವೆಯನ್ನು ಗೂಗಲ್ ನೀಡಲಿದೆ,
ದೀರ್ಘಾವಧಿಯ ಹೂಡಿಕೆದಾರರಿಗೆ ಬೆಳ್ಳಿ ಲಾಭವನ್ನೇ ತಂದುಕೊಟ್ಟಿದೆ ಆದ್ದರಿಂದ ಕೇವಲ ದೀರ್ಘಾವಧಿಯ ಹೂಡಿಕೆಯಲ್ಲಿ ಮಾತ್ರವೇ ಬೆಳ್ಳಿ ಲಾಭಕರವಾಗಲಿದೆ ಎಂಬುದನ್ನು ಪುಣೆಯ ಮಾರುಕಟ್ಟೆ ತೋರಿಸಿಕೊಟ್ಟಿದೆ,P,P,ಅಥವಾ,ದೀರ್ಘಾವಧಿಯ ಹೂಡಿಕೆದಾರರಿಗೆ ಬೆಳ್ಳಿ ಲಾಭವನ್ನೇ ತಂದುಕೊಟ್ಟಿದೆ ಆದ್ದರಿಂದ ಕೇವಲ ದೀರ್ಘಾವಧಿಯ ಹೂಡಿಕೆಯಲ್ಲಿ ಮಾತ್ರವೇ ಬೆಳ್ಳಿ ಲಾಭಕರವಾಗಲಿದೆ ಎಂಬುದನ್ನು ಪುಣೆಯ ಮಾರುಕಟ್ಟೆ ತೋರಿಸಿಕೊಟ್ಟಿದೆ,
ಶಾಶ್ವತ ನೀರಾವರಿ ಇಲ್ಲದೇ ರೈತರು ತೀರಾ ಸಂಕಷ್ಟದಲ್ಲಿ ಜೀವನ ನಡೆಸುತ್ತಿದ್ದಾರೆ ಆದ್ದರಿಂದ ಶೀಘ್ರಗತಿಯಲ್ಲಿ ಎತ್ತಿನಹೊಳೆ ನೀರನ್ನು ಈ ಭಾಗಕ್ಕೆ ಹರಿಸಬೇಕೆಂಬ ನಿಟ್ಟಿನಲ್ಲಿ ಪ್ರಾಮಾಣಿಕ ಸರ್ಕಾರ ಕೆಲಸ ಮಾಡುತ್ತಿದೆ ರಾಜ್ಯ ಸರ್ಕಾರ ರೈತರ ಧ್ವನಿಯಾಗಿ ಜನ ಸಾಮಾನ್ಯರ ಅಶೋತ್ತರಗಳಿಗೆ ಸ್ವಂದಿಸಿ ಕೆಲಸ ಮಾಡಲಿದೆ,N,P,ಆದ್ದರಿಂದ,ಶಾಶ್ವತ ನೀರಾವರಿ ಇಲ್ಲದೇ ರೈತರು ತೀರಾ ಸಂಕಷ್ಟದಲ್ಲಿ ಜೀವನ ನಡೆಸುತ್ತಿದ್ದಾರೆ,ಆದ್ದರಿಂದ ಶೀಘ್ರಗತಿಯಲ್ಲಿ ಎತ್ತಿನಹೊಳೆ ನೀರನ್ನು ಈ ಭಾಗಕ್ಕೆ ಹರಿಸಬೇಕೆಂಬ ನಿಟ್ಟಿನಲ್ಲಿ ಪ್ರಾಮಾಣಿಕ ಸರ್ಕಾರ ಕೆಲಸ ಮಾಡುತ್ತಿದೆ ರಾಜ್ಯ ಸರ್ಕಾರ ರೈತರ ಧ್ವನಿಯಾಗಿ ಜನ ಸಾಮಾನ್ಯರ ಅಶೋತ್ತರಗಳಿಗೆ ಸ್ವಂದಿಸಿ ಕೆಲಸ ಮಾಡಲಿದೆ
ರಸ್ತೆ ನಿರ್ಮಾಣವಾಗಿ ಅನೇಕ ವರ್ಷಗಳು ಕಳೆದರೂ ಗಿಡಗಳನ್ನು ನೆಟ್ಟಿರಲಿಲ್ಲ ಆದರೆ ಈಗ ರಾಹುಲ್ ಗಾಂಧಿ ಆಗಮಿಸುವ ಹಿನ್ನಲೆಯಲ್ಲಿ ದಿಢೀರನೆ ಗಿಡ ನೆಟ್ಟಿರುವುದು ಅಚ್ಚರಿಗೆ ಕಾರಣವಾಗಿದೆ,N,O,ಆದರೆ,ರಸ್ತೆ ನಿರ್ಮಾಣವಾಗಿ ಅನೇಕ ವರ್ಷಗಳು ಕಳೆದರೂ ಗಿಡಗಳನ್ನು ನೆಟ್ಟಿರಲಿಲ್ಲ,ಆದರೆ ಈಗ ರಾಹುಲ್ ಗಾಂಧಿ ಆಗಮಿಸುವ ಹಿನ್ನಲೆಯಲ್ಲಿ ದಿಢೀರನೆ ಗಿಡ ನೆಟ್ಟಿರುವುದು ಅಚ್ಚರಿಗೆ ಕಾರಣವಾಗಿದೆ
ಇದೀಗ ಎಲ್ಲದಕ್ಕೂ ಕಾಲ ಕೂಡಿಬಂದಿದ್ದು ಚಿತ್ರದ ಕಡೆ ನಿರ್ದೇಶಕ ಆರ್ ಚಂದ್ರು ಅವರು ಗಮನ ಹರಿಸಿದ್ದಾರೆ ಆದ್ದರಿಂದ ಸದ್ಯದಲ್ಲೇ ಚಾರ್ ಮಿನಾರ್ ನಿರ್ದೇಶಕ ಆರ್ ಚಂದ್ರು ಮತ್ತು ಶಿವಣ್ಣ ಅವರ ಜುಗಲ್ ಬಂದಿಯಲ್ಲಿ ಬಾದ್ ಷಾ ಮೂಡಿಬರಲಿದ್ದು ಚಿತ್ರ ಆದಷ್ಟು ಬೇಗನೆ ಸೆಟ್ಟೇರಲಿದೆ,P,P,ಆದ್ದರಿಂದ,ಇದೀಗ ಎಲ್ಲದಕ್ಕೂ ಕಾಲ ಕೂಡಿಬಂದಿದ್ದು ಚಿತ್ರದ ಕಡೆ ನಿರ್ದೇಶಕ ಆರ್ ಚಂದ್ರು ಅವರು ಗಮನ ಹರಿಸಿದ್ದಾರೆ,ಆದ್ದರಿಂದ ಸದ್ಯದಲ್ಲೇ ಚಾರ್ ಮಿನಾರ್ ನಿರ್ದೇಶಕ ಆರ್ ಚಂದ್ರು ಮತ್ತು ಶಿವಣ್ಣ ಅವರ ಜುಗಲ್ ಬಂದಿಯಲ್ಲಿ ಬಾದ್ ಷಾ ಮೂಡಿಬರಲಿದ್ದು ಚಿತ್ರ ಆದಷ್ಟು ಬೇಗನೆ ಸೆಟ್ಟೇರಲಿದೆ
ಇಂದಿನ ಒತ್ತಡ ಜೀವನದಲ್ಲಿ ಎಲ್ಲರು ಹೆಚ್ಚಾಗಿ ಮುಖ ಗಂಟಾಗಿಕೊಂಡೆ ಇರುತ್ತಾರೆ ಜನರ ಲೈಫ್ ಸ್ಟೈಲ್ ಇಂದ ಅವರ ನಗುನೇ ಹೊರಟು ಹೋಗುತ್ತಿದೆ ಆದ್ದರಿಂದ ಆ ರೀತಿ ಇರಬೇಡಿ ಪ್ಲೀಸ್ ನಗಿ ಅನ್ನೋ ಮೆಸೇಜ್ ಅನ್ನು ಹೇಳೋಕೆ ಹೊರಟಿದ್ದೇವೆ,N,P,ಆದ್ದರಿಂದ,ಇಂದಿನ ಒತ್ತಡ ಜೀವನದಲ್ಲಿ ಎಲ್ಲರು ಹೆಚ್ಚಾಗಿ ಮುಖ ಗಂಟಾಗಿಕೊಂಡೆ ಇರುತ್ತಾರೆ ಜನರ ಲೈಫ್ ಸ್ಟೈಲ್ ಇಂದ ಅವರ ನಗುನೇ ಹೊರಟು ಹೋಗುತ್ತಿದೆ,ಆದ್ದರಿಂದ ಆ ರೀತಿ ಇರಬೇಡಿ ಪ್ಲೀಸ್ ನಗಿ ಅನ್ನೋ ಮೆಸೇಜ್ ಅನ್ನು ಹೇಳೋಕೆ ಹೊರಟಿದ್ದೇವೆ
ಕಳೆದ ವರ್ಷ ಫೆಬ್ರವರಿಯಲ್ಲಿ ಸಿಯಾಚಿನ್ನಲ್ಲಿ ಸಂಭವಿಸಿದ ಹಿಮಪಾತದಲ್ಲಿ ಅನೇಕ ಸೈನಿಕರು ದುರ್ಮರಣವನ್ನಪ್ಪಿದ್ದರು ಆದರೆ ಕೊಪ್ಪದ್ 6 ದಿನಗಳ ಬಳಿಕ ಹಿಮದಡಿಯಲ್ಲಿ ಜೀವಂತವಾಗಿ ಸಿಕ್ಕಿ ಸಂಪೂರ್ಣ ದೇಶಕ್ಕೆ ಆಶ್ಚರ್ಯ ಮತ್ತು ಹೆಮ್ಮೆಯುಂಟಾಗುವಂತೆ ಮಾಡಿದ್ದರು,N,P,ಆದರೆ,ಕಳೆದ ವರ್ಷ ಫೆಬ್ರವರಿಯಲ್ಲಿ ಸಿಯಾಚಿನ್ನಲ್ಲಿ ಸಂಭವಿಸಿದ ಹಿಮಪಾತದಲ್ಲಿ ಅನೇಕ ಸೈನಿಕರು ದುರ್ಮರಣವನ್ನಪ್ಪಿದ್ದರು,ಆದರೆ ಕೊಪ್ಪದ್ 6 ದಿನಗಳ ಬಳಿಕ ಹಿಮದಡಿಯಲ್ಲಿ ಜೀವಂತವಾಗಿ ಸಿಕ್ಕಿ ಸಂಪೂರ್ಣ ದೇಶಕ್ಕೆ ಆಶ್ಚರ್ಯ ಮತ್ತು ಹೆಮ್ಮೆಯುಂಟಾಗುವಂತೆ ಮಾಡಿದ್ದರು
ಫೇಸ್ಬುಕ್ ಯಾವ ಆಲೋಚನೆಯಲ್ಲಿ ಫೇಸ್ ರೆಕಗ್ನೈಶನ್ ತಂತ್ರಜ್ಞಾನವನ್ನು ತರುತ್ತಿದೆ ಎಂಬುದು ಈ ವರೆಗೂ ಸ್ಪಷ್ಟವಾಗಿಲ್ಲ ಆದರೆ ಫೇಸ್ಬುಕ್ ಫೇಸ್ ರೆಕಗ್ನೈಶನ್ ತಂತ್ರಜ್ಞಾನ ಬಳಕೆಗೆ ಬಂದರೆ ಬಳಕೆದಾರರಿಗೆ ತಮ್ಮ ಫೇಸ್ಬುಕ್ ಅಕೌಂಟ್ ರಕ್ಷಣೆಗಾಗಿ ಮತ್ತು ಲಾಗಿನ್ ಆಗಲು ಸುಲಭವಾಗುವಂತೆ ಸಹಾಯಕವಾಗಲಿದೆ,O,P,ಆದರೆ,ಫೇಸ್ಬುಕ್ ಯಾವ ಆಲೋಚನೆಯಲ್ಲಿ ಫೇಸ್ ರೆಕಗ್ನೈಶನ್ ತಂತ್ರಜ್ಞಾನವನ್ನು ತರುತ್ತಿದೆ ಎಂಬುದು ಈ ವರೆಗೂ ಸ್ಪಷ್ಟವಾಗಿಲ್ಲ,ಆದರೆ ಫೇಸ್ಬುಕ್ ಫೇಸ್ ರೆಕಗ್ನೈಶನ್ ತಂತ್ರಜ್ಞಾನ ಬಳಕೆಗೆ ಬಂದರೆ ಬಳಕೆದಾರರಿಗೆ ತಮ್ಮ ಫೇಸ್ಬುಕ್ ಅಕೌಂಟ್ ರಕ್ಷಣೆಗಾಗಿ ಮತ್ತು ಲಾಗಿನ್ ಆಗಲು ಸುಲಭವಾಗುವಂತೆ ಸಹಾಯಕವಾಗಲಿದೆ
ಆ ಕಾಲವೇ ಹಾಗಿತ್ತು ಮುಖಾಮುಖಿ ಮಾತು ಸಂಬಂಧಗಳಿಗೆ ಬೆಲೆ ಇತ್ತು ಜತೆಯಾಗಿ ಊಟ ಆಟ ಪಾಠ ನಮ್ಮದಾಗುತ್ತಿತ್ತು ಆದರೆ ಈಗ ಕಾಲ ಹಾಗಿಲ್ಲ ವೈಯಕ್ತಿಕ ಹಿತಾಸಕ್ತಿ ಸಾಧನೆ ಕೆಲಸದ ಒತ್ತಡ ಎಲ್ಲವನ್ನು ನುಂಗುತ್ತಿದೆ,P,N,ಆದರೆ,ಆ ಕಾಲವೇ ಹಾಗಿತ್ತು ಮುಖಾಮುಖಿ ಮಾತು ಸಂಬಂಧಗಳಿಗೆ ಬೆಲೆ ಇತ್ತು ಜತೆಯಾಗಿ ಊಟ ಆಟ ಪಾಠ ನಮ್ಮದಾಗುತ್ತಿತ್ತು,ಆದರೆ ಈಗ ಕಾಲ ಹಾಗಿಲ್ಲ ವೈಯಕ್ತಿಕ ಹಿತಾಸಕ್ತಿ ಸಾಧನೆ ಕೆಲಸದ ಒತ್ತಡ ಎಲ್ಲವನ್ನು ನುಂಗುತ್ತಿದೆ
ನಾವೆಲ್ಲ ಯಾಕೆ ಹೀಗೆ ಆಗುತ್ತಿದ್ದೇವೆ ? ದೊಡ್ಡ ಗ್ರಾತ್ರದ ಕಟ್ಟಡ ಕಟ್ಟಬೇಕು ರೋಬೊ ಕಂಡುಹಿಡಿಯಬೇಕು ನಿಜ ಆದರೆ ನಾವೇ ರೋಬೊ ಆಗಬಾರದು ನಿಂತ ಕಟ್ಟಡವೂ ಆಗಬಾರದು,P,N,ಆದರೆ,ನಾವೆಲ್ಲ ಯಾಕೆ ಹೀಗೆ ಆಗುತ್ತಿದ್ದೇವೆ ? ದೊಡ್ಡ ಗ್ರಾತ್ರದ ಕಟ್ಟಡ ಕಟ್ಟಬೇಕು ರೋಬೊ ಕಂಡುಹಿಡಿಯಬೇಕು ನಿಜ,ಆದರೆ ನಾವೇ ರೋಬೊ ಆಗಬಾರದು ನಿಂತ ಕಟ್ಟಡವೂ ಆಗಬಾರದು
ಶ್ರೀವಿದ್ಯಾಮಾನ್ಯರ ಸಮೀಪದ ಒಡನಾಟ ನನಗೆ ದೊರಕಿರಲಿಲ್ಲ ಆದರೆ ಅವರ ಮುಗ್ದತೆಯ ಬಗ್ಗೆ ಇನ್ನಿತರ ಹಿರಿಯರಿಂದ ಕೇಳಿ ಬಲ್ಲೆ,N,P,ಆದರೆ,ಶ್ರೀವಿದ್ಯಾಮಾನ್ಯರ ಸಮೀಪದ ಒಡನಾಟ ನನಗೆ ದೊರಕಿರಲಿಲ್ಲ,ಆದರೆ ಅವರ ಮುಗ್ದತೆಯ ಬಗ್ಗೆ ಇನ್ನಿತರ ಹಿರಿಯರಿಂದ ಕೇಳಿ ಬಲ್ಲೆ
ಖ್ಯಾತ ಬಾಲಿವುಡ್ ನಟ ಸಲ್ಮಾನ್ ಖಾನ್ ಅಭಿನಯದ ಸುಲ್ತಾನ್ ಚಿತ್ರ ಬಿಡುಗಡೆಗೊಂಡ ಮೂರು ದಿನಗಳಲ್ಲೇ 100 ಕೋಟಿ ಕ್ಲಬ್ ಸೇರುವ ಮೂಲಕ ದಾಖಲೆ ಮಾಡಿದೆ ಅಲ್ಲದೇ ಅತಿ ಹೆಚ್ಚು ಗಳಿಕೆ ಮಾಡಿದ ಚಿತ್ರಗಳ ಪಟ್ಟಿಯಲ್ಲಿ ಸಲ್ಮಾನ್ ಖಾನ್ ಪ್ರಥಮ ಸ್ಥಾನದಲ್ಲಿದ್ದಾರೆ ಆದರೆ ವಿಶ್ವದ ಅತಿ ಹೆಚ್ಚು ಸಂಭಾವನೆ ಪಡೆಯುತ್ತಿರುವ ಸೆಲೆಬ್ರಿಟಿಗಳ ಪಟ್ಟಿಯನ್ನು ಫೋರ್ಬ್ಸ್ ನಿಯತಕಾಲಿಕೆ ಬಿಡುಗಡೆ ಮಾಡಿದ್ದು ಇದರಲ್ಲಿ ಸಲ್ಮಾನ್ ಸ್ಥಾನ ಗಿಟ್ಟಿಸಿಕೊಂಡಿಲ್ಲ,P,N,ಆದರೆ,ಖ್ಯಾತ ಬಾಲಿವುಡ್ ನಟ ಸಲ್ಮಾನ್ ಖಾನ್ ಅಭಿನಯದ ಸುಲ್ತಾನ್ ಚಿತ್ರ ಬಿಡುಗಡೆಗೊಂಡ ಮೂರು ದಿನಗಳಲ್ಲೇ 100 ಕೋಟಿ ಕ್ಲಬ್ ಸೇರುವ ಮೂಲಕ ದಾಖಲೆ ಮಾಡಿದೆ ಅಲ್ಲದೇ ಅತಿ ಹೆಚ್ಚು ಗಳಿಕೆ ಮಾಡಿದ ಚಿತ್ರಗಳ ಪಟ್ಟಿಯಲ್ಲಿ ಸಲ್ಮಾನ್ ಖಾನ್ ಪ್ರಥಮ ಸ್ಥಾನದಲ್ಲಿದ್ದಾರೆ,ಆದರೆ ವಿಶ್ವದ ಅತಿ ಹೆಚ್ಚು ಸಂಭಾವನೆ ಪಡೆಯುತ್ತಿರುವ ಸೆಲೆಬ್ರಿಟಿಗಳ ಪಟ್ಟಿಯನ್ನು ಫೋರ್ಬ್ಸ್ ನಿಯತಕಾಲಿಕೆ ಬಿಡುಗಡೆ ಮಾಡಿದ್ದು ಇದರಲ್ಲಿ ಸಲ್ಮಾನ್ ಸ್ಥಾನ ಗಿಟ್ಟಿಸಿಕೊಂಡಿಲ್ಲ
ನಾನು ಇಷ್ಟು ಮಾಡಿದ್ದಕ್ಕೆ ಇಲಾಖೆ ನನ್ನನ್ನು ಅಭಿನಂದಿಸಲು ಮರೆಯಲಿಲ್ಲ ಆದರೆ ಮಾಡಬೇಕಾದ ಕೆಲಸ ಮಾತ್ರ ಮಾಡಲಿಲ್ಲ,P,N,ಆದರೆ,ನಾನು ಇಷ್ಟು ಮಾಡಿದ್ದಕ್ಕೆ ಇಲಾಖೆ ನನ್ನನ್ನು ಅಭಿನಂದಿಸಲು ಮರೆಯಲಿಲ್ಲ,ಆದರೆ ಮಾಡಬೇಕಾದ ಕೆಲಸ ಮಾತ್ರ ಮಾಡಲಿಲ್ಲ
ದೇಶದ ದುರದೃಷ್ಟ ಅಧಿಕಾರಿಗಳಿಗೆ ಮರಗಳ ರಕ್ಷಣೆಗಿಂತ ಇಲಾಖೆಯ ಪ್ರತಿಷ್ಠೆಯ ರಕ್ಷಣೆ ಹೆಚ್ಚು ಮುಖ್ಯವಾಯಿತು ಹೀಗಾಗಿ ಬೊಳ್ಳಾಜೆಯ ಹಲವು ಮರಗಳು ಅಕಾಲ ಮರಣಕ್ಕೀಡಾದವು,O,N,ಹೀಗಾಗಿ,ದೇಶದ ದುರದೃಷ್ಟ ಅಧಿಕಾರಿಗಳಿಗೆ ಮರಗಳ ರಕ್ಷಣೆಗಿಂತ ಇಲಾಖೆಯ ಪ್ರತಿಷ್ಠೆಯ ರಕ್ಷಣೆ ಹೆಚ್ಚು ಮುಖ್ಯವಾಯಿತು,ಹೀಗಾಗಿ ಬೊಳ್ಳಾಜೆಯ ಹಲವು ಮರಗಳು ಅಕಾಲ ಮರಣಕ್ಕೀಡಾದವು
ಎಂ ಎಸ್ ಇ ಜಡ್ ಕಂಪೆನಿಯ ಪ್ರತಿ ಹೆಜ್ಜೆಯನ್ನೂ ಸೂಕ್ಷ್ಮವಾಗಿ ಗಮನಿಸಬೇಕಿತ್ತು ಆದರೆ ಅದು ಹೊಸದೊಂದು ಅಣೆಕಟ್ಟು ನಿರ್ಮಿಸಿ ಮಂಗಳೂರಿಗರಿಗೆ ನೀರು ಕೊಡುವ ಉತ್ಸಾಹದಲ್ಲಿ ತನ್ನ ನೀರಿನ ಮೂಲಕ್ಕೇ ಕನ್ನ ಬೀಳುತ್ತಿರುವುದನ್ನು ಕಾಣುತ್ತಿಲ್ಲ,O,O,ಆದರೆ,ಎಂ ಎಸ್ ಇ ಜಡ್ ಕಂಪೆನಿಯ ಪ್ರತಿ ಹೆಜ್ಜೆಯನ್ನೂ ಸೂಕ್ಷ್ಮವಾಗಿ ಗಮನಿಸಬೇಕಿತ್ತು,ಆದರೆ ಅದು ಹೊಸದೊಂದು ಅಣೆಕಟ್ಟು ನಿರ್ಮಿಸಿ ಮಂಗಳೂರಿಗರಿಗೆ ನೀರು ಕೊಡುವ ಉತ್ಸಾಹದಲ್ಲಿ ತನ್ನ ನೀರಿನ ಮೂಲಕ್ಕೇ ಕನ್ನ ಬೀಳುತ್ತಿರುವುದನ್ನು ಕಾಣುತ್ತಿಲ್ಲ
ಈ ಜಿಲ್ಲೆಗಳಿಗೆ ಕಾವೇರಿ ನದಿಯಿಂದ ನೀರು ಪೂರೈಸುವ ಯಾವ ಯೋಜನೆಯೂ ಇಲ್ಲ ಏಕೆಂದರೆ ಕಾವೇರಿಯ ನೀರು ನೀರಾವರಿ ಹಾಗೂ ದಿನದಿನವೂ ಬೆಳೆಯುತ್ತಿರುವ ಬೆಂಗಳೂರಿನ ಕುಡಿಯುವ ನೀರಿನ ಬೇಡಿಕೆಯನ್ನು ಪೂರೈಸಲು ಮೀಸಲಾಗಿದೆ,O,O,ಏಕೆಂದರೆ,ಈ ಜಿಲ್ಲೆಗಳಿಗೆ ಕಾವೇರಿ ನದಿಯಿಂದ ನೀರು ಪೂರೈಸುವ ಯಾವ ಯೋಜನೆಯೂ ಇಲ್ಲ,ಏಕೆಂದರೆ ಕಾವೇರಿಯ ನೀರು ನೀರಾವರಿ ಹಾಗೂ ದಿನದಿನವೂ ಬೆಳೆಯುತ್ತಿರುವ ಬೆಂಗಳೂರಿನ ಕುಡಿಯುವ ನೀರಿನ ಬೇಡಿಕೆಯನ್ನು ಪೂರೈಸಲು ಮೀಸಲಾಗಿದೆ
ತೊಂದರೆ ಇಲ್ಲಪ್ಪ ಹತ್ತಿರವೇ ಸಕಲೇಶಪುರ ಇದೆ ಅಲ್ಲಿಗೆ ಬಂದು ಇರ್ತಾವೆ ಮೊನ್ನೆ ಮೈಸೂರಿಗೆ ಬಂದಿದ್ದವಲ್ಲ ಹಾಗೇ ಅಂದಾರು ನಮ್ಮ ಯೋಜನಾಕರ್ತರು ಆದರೆ ಸಕಲೇಶಪುರದ ಜನ ಇದಕ್ಕೆ ಒಪ್ಪಿಗೆ ಕೊಡುತ್ತಾರೋ ಗೊತ್ತಿಲ್ಲ,P,O,ಆದರೆ,ತೊಂದರೆ ಇಲ್ಲಪ್ಪ ಹತ್ತಿರವೇ ಸಕಲೇಶಪುರ ಇದೆ ಅಲ್ಲಿಗೆ ಬಂದು ಇರ್ತಾವೆ ಮೊನ್ನೆ ಮೈಸೂರಿಗೆ ಬಂದಿದ್ದವಲ್ಲ ಹಾಗೇ ಅಂದಾರು ನಮ್ಮ ಯೋಜನಾಕರ್ತರು,ಆದರೆ ಸಕಲೇಶಪುರದ ಜನ ಇದಕ್ಕೆ ಒಪ್ಪಿಗೆ ಕೊಡುತ್ತಾರೋ ಗೊತ್ತಿಲ್ಲ
ಎಲ್ಲಾ ಹಳ್ಳಿಗಳಿಗೂ ಕುಡಿಯುವ ನೀರಿಗೆ ಕೊಳವೆ ಬಾವಿ ನೀರೇ ಅಸರೆ ಆದರೆ ಅವುಗಳ ಸೂಕ್ತ ನಿರ್ವಹಣೆ ಇಲ್ಲದೆ ಸುರಕ್ಷಿತತೆ ಮತ್ತು ನೈರ್ಮಲ್ಯತೆಯೇ ಇಲ್ಲವಾಗಿತ್ತು,O,N,ಆದರೆ,ಎಲ್ಲಾ ಹಳ್ಳಿಗಳಿಗೂ ಕುಡಿಯುವ ನೀರಿಗೆ ಕೊಳವೆ ಬಾವಿ ನೀರೇ ಅಸರೆ,ಆದರೆ ಅವುಗಳ ಸೂಕ್ತ ನಿರ್ವಹಣೆ ಇಲ್ಲದೆ ಸುರಕ್ಷಿತತೆ ಮತ್ತು ನೈರ್ಮಲ್ಯತೆಯೇ ಇಲ್ಲವಾಗಿತ್ತು
ನಮ್ಮಲ್ಲಿ ಹೆಚ್ಚಿನವರು ಏನೆಲ್ಲ ಕಿರಿಕಿರಿಯನ್ನು ತುಟಿಪಿಟಕ್ಕೆನ್ನದೆ ಸಹಿಸಿಕೊಂಡೇ ಬದುಕುತ್ತಿದ್ದೇವೆ ಆದರೆ ನಾನು ಮೈಕಿನ ಈ ಕಿರಿಕಿರಿಯಿಂದ ಸ್ವಲ್ಪ ಮಟ್ಟಿಗಾದರೂ ತಪ್ಪಿಸಿಕೊಳ್ಳಲು ಸಣ್ಣ ಪ್ರಯತ್ನ ಮಾಡುತ್ತಿದ್ದೇನೆ,N,N,ಆದರೆ,ನಮ್ಮಲ್ಲಿ ಹೆಚ್ಚಿನವರು ಏನೆಲ್ಲ ಕಿರಿಕಿರಿಯನ್ನು ತುಟಿಪಿಟಕ್ಕೆನ್ನದೆ ಸಹಿಸಿಕೊಂಡೇ ಬದುಕುತ್ತಿದ್ದೇವೆ,ಆದರೆ ನಾನು ಮೈಕಿನ ಈ ಕಿರಿಕಿರಿಯಿಂದ ಸ್ವಲ್ಪ ಮಟ್ಟಿಗಾದರೂ ತಪ್ಪಿಸಿಕೊಳ್ಳಲು ಸಣ್ಣ ಪ್ರಯತ್ನ ಮಾಡುತ್ತಿದ್ದೇನೆ
ಯಾರೂ ಸಮರ್ಪಕ ಉತ್ತರ ಕೊಡುವುದಿಲ್ಲ ಆದರೆ ಈ ಪ್ರಶ್ನೆ ಕೇಳಿದರೆ ಎಲ್ಲರಿಗೂ ಸಿಟ್ಟು ಬರುತ್ತದೆ,N,N,ಆದರೆ,ಯಾರೂ ಸಮರ್ಪಕ ಉತ್ತರ ಕೊಡುವುದಿಲ್ಲ,ಆದರೆ ಈ ಪ್ರಶ್ನೆ ಕೇಳಿದರೆ ಎಲ್ಲರಿಗೂ ಸಿಟ್ಟು ಬರುತ್ತದೆ
ಅನೇಕ ನಾಗರಿಕರಿಗೆ ಕಿರಿಕಿರಿಯಾಗುತ್ತಿದ್ದರೂ ಸಹ ಸೂಕ್ತ ಮಾಹಿತಿಯ ಕೊರತೆಯಿಂದ ಅಂಥವರು ಅಸಹಾಯಕರಾಗಿದ್ದಾರೆ ಆದ್ದರಿಂದ ಇನ್ನು ಮುಂದೆ ಧ್ವನಿವರ್ಧಕ ಬಳಸಲು ಅನುಮತಿ ನೀಡುವಾಗ ಅನುಮತಿ ಪಡೆದವರು ಈ ಕೆಳಗಿನ ಮಾಹಿತಿಗಳನ್ನು ಸಾರ್ವಜನಿಕರಿಗೆ ಕಡ್ಡಾಯವಾಗಿ ನೀಡುವಂತೆ ಅವರಿಗೆ ಸೂಚಿಸಬೇಕಾಗಿ ಕೋರುತ್ತೇನೆ,N,O,ಆದ್ದರಿಂದ,ಅನೇಕ ನಾಗರಿಕರಿಗೆ ಕಿರಿಕಿರಿಯಾಗುತ್ತಿದ್ದರೂ ಸಹ ಸೂಕ್ತ ಮಾಹಿತಿಯ ಕೊರತೆಯಿಂದ ಅಂಥವರು ಅಸಹಾಯಕರಾಗಿದ್ದಾರೆ,ಆದ್ದರಿಂದ ಇನ್ನು ಮುಂದೆ ಧ್ವನಿವರ್ಧಕ ಬಳಸಲು ಅನುಮತಿ ನೀಡುವಾಗ ಅನುಮತಿ ಪಡೆದವರು ಈ ಕೆಳಗಿನ ಮಾಹಿತಿಗಳನ್ನು ಸಾರ್ವಜನಿಕರಿಗೆ ಕಡ್ಡಾಯವಾಗಿ ನೀಡುವಂತೆ ಅವರಿಗೆ ಸೂಚಿಸಬೇಕಾಗಿ ಕೋರುತ್ತೇನೆ
ಬಯಲುಸೀಮೆಯ ಜನರ ಅದರಲ್ಲೂ ಹೆಂಗಸರ ಕಷ್ಟ ನನಗೆ ಚೆನ್ನಾಗಿ ಅರ್ಥವಾಗುತ್ತದೆ ಆದರೆ ಬಯಲು ಸೀಮೆಯ ಜನರ ಸಮಸ್ಯೆಗೆ ಪಶ್ಚಿಮ ಘಟ್ಟಗಳಿಂದ ನೀರು ಒಯ್ಯುವುದು ಪರಿಹಾರ ಅಲ್ಲ,N,N,ಆದರೆ,ಬಯಲುಸೀಮೆಯ ಜನರ ಅದರಲ್ಲೂ ಹೆಂಗಸರ ಕಷ್ಟ ನನಗೆ ಚೆನ್ನಾಗಿ ಅರ್ಥವಾಗುತ್ತದೆ,ಆದರೆ ಬಯಲು ಸೀಮೆಯ ಜನರ ಸಮಸ್ಯೆಗೆ ಪಶ್ಚಿಮ ಘಟ್ಟಗಳಿಂದ ನೀರು ಒಯ್ಯುವುದು ಪರಿಹಾರ ಅಲ್ಲ
ಸರಕಾರವೇನೋ ಕೆರೆಗಳ ಪುನರುಜ್ಜೀವನ ಎಂಬ ಹೆಸರಿನಲ್ಲಿ ಹಣವನ್ನು ನೀರಿನಂತೆ ಚೆಲ್ಲುತ್ತಿದೆ ಆದರೆ ಎಲ್ಲಿಯವರೆಗೆ ಜನರ ಸಾಮೂಹಿಕ ಸಹಭಾಗಿತ್ವ ಇಲ್ಲವೋ ನಮ್ಮ ಊರ ಕೆರೆಗೆ ನಾವೇ ಜವಾಬ್ದಾರರು ಎಂಬ ಭಾವನೆ ಪುನಃ ಬರುವುದಿಲ್ಲವೋ ಎಲ್ಲಿಯವರೆಗೆ ನಾವು ಪ್ರತಿಯೊಂದಕ್ಕೂ ಸರಕಾರದ ಕಡೆಗೆ ನೋಡುತ್ತಿರುತ್ತೇವೋ ಅಲ್ಲಿಯವರೆಗೂ ಸಮಸ್ಯೆಗೆ ಪರಿಹಾರವಿಲ್ಲ,O,N,ಆದರೆ,ಸರಕಾರವೇನೋ ಕೆರೆಗಳ ಪುನರುಜ್ಜೀವನ ಎಂಬ ಹೆಸರಿನಲ್ಲಿ ಹಣವನ್ನು ನೀರಿನಂತೆ ಚೆಲ್ಲುತ್ತಿದೆ,ಆದರೆ ಎಲ್ಲಿಯವರೆಗೆ ಜನರ ಸಾಮೂಹಿಕ ಸಹಭಾಗಿತ್ವ ಇಲ್ಲವೋ ನಮ್ಮ ಊರ ಕೆರೆಗೆ ನಾವೇ ಜವಾಬ್ದಾರರು ಎಂಬ ಭಾವನೆ ಪುನಃ ಬರುವುದಿಲ್ಲವೋ ಎಲ್ಲಿಯವರೆಗೆ ನಾವು ಪ್ರತಿಯೊಂದಕ್ಕೂ ಸರಕಾರದ ಕಡೆಗೆ ನೋಡುತ್ತಿರುತ್ತೇವೋ ಅಲ್ಲಿಯವರೆಗೂ ಸಮಸ್ಯೆಗೆ ಪರಿಹಾರವಿಲ್ಲ
೧೯೧೩ರಲ್ಲಿ ನೇತ್ರಾವತಿ ನದಿ ಬತ್ತಿತ್ತು ಎಂದು ಮಾತ್ರ ತಿಳಿಸಲಾಗಿದೆ ಆದರೆ ವಿನಾಯಕ್ ಅವರು ಎರಡು ಮುಖ್ಯ ಪ್ರವಾಹಗಳ (೧೯೨೪ ೧೯೭೪) ಬಗ್ಗೆ ತಿಳಿಸೇ ಇಲ್ಲ,N,N,ಆದರೆ,೧೯೧೩ರಲ್ಲಿ ನೇತ್ರಾವತಿ ನದಿ ಬತ್ತಿತ್ತು ಎಂದು ಮಾತ್ರ ತಿಳಿಸಲಾಗಿದೆ,ಆದರೆ ವಿನಾಯಕ್ ಅವರು ಎರಡು ಮುಖ್ಯ ಪ್ರವಾಹಗಳ (೧೯೨೪ ೧೯೭೪) ಬಗ್ಗೆ ತಿಳಿಸೇ ಇಲ್ಲ
ಮೇಲುನೋಟಕ್ಕೆ ಅದರಿಂದ ಯಾವ ತೊಂದರೆಯೂ ಆಗುವಂತೆ ಕಾಣುವುದಿಲ್ಲ ಆದರೆ ಸಮಸ್ಯೆ ಇಷ್ಟು ಸರಳ ಅಲ್ಲ,P,N,ಆದರೆ,ಮೇಲುನೋಟಕ್ಕೆ ಅದರಿಂದ ಯಾವ ತೊಂದರೆಯೂ ಆಗುವಂತೆ ಕಾಣುವುದಿಲ್ಲ,ಆದರೆ ಸಮಸ್ಯೆ ಇಷ್ಟು ಸರಳ ಅಲ್ಲ
ವಾಸ್ತವವಾಗಿ ಪಶ್ಚಿಮ ಘಟ್ಟಗಳನ್ನು ಉಳಿಸಿಕೊಳ್ಳಲು ಮಾಡಬೇಕಾದ ಮೊದಲ ಕೆಲಸವೆಂದರೆ ಅಲ್ಲಿಗೆ ಮನುಷ್ಯಪ್ರವೇಶವನ್ನು ಸಾಧ್ಯವಾದಷ್ಟೂ ತಡೆಯುವುದು ಆದರೆ ಈ ಕಿರು ಜಲವಿದ್ಯುತ್ ಯೋಜನೆಗಳಿಂದಾಗಿ ಪಶ್ಚಿಮಘಟ್ಟಗಳು ತಮ್ಮ ಸ್ವರೂಪವನ್ನೇ ಕಳೆದುಕೊಳ್ಳಲಿವೆ,O,N,ಆದರೆ,ವಾಸ್ತವವಾಗಿ ಪಶ್ಚಿಮ ಘಟ್ಟಗಳನ್ನು ಉಳಿಸಿಕೊಳ್ಳಲು ಮಾಡಬೇಕಾದ ಮೊದಲ ಕೆಲಸವೆಂದರೆ ಅಲ್ಲಿಗೆ ಮನುಷ್ಯಪ್ರವೇಶವನ್ನು ಸಾಧ್ಯವಾದಷ್ಟೂ ತಡೆಯುವುದು,ಆದರೆ ಈ ಕಿರು ಜಲವಿದ್ಯುತ್ ಯೋಜನೆಗಳಿಂದಾಗಿ ಪಶ್ಚಿಮಘಟ್ಟಗಳು ತಮ್ಮ ಸ್ವರೂಪವನ್ನೇ ಕಳೆದುಕೊಳ್ಳಲಿವೆ
ಪಶ್ಚಿಮಘಟ್ಟಕ್ಕೆ ಆಗುವ ಹಾನಿಯ ಕಲ್ಪನೆ ಬರಬಹುದು ಅಥವಾ ಆಗಲೂ ಬರುವುದು ಕಷ್ಟ,N,N,ಅಥವಾ,ಪಶ್ಚಿಮಘಟ್ಟಕ್ಕೆ ಆಗುವ ಹಾನಿಯ ಕಲ್ಪನೆ ಬರಬಹುದು,ಅಥವಾ ಆಗಲೂ ಬರುವುದು ಕಷ್ಟ
ಕರ್ನಾಟಕದ ವಿಷಯ ನಾನು ಹೇಳಲಾರೆ ಆದರೆ ದಕ ಜಿಲ್ಲೆಯಲ್ಲಂತೂ ಜೆಸಿಬಿಗಳು ಹಗಲು ರಾತ್ರೆಯ ವ್ಯತ್ಯಾಸವಿಲ್ಲದೆ ಸರ್ಪಯಜ್ನಕ್ಕೆ ತೊಡಗಿವೆ,O,O,ಆದರೆ,ಕರ್ನಾಟಕದ ವಿಷಯ ನಾನು ಹೇಳಲಾರೆ,ಆದರೆ ದಕ ಜಿಲ್ಲೆಯಲ್ಲಂತೂ ಜೆಸಿಬಿಗಳು ಹಗಲು ರಾತ್ರೆಯ ವ್ಯತ್ಯಾಸವಿಲ್ಲದೆ ಸರ್ಪಯಜ್ನಕ್ಕೆ ತೊಡಗಿವೆ
ಯಾವುದೇ ಕೀಟನಾಶಕ ಕೀಟಗಳನ್ನು ಮಾತ್ರ ನಾಶ ಮಾಡಲು ಶಕ್ತವಾಗಿರಬೇಕು ಹೊರತು ಅದನ್ನು ಸೇವಿಸಿದ ಇತರ ದೊಡ್ಡ ಪ್ರಾಣಿಗಳ ಮೇಲೆ ಮನುಷ್ಯರ ಮೇಲೆ ದುಷ್ಪರಿಣಾಮ ಉಂಟು ಮಾಡುವಂತಿರಬಾರದು,O,N,ಆದರೆ,ಯಾವುದೇ ಕೀಟನಾಶಕ ಕೀಟಗಳನ್ನು ಮಾತ್ರ ನಾಶ ಮಾಡಲು ಶಕ್ತವಾಗಿರಬೇಕು ಹೊರತು ಅದನ್ನು ಸೇವಿಸಿದ ಇತರ ದೊಡ್ಡ ಪ್ರಾಣಿಗಳ ಮೇಲೆ ಮನುಷ್ಯರ ಮೇಲೆ ದುಷ್ಪರಿಣಾಮ ಉಂಟು ಮಾಡುವಂತಿರಬಾರದು,
ಹೀಗಾಗಿ ಮನಸ್ಸಿಗೆ ಕೊಂಚ ಬೇಸರವಾಗಿರುವುದು ನಿಜ ಆದರೆ ಹೋರಾಟವನ್ನು ಅರ್ಧಕ್ಕೆ ನಿಲ್ಲಿಸುವುದಿಲ್ಲ ಎಂದು ಸ್ಪಷ್ಟಪಡಿಸಿದರು,N,O,ಆದರೆ,ಹೀಗಾಗಿ ಮನಸ್ಸಿಗೆ ಕೊಂಚ ಬೇಸರವಾಗಿರುವುದು ನಿಜ,ಆದರೆ ಹೋರಾಟವನ್ನು ಅರ್ಧಕ್ಕೆ ನಿಲ್ಲಿಸುವುದಿಲ್ಲ ಎಂದು ಸ್ಪಷ್ಟಪಡಿಸಿದರು
ಇದು ದೈವ ಕಾಟವೋ ಪ್ರೇತಚೇಷ್ಟೆಯೋ ಊರಿ ಗಂಟಿದ ಶಾಪವೋ ಗೊತ್ತಿಲ್ಲ ಆದರೆ ಈ ತಾಂಡಾದಲ್ಲಿ ಸಂಭವಿಸಿದ ಸರಣಿ ಸಾವಿಗೆ ಕಂಗೆಟ್ಟು ಗ್ರಾಮಸ್ಥರು ಊರನ್ನೇ ತೊರೆದ ವಿಚಿತ್ರ ಘಟನೆ ನಡೆದಿದೆ,O,N,ಆದರೆ,ಇದು ದೈವ ಕಾಟವೋ ಪ್ರೇತಚೇಷ್ಟೆಯೋ ಊರಿ ಗಂಟಿದ ಶಾಪವೋ ಗೊತ್ತಿಲ್ಲ,ಆದರೆ ಈ ತಾಂಡಾದಲ್ಲಿ ಸಂಭವಿಸಿದ ಸರಣಿ ಸಾವಿಗೆ ಕಂಗೆಟ್ಟು ಗ್ರಾಮಸ್ಥರು ಊರನ್ನೇ ತೊರೆದ ವಿಚಿತ್ರ ಘಟನೆ ನಡೆದಿದೆ
ನಿರ್ದೇಶಕ ಪ್ರೇಮ್ ಈಗ ದಿ ವಿಲನ್ ಸಿನಿಮಾ ಮಾಡುತ್ತಿದ್ದಾರೆ ಆದರೆ ಅವರು ಹೊಸ ವರ್ಷದ ಸಂಭ್ರಮದಲ್ಲಿರುವ ಶಿವರಾಜ್ ಕುಮಾರ್ ಮತ್ತು ಸುದೀಪ್ ಅಭಿಮಾನಿಗಳಿಗೆ ನಿರಾಸೆ ಮೂಡಿಸಿದ್ದಾರೆ,O,N,ಆದರೆ,ನಿರ್ದೇಶಕ ಪ್ರೇಮ್ ಈಗ ದಿ ವಿಲನ್ ಸಿನಿಮಾ ಮಾಡುತ್ತಿದ್ದಾರೆ,ಆದರೆ ಅವರು ಹೊಸ ವರ್ಷದ ಸಂಭ್ರಮದಲ್ಲಿರುವ ಶಿವರಾಜ್ ಕುಮಾರ್ ಮತ್ತು ಸುದೀಪ್ ಅಭಿಮಾನಿಗಳಿಗೆ ನಿರಾಸೆ ಮೂಡಿಸಿದ್ದಾರೆ
ಇನ್ನು ಹಲವು ಸಚಿನ್ ದಾಖಲೆಯನ್ನು ಕೊಹ್ಲಿಗೆ ಮುರಿಯುವುದು ಕಷ್ಟವೇನಲ್ಲ ಆದರೆ ಇದೊಂದು ದಾಖಲೆ ಮುರಿಯುವುದು ಕೊಹ್ಲಿಗೆ ಕಷ್ಟವಾಗಬಹುದು ಎಂದು ಸೆಹ್ವಾಗ್ ಅಭಿಪ್ರಾಯಪಟ್ಟಿದ್ದಾರೆ,P,N,ಆದರೆ,ಇನ್ನು ಹಲವು ಸಚಿನ್ ದಾಖಲೆಯನ್ನು ಕೊಹ್ಲಿಗೆ ಮುರಿಯುವುದು ಕಷ್ಟವೇನಲ್ಲ,ಆದರೆ ಇದೊಂದು ದಾಖಲೆ ಮುರಿಯುವುದು ಕೊಹ್ಲಿಗೆ ಕಷ್ಟವಾಗಬಹುದು ಎಂದು ಸೆಹ್ವಾಗ್ ಅಭಿಪ್ರಾಯಪಟ್ಟಿದ್ದಾರೆ
ಬರೀ ಚಿತ್ರ ನೋಡೀ ಕಥೆ ಕೇಳುವುದರಲ್ಲೇ ಸಮಾಧಾನಪಡಬೇಕಾದ ಸ್ಥಿತಿಗೆ ಬರಬಹುದೇನೋ ಏಕೆಂದರೆ ಶೀಘ್ರವಾಗಿ ನಶಿಸುತ್ತಿರುವ ಜೀವಿಗಳ ಸಾಲಿನಲ್ಲಿ ಹುಲಿರಾಯನಿದ್ದಾನೆ,O,N,ಆದರೆ,ಬರೀ ಚಿತ್ರ ನೋಡೀ ಕಥೆ ಕೇಳುವುದರಲ್ಲೇ ಸಮಾಧಾನಪಡಬೇಕಾದ ಸ್ಥಿತಿಗೆ ಬರಬಹುದೇನೋ ಏಕೆಂದರೆ ಶೀಘ್ರವಾಗಿ ನಶಿಸುತ್ತಿರುವ ಜೀವಿಗಳ ಸಾಲಿನಲ್ಲಿ ಹುಲಿರಾಯನಿದ್ದಾನೆ,
ಅವುಗಳನ್ನು ರಕ್ಷಿಸಲು ಪ್ರಾಜೆಕ್ಟ್ ಟೈಗರ್ ಎಂಬ ಕಾರ್ಯಕ್ರಮಕ್ಕೆ ಚಾಲನೆ ದೊರಕಿತು ಆದರೆ ಅದನ್ನು ಕಟ್ಟುನಿಟ್ಟಾಗಿ ಪಾಲಿಸುವ ಇಚ್ಛಾಶಕ್ತಿಯ ಕೊರತೆಯಿಂದಾಗಿ ಇಂದು ಪರಿಸ್ಥಿತಿ ಇನ್ನೂ ಹಾಗೇ ಇದೆ,P,N,ಆದರೆ,ಅವುಗಳನ್ನು ರಕ್ಷಿಸಲು ಪ್ರಾಜೆಕ್ಟ್ ಟೈಗರ್ ಎಂಬ ಕಾರ್ಯಕ್ರಮಕ್ಕೆ ಚಾಲನೆ ದೊರಕಿತು,ಆದರೆ ಅದನ್ನು ಕಟ್ಟುನಿಟ್ಟಾಗಿ ಪಾಲಿಸುವ ಇಚ್ಛಾಶಕ್ತಿಯ ಕೊರತೆಯಿಂದಾಗಿ ಇಂದು ಪರಿಸ್ಥಿತಿ ಇನ್ನೂ ಹಾಗೇ ಇದೆ
ನಿಜ ವನ್ಯಜೀವಿಗಳಿಗೆಲ್ಲ ನಾವು ಆಹಾರ ಒದಗಿಸುವುದು ಸಾಧ್ಯವಿಲ್ಲ ಆದರೆ ಅವುಗಳ ಆಹಾರವನ್ನು ನಾವು ಕಸಿಯುತ್ತಿದ್ದೇವಲ್ಲ ! ಅದನ್ನು ನಿಲ್ಲಿಸಿದರೆ ಸಾಕು,N,N,ಆದರೆ,ನಿಜ ವನ್ಯಜೀವಿಗಳಿಗೆಲ್ಲ ನಾವು ಆಹಾರ ಒದಗಿಸುವುದು ಸಾಧ್ಯವಿಲ್ಲ,ಆದರೆ ಅವುಗಳ ಆಹಾರವನ್ನು ನಾವು ಕಸಿಯುತ್ತಿದ್ದೇವಲ್ಲ ! ಅದನ್ನು ನಿಲ್ಲಿಸಿದರೆ ಸಾಕು
ಇಲ್ಲೆಲ್ಲಾ ಹುಲಿ ಬಂದು ಹೋಗಿತ್ತು ಅನ್ನುವ ಮಾತು ಈಗ ಯಾರು ಹೇಳುವುದಿಲ್ಲ ಏಕೆಂದರೆ ನಾನು ಹತ್ತಾರು ಸಲ ಬಂಢಿಪುರ ನಾಗರಹೊಳೆ ಕಬಿನಿ ಇತ್ಯಾದಿ ಕಾಡುಗಳಿಗೆ ಫೋಟೊತೆಗೆಯಲು ಹೋಗಿದ್ದೇನೆ ಒಮ್ಮೆಯೂ ಕಾಣಿಸಲಿಲ್ಲ,O,N,ಏಕೆಂದರೆ,ಇಲ್ಲೆಲ್ಲಾ ಹುಲಿ ಬಂದು ಹೋಗಿತ್ತು ಅನ್ನುವ ಮಾತು ಈಗ ಯಾರು ಹೇಳುವುದಿಲ್ಲ,ಏಕೆಂದರೆ ನಾನು ಹತ್ತಾರು ಸಲ ಬಂಢಿಪುರ ನಾಗರಹೊಳೆ ಕಬಿನಿ ಇತ್ಯಾದಿ ಕಾಡುಗಳಿಗೆ ಫೋಟೊತೆಗೆಯಲು ಹೋಗಿದ್ದೇನೆ ಒಮ್ಮೆಯೂ ಕಾಣಿಸಲಿಲ್ಲ
ಮಧ್ಯಾಹ್ನದ ಬಿಸಿಯೂಟದ ಖಾತೆಗೆ ಮತ್ತೆ ಜಮಾ ಮಾಡಲಾಗಿದೆ ಆದರೆ ಇನ್ನೂ ಕೋಟಿಯಷ್ಟು ಹಣ ನಿರ್ಮಾಣ ಸಂಸ್ಥೆ ಬಳಿಯೇ ಇದೆ,P,O,ಆದರೆ,ಮಧ್ಯಾಹ್ನದ ಬಿಸಿಯೂಟದ ಖಾತೆಗೆ ಮತ್ತೆ ಜಮಾ ಮಾಡಲಾಗಿದೆ,ಆದರೆ ಇನ್ನೂ ಕೋಟಿಯಷ್ಟು ಹಣ ನಿರ್ಮಾಣ ಸಂಸ್ಥೆ ಬಳಿಯೇ ಇದೆ
ಅರ್ನಬ್ ಗೋಸ್ವಾಮಿ ಟೌಮ್ಸ್ ನೆಟ್ ವರ್ಕನ್ನು ತೊರೆಯಲಿದ್ದಾರೆ ಆದರೆ ಪತ್ರಿಕೋದ್ಯಮದಲ್ಲೇ ಮುಂದುವರಿಯಲಿರುವ ಅರ್ನಬ್ ಅವರ ಮುಂದಿನ ಯೋಜನೆ ಏನು ಎಂಬುದು ಇನ್ನೂ ಗೊತ್ತಾಗಿಲ್ಲ,N,O,ಆದರೆ,ಅರ್ನಬ್ ಗೋಸ್ವಾಮಿ ಟೌಮ್ಸ್ ನೆಟ್ ವರ್ಕನ್ನು ತೊರೆಯಲಿದ್ದಾರೆ,ಆದರೆ ಪತ್ರಿಕೋದ್ಯಮದಲ್ಲೇ ಮುಂದುವರಿಯಲಿರುವ ಅರ್ನಬ್ ಅವರ ಮುಂದಿನ ಯೋಜನೆ ಏನು ಎಂಬುದು ಇನ್ನೂ ಗೊತ್ತಾಗಿಲ್ಲ
ರಾಜ್ಯದಲ್ಲಿ ಉತ್ತಮ ಮಳೆಯಾಗಿದ್ದು ರೈತರ ಮುಖದಲ್ಲಿ ಮಂದಹಾಸ ಉಂಟುಮಾಡಿದೆ ಆದರೆ ಇನ್ನೂ ಜಿಲ್ಲೆಗಳು ಮಳೆಯಿಲ್ಲದೆ ಬರಗಾಲ ಎದುರಿಸುತ್ತಿವೆ,P,N,ಆದರೆ,ರಾಜ್ಯದಲ್ಲಿ ಉತ್ತಮ ಮಳೆಯಾಗಿದ್ದು ರೈತರ ಮುಖದಲ್ಲಿ ಮಂದಹಾಸ ಉಂಟುಮಾಡಿದೆ,ಆದರೆ ಇನ್ನೂ ಜಿಲ್ಲೆಗಳು ಮಳೆಯಿಲ್ಲದೆ ಬರಗಾಲ ಎದುರಿಸುತ್ತಿವೆ
ಯಡಿಯೂರಪ್ಪ ಅವರು ಸಂಧಾನ ಮಾಡಲು ಪ್ರಯತ್ನಿಸಿದ್ದಾರೆ ಆದರೆ ತಿಪ್ಪೇಸ್ವಾಮಿ ಬೆಂಗಳೂರಿಗೆ ಬರಲಿಲ್ಲ,O,N,ಆದರೆ,ಯಡಿಯೂರಪ್ಪ ಅವರು ಸಂಧಾನ ಮಾಡಲು ಪ್ರಯತ್ನಿಸಿದ್ದಾರೆ,ಆದರೆ ತಿಪ್ಪೇಸ್ವಾಮಿ ಬೆಂಗಳೂರಿಗೆ ಬರಲಿಲ್ಲ
ನಿಮ್ಮ ಉಬುಂಟು ಮತ್ತೆ ಬೂಟ್ ಆಗದಿರಬಹುದು ಅಥವಾ ನಿಮಗೆ ತಂತ್ರಾಂಶಗಳಲ್ಲಿ ತೊಂದರೆ ಕಂಡುಬರಬಹುದು,N,N,ಅಥವಾ,ನಿಮ್ಮ ಉಬುಂಟು ಮತ್ತೆ ಬೂಟ್ ಆಗದಿರಬಹುದು,ಅಥವಾ ನಿಮಗೆ ತಂತ್ರಾಂಶಗಳಲ್ಲಿ ತೊಂದರೆ ಕಂಡುಬರಬಹುದು
ಈ ಜೋಡಿಯು ಟೆನಿಸ್ ಜಗತ್ತಿನಲ್ಲಿ ಇಂಡೋ-ಪಾಕ್ ಎಕ್ಸ್ಪ್ರೆಸ್ ಎಂದೇ ಪ್ರಖ್ಯಾತವಾಗಿತ್ತು ಆದರೆ ಅದೇನು ಕಾಯಿಲೆ ಬಂತೋ ಈ ವಿಜಯಿ ಜೋಡಿ ಮುರಿದು ದೂರಾಯಿತು,O,N,ಆದರೆ,ಈ ಜೋಡಿಯು ಟೆನಿಸ್ ಜಗತ್ತಿನಲ್ಲಿ ಇಂಡೋ-ಪಾಕ್ ಎಕ್ಸ್ಪ್ರೆಸ್ ಎಂದೇ ಪ್ರಖ್ಯಾತವಾಗಿತ್ತು,ಆದರೆ ಅದೇನು ಕಾಯಿಲೆ ಬಂತೋ ಈ ವಿಜಯಿ ಜೋಡಿ ಮುರಿದು ದೂರಾಯಿತು
ಇದನ್ನು ತೆಗೆದುಕೊಂಡಾಕ್ಷಣ ನೋವು ನಿವಾರಣೆಯಾಗುತ್ತೆ ನಿಜ ಆದರೆ ಅದರಿಂದ ನಮ್ಮ ಆರೋಗ್ಯಕ್ಕೆ ಎಷ್ಟು ಹಾನಿಯಾಗುತ್ತದೆ ಎಂಬುದನ್ನು ನಾವು ಅರಿತುಕೊಳ್ಳಬೇಕು,P,N,ಆದರೆ,ಇದನ್ನು ತೆಗೆದುಕೊಂಡಾಕ್ಷಣ ನೋವು ನಿವಾರಣೆಯಾಗುತ್ತೆ ನಿಜ,ಆದರೆ ಅದರಿಂದ ನಮ್ಮ ಆರೋಗ್ಯಕ್ಕೆ ಎಷ್ಟು ಹಾನಿಯಾಗುತ್ತದೆ ಎಂಬುದನ್ನು ನಾವು ಅರಿತುಕೊಳ್ಳಬೇಕು
ಶುಭ ಕಾರ್ಯದಲ್ಲಿ ಪಟಾಕಿ ಸಿಡಿಗುಂಡು ಸಿಡಿಸೋದು ಕಾಮನ್ ಆದರೆ ಈ ಸಂಭ್ರಮ ಇಲ್ಲಿ ಒಂದು ಜೀವವನ್ನೇ ಬಲಿ ಪಡೆದಿದೆ,O,N,ಆದರೆ,ಶುಭ ಕಾರ್ಯದಲ್ಲಿ ಪಟಾಕಿ ಸಿಡಿಗುಂಡು ಸಿಡಿಸೋದು ಕಾಮನ್,ಆದರೆ ಈ ಸಂಭ್ರಮ ಇಲ್ಲಿ ಒಂದು ಜೀವವನ್ನೇ ಬಲಿ ಪಡೆದಿದೆ
ಕೆಲವರು ರೋಗಿಯ ಪತಿಗೆ ಉಳಿದ ಮೊತ್ತ ಪಾವತಿಸುವಂತೆ ಸೂಚಿಸಿದ್ದಾರೆ ಆದರೆ ಇದನ್ನು ಆಡಳಿತ ಮಂಡಳಿ ಮಾಡಿಲ್ಲ ಎಂದಿದ್ದಾರೆ,P,N,ಆದರೆ,ಕೆಲವರು ರೋಗಿಯ ಪತಿಗೆ ಉಳಿದ ಮೊತ್ತ ಪಾವತಿಸುವಂತೆ ಸೂಚಿಸಿದ್ದಾರೆ,ಆದರೆ ಇದನ್ನು ಆಡಳಿತ ಮಂಡಳಿ ಮಾಡಿಲ್ಲ ಎಂದಿದ್ದಾರೆ
ಆ ಕೆಲಸವಾಗಿದ್ದರೆ ಅನೇಕರಿಗೆ ಕೆಲಸ ಸಿಗುತ್ತಿತ್ತು ಆದರೆ ಈ ಪ್ರಯತ್ನವನ್ನು ಕೈಬಿಡುವುದಿಲ್ಲ ಮತ್ತೆ ಪ್ರಯತ್ನಿಸುತ್ತೇನೆ ಎಂದಿದ್ದಾರೆ,P,P,ಆದರೆ,ಆ ಕೆಲಸವಾಗಿದ್ದರೆ ಅನೇಕರಿಗೆ ಕೆಲಸ ಸಿಗುತ್ತಿತ್ತು,ಆದರೆ ಈ ಪ್ರಯತ್ನವನ್ನು ಕೈಬಿಡುವುದಿಲ್ಲ ಮತ್ತೆ ಪ್ರಯತ್ನಿಸುತ್ತೇನೆ ಎಂದಿದ್ದಾರೆ
ಯುವತಿಯರು ಕತ್ರಿನಾ ಜೊತೆ ಫೋಟೋ ತೆಗೆಸಿಕೊಳ್ಳಬೇಕು ಎಂದು ಕಾದಿದ್ದರು ಆದರೆ ಕತ್ರಿನಾ ಕಾರ್ಯಕ್ರಮದಲ್ಲಿ ತುಂಬಾ ಆಯಾಸಗೊಂಡಿದ್ದ ಕಾರಣ ಅವರು ಅಭಿಮಾನಿಗಳ ಜೊತೆ ಫೋಟೋ ಕ್ಲಿಕ್ಕಿಸಲು ಸ್ವಲ್ಪ ತಡ ಮಾಡಿದ್ದರು,P,N,ಆದರೆ,ಯುವತಿಯರು ಕತ್ರಿನಾ ಜೊತೆ ಫೋಟೋ ತೆಗೆಸಿಕೊಳ್ಳಬೇಕು ಎಂದು ಕಾದಿದ್ದರು,ಆದರೆ ಕತ್ರಿನಾ ಕಾರ್ಯಕ್ರಮದಲ್ಲಿ ತುಂಬಾ ಆಯಾಸಗೊಂಡಿದ್ದ ಕಾರಣ ಅವರು ಅಭಿಮಾನಿಗಳ ಜೊತೆ ಫೋಟೋ ಕ್ಲಿಕ್ಕಿಸಲು ಸ್ವಲ್ಪ ತಡ ಮಾಡಿದ್ದರು
ಇನ್ನು ಶ್ರೀಲಂಕಾ ಪ್ಯಾಕೇಜ್ ನಲ್ಲಿ ಕಂಡ್ಯಾ ನುವಾರ ಎಲಿಯಾ ಕೊಲಂಬೋ ನೆಗೊಂಬೋ ಪ್ರದೇಶಗಳನ್ನು ವೀಕ್ಷಿಸಬಹುದಾಗಿದೆ ಆದರೆ ಇದಕ್ಕೆ ಪ್ರತ್ಯೇಕ ಶುಲ್ಕ ಭರಿಸಬೇಕಾಗುತ್ತದೆ,P,N,ಆದರೆ,ಇನ್ನು ಶ್ರೀಲಂಕಾ ಪ್ಯಾಕೇಜ್ ನಲ್ಲಿ ಕಂಡ್ಯಾ ನುವಾರ ಎಲಿಯಾ ಕೊಲಂಬೋ ನೆಗೊಂಬೋ ಪ್ರದೇಶಗಳನ್ನು ವೀಕ್ಷಿಸಬಹುದಾಗಿದೆ,ಆದರೆ ಇದಕ್ಕೆ ಪ್ರತ್ಯೇಕ ಶುಲ್ಕ ಭರಿಸಬೇಕಾಗುತ್ತದೆ
ಹಿಂದಿನ ಪಂದ್ಯದಲ್ಲಿ ಬೆಂಗಳೂರು ತಂಡಕ್ಕೆ ಋತುವಿನ ಮೊದಲ ಸೋಲಿನ ಕಹಿ ನೀಡಲು ನಾರ್ತ್ ಈಸ್ಟ್ ಸಜ್ಜಾಗಿತ್ತು ಆದರೆ ಚೆಂಕೊ ಗೈಲ್ಷೇನ್ ಗಳಿಸಿದ ಗೋಲಿನಿಂದ ಪಂದ್ಯ ಡ್ರಾದಲ್ಲಿ ಕೊನೆಗೊಂಡಿತು,N,O,ಆದರೆ,ಹಿಂದಿನ ಪಂದ್ಯದಲ್ಲಿ ಬೆಂಗಳೂರು ತಂಡಕ್ಕೆ ಋತುವಿನ ಮೊದಲ ಸೋಲಿನ ಕಹಿ ನೀಡಲು ನಾರ್ತ್ ಈಸ್ಟ್ ಸಜ್ಜಾಗಿತ್ತು,ಆದರೆ ಚೆಂಕೊ ಗೈಲ್ಷೇನ್ ಗಳಿಸಿದ ಗೋಲಿನಿಂದ ಪಂದ್ಯ ಡ್ರಾದಲ್ಲಿ ಕೊನೆಗೊಂಡಿತು
ಕಳೆದ ನವೆಂಬರ್ನಲ್ಲಿ ಒಬಾಮ ಪತ್ನಿ ಮಿಶೆಲ್ ಜೊತೆ ದೇಶಕ್ಕೆ ನೀಡಿದ ಭೇಟಿ ಸಂದರ್ಭದಲ್ಲಿಯೇ ಅವರ ಪುತ್ರಿಯರು ಆಗಮಿಸಬೇಕಿತ್ತು ಆದರೆ ತರಗತಿಗಳು ನಡೆಯುತ್ತಿದ್ದರಿಂದ ಅದು ಸಾಧ್ಯವಾಗಿರಲಿಲ್ಲ,O,N,ಆದರೆ,ಕಳೆದ ನವೆಂಬರ್ನಲ್ಲಿ ಒಬಾಮ ಪತ್ನಿ ಮಿಶೆಲ್ ಜೊತೆ ದೇಶಕ್ಕೆ ನೀಡಿದ ಭೇಟಿ ಸಂದರ್ಭದಲ್ಲಿಯೇ ಅವರ ಪುತ್ರಿಯರು ಆಗಮಿಸಬೇಕಿತ್ತು,ಆದರೆ ತರಗತಿಗಳು ನಡೆಯುತ್ತಿದ್ದರಿಂದ ಅದು ಸಾಧ್ಯವಾಗಿರಲಿಲ್ಲ
ದೇವರು ನಿಜಕ್ಕೂ ನಮಗೆ ಬೇಕು ಆದರೆ ಆತನಿಲ್ಲ ಅನ್ನುವುದೇ ನನ್ನ ದುಃಖ,O,N,ಆದರೆ,ದೇವರು ನಿಜಕ್ಕೂ ನಮಗೆ ಬೇಕು,ಆದರೆ ಆತನಿಲ್ಲ ಅನ್ನುವುದೇ ನನ್ನ ದುಃಖ
ದೇವರಿಲ್ಲ ಅನ್ನುವ ಅವರ ಆ ನಂಬಿಕೆಯೇ ಅವರನ್ನು ನೂರು ವರ್ಷ ಕಾಯಿತೇ? ಅಥವಾ ಅವನು ನಮಗೆ ಬೇಕು ಅನ್ನುವ ಹಂಬಲವೇ ಅವರನ್ನು ನೂರು ವರ್ಷ ಕಾಯುವಂತೆ ಮಾಡಿತೇ?,O,O,ಅಥವಾ,ದೇವರಿಲ್ಲ ಅನ್ನುವ ಅವರ ಆ ನಂಬಿಕೆಯೇ ಅವರನ್ನು ನೂರು ವರ್ಷ ಕಾಯಿತೇ?,ಅಥವಾ ಅವನು ನಮಗೆ ಬೇಕು ಅನ್ನುವ ಹಂಬಲವೇ ಅವರನ್ನು ನೂರು ವರ್ಷ ಕಾಯುವಂತೆ ಮಾಡಿತೇ?
ಪಕ್ಷದ ಹೈಕಮಾಂಡ್ ನನ್ನ ಬಗ್ಗೆ ಒಲವು ಇಟ್ಟುಕೊಂಡಿದೆ ಆದ್ದರಿಂದ ಮುಂದಿನ ಚುನಾವಣೆಯೂ ನನ್ನ ನೇತೃತ್ವದಲ್ಲಿಯೇ ನಡೆಯಲಿದೆ ಎಂದು ತಿಳಿಸಿದ್ದಾರೆ,P,P,ಆದ್ದರಿಂದ,ಪಕ್ಷದ ಹೈಕಮಾಂಡ್ ನನ್ನ ಬಗ್ಗೆ ಒಲವು ಇಟ್ಟುಕೊಂಡಿದೆ,ಆದ್ದರಿಂದ ಮುಂದಿನ ಚುನಾವಣೆಯೂ ನನ್ನ ನೇತೃತ್ವದಲ್ಲಿಯೇ ನಡೆಯಲಿದೆ ಎಂದು ತಿಳಿಸಿದ್ದಾರೆ
ಇತ್ತೀಚೆಗೆ ದೇವರ ಮೇಲೆ ಸಿದ್ದರಾಮಯ್ಯ ಅವರಿಗೆ ಭಕ್ತಿ ಬಂದಂತೆ ಕಾಣುತ್ತಿದೆ ಆದರೆ ಉಡುಪಿಗೆ ಭೇಟಿ ಕೊಟ್ಟ ಸಂದರ್ಭ ಶ್ರೀ ಕೃಷ್ಣ ದೇಗುಲಕ್ಕೆ ಭೇಟಿ ನೀಡಲು ಆಗಲಿಲ್ಲ ಎಂದು ಹೇಳಿಕೆ ನೀಡಿದ್ದಾರೆ,P,N,ಆದರೆ,ಇತ್ತೀಚೆಗೆ ದೇವರ ಮೇಲೆ ಸಿದ್ದರಾಮಯ್ಯ ಅವರಿಗೆ ಭಕ್ತಿ ಬಂದಂತೆ ಕಾಣುತ್ತಿದೆ,ಆದರೆ ಉಡುಪಿಗೆ ಭೇಟಿ ಕೊಟ್ಟ ಸಂದರ್ಭ ಶ್ರೀ ಕೃಷ್ಣ ದೇಗುಲಕ್ಕೆ ಭೇಟಿ ನೀಡಲು ಆಗಲಿಲ್ಲ ಎಂದು ಹೇಳಿಕೆ ನೀಡಿದ್ದಾರೆ
ಫ್ಲ್ಯಾಟ್ಗಳನ್ನು ಹಂಚಬೇಕಿತ್ತು ಆದರೆ ಇಲ್ಲಿಯವರೆಗೂ ಕಾಮಗಾರಿ ಪೂರ್ಣಗೊಂಡಿಲ್ಲ,P,N,ಆದರೆ,ಫ್ಲ್ಯಾಟ್ಗಳನ್ನು ಹಂಚಬೇಕಿತ್ತು,ಆದರೆ ಇಲ್ಲಿಯವರೆಗೂ ಕಾಮಗಾರಿ ಪೂರ್ಣಗೊಂಡಿಲ್ಲ
ತೀವ್ರ ಪೆಟ್ಟು ಬಿದ್ದ ಅವರನ್ನು ಸಹ ಕಾರ್ಮಿಕರು ಸಮೀಪದ ಆಸ್ಪತ್ರೆಗೆ ದಾಖಲಿಸಿದ್ದಾರೆ ಆದರೆ ಚಿಕಿತ್ಸೆಗೆ ಸ್ಪಂದಿಸದೆ ವಿಕಾಸ್ ಸಾವನ್ನಪ್ಪಿದ್ದಾರೆ,P,N,ಆದರೆ,ತೀವ್ರ ಪೆಟ್ಟು ಬಿದ್ದ ಅವರನ್ನು ಸಹ ಕಾರ್ಮಿಕರು ಸಮೀಪದ ಆಸ್ಪತ್ರೆಗೆ ದಾಖಲಿಸಿದ್ದಾರೆ,ಆದರೆ ಚಿಕಿತ್ಸೆಗೆ ಸ್ಪಂದಿಸದೆ ವಿಕಾಸ್ ಸಾವನ್ನಪ್ಪಿದ್ದಾರೆ
ಈ ಪಂದ್ಯದಲ್ಲಿ ಪಾರಮ್ಯ ಮೆರೆದಿದ್ದು ಇಂಡಿಯನ್ ನೇವಿ ಆದರೆ ಲಭಿಸಿದ ಅವಕಾಶಗಳನ್ನು ಗೋಲಾಗಿ ಪರಿವರ್ತಿಸುವಲ್ಲಿ ಎಡವಿದರು,P,N,ಆದರೆ,ಈ ಪಂದ್ಯದಲ್ಲಿ ಪಾರಮ್ಯ ಮೆರೆದಿದ್ದು ಇಂಡಿಯನ್ ನೇವಿ,ಆದರೆ ಲಭಿಸಿದ ಅವಕಾಶಗಳನ್ನು ಗೋಲಾಗಿ ಪರಿವರ್ತಿಸುವಲ್ಲಿ ಎಡವಿದರು
ಸಿಬಿಐ ಮುಖ್ಯಸ್ಥರ ವಿರುದ್ಧ ಯಾವುದೇ ಕ್ರಮ ಕೈಗೊಳ್ಳುವ ಮೊದಲು ಆಯ್ಕೆ ಸಮಿತಿಯನ್ನು ಸಂಪರ್ಕಿಸುವ ನಿಯಮವಿದೆ ಆದರೆ ಸರಕಾರ ಈ ನಿಯಮ ಪಾಲಿಸಿಲ್ಲ,O,N,ಆದರೆ,ಸಿಬಿಐ ಮುಖ್ಯಸ್ಥರ ವಿರುದ್ಧ ಯಾವುದೇ ಕ್ರಮ ಕೈಗೊಳ್ಳುವ ಮೊದಲು ಆಯ್ಕೆ ಸಮಿತಿಯನ್ನು ಸಂಪರ್ಕಿಸುವ ನಿಯಮವಿದೆ,ಆದರೆ ಸರಕಾರ ಈ ನಿಯಮ ಪಾಲಿಸಿಲ್ಲ
ಜೋಸೆಫ್ ಇದಕ್ಕೆಂದು ಏಳು ಲಕ್ಷ ರೂಪಾಯಿ ಮುಗಿಸಿದ್ದಾರೆ ಆದರೆ ಸಣ್ಣ ಪ್ರಮಾಣದಲ್ಲಿ ಮಾಡುವುದಾದರೆ ಖರ್ಚು ತೀರ ಕಡಮೆ ಮಾಡಿ ಉತ್ತಮವಾಗಿ ಅಳವಡಿಸಬಹುದೆಂದು ಅವರೆನ್ನುತ್ತಾರೆ,N,P,ಆದರೆ,ಜೋಸೆಫ್ ಇದಕ್ಕೆಂದು ಏಳು ಲಕ್ಷ ರೂಪಾಯಿ ಮುಗಿಸಿದ್ದಾರೆ,ಆದರೆ ಸಣ್ಣ ಪ್ರಮಾಣದಲ್ಲಿ ಮಾಡುವುದಾದರೆ ಖರ್ಚು ತೀರ ಕಡಮೆ ಮಾಡಿ ಉತ್ತಮವಾಗಿ ಅಳವಡಿಸಬಹುದೆಂದು ಅವರೆನ್ನುತ್ತಾರೆ
ಕಂಪನಿ ಮಾಲೀಕರು ಸ್ಪಂದಿಸುವ ಸೌಜನ್ಯ ತೋರಿರಲಿಲ್ಲ ಹೀಗಾಗಿ ಪ್ರತಿಭಟನೆ ತೀವ್ರ ಸ್ವರೂಪ ಪಡೆದುಕೊಂಡಿತ್ತು,N,N,ಹೀಗಾಗಿ,ಕಂಪನಿ ಮಾಲೀಕರು ಸ್ಪಂದಿಸುವ ಸೌಜನ್ಯ ತೋರಿರಲಿಲ್ಲ,ಹೀಗಾಗಿ ಪ್ರತಿಭಟನೆ ತೀವ್ರ ಸ್ವರೂಪ ಪಡೆದುಕೊಂಡಿತ್ತು
ಪ್ರತಿಭಟನೆ ವೇಳೆ ಪೊಲೀಸರು ಮತ್ತು ರೈತರ ನಡುವೆ ಘರ್ಷಣೆ ಕೂಡ ನಡೆದಿತ್ತು ಹೀಗಾಗಿ ಪರಿಸ್ಥಿತಿ ನಿಯಂತ್ರಿಸಲು ಪೊಲೀಸರು ಗೋಲಿಬಾರ್ ನಡೆಸಿದ್ದಾರೆ,N,N,ಹೀಗಾಗಿ,ಪ್ರತಿಭಟನೆ ವೇಳೆ ಪೊಲೀಸರು ಮತ್ತು ರೈತರ ನಡುವೆ ಘರ್ಷಣೆ ಕೂಡ ನಡೆದಿತ್ತು,ಹೀಗಾಗಿ ಪರಿಸ್ಥಿತಿ ನಿಯಂತ್ರಿಸಲು ಪೊಲೀಸರು ಗೋಲಿಬಾರ್ ನಡೆಸಿದ್ದಾರೆ
ಹುಬ್ಬಳ್ಳಿ ಆವೃತ್ತಿ ಮೂಲಕ ಉದಯವಾಣಿ ಕರಾವಳಿ ಬ್ರಾಂಡಿನಿಂದ ಆಚೆಗೆ ಯೋಚಿಸಿದೆ ಆದರೆ ಹುಬ್ಬಳ್ಳಿ ಆವೃತ್ತಿಯಲ್ಲಿ ನಾನು ಗಮನಿಸಿದಂತೆ ಈ ಕಡೆಯ ಭಾಷಾ ಬಳಕೆ ನಡೆದಿಲ್ಲ,P,N,ಆದರೆ,ಹುಬ್ಬಳ್ಳಿ ಆವೃತ್ತಿ ಮೂಲಕ ಉದಯವಾಣಿ ಕರಾವಳಿ ಬ್ರಾಂಡಿನಿಂದ ಆಚೆಗೆ ಯೋಚಿಸಿದೆ,ಆದರೆ ಹುಬ್ಬಳ್ಳಿ ಆವೃತ್ತಿಯಲ್ಲಿ ನಾನು ಗಮನಿಸಿದಂತೆ ಈ ಕಡೆಯ ಭಾಷಾ ಬಳಕೆ ನಡೆದಿಲ್ಲ
ರಾಜ ಯೋಗ ಪ್ರಾಪ್ತಿ ಇದೆ ಎಂದಿದ್ದಾರೆ ಆದರೆ ಬದುಕಿನಲ್ಲಿ ಸುಖಪಟ್ಟಿಲ್ಲ,P,N,ಆದರೆ,ರಾಜ ಯೋಗ ಪ್ರಾಪ್ತಿ ಇದೆ ಎಂದಿದ್ದಾರೆ,ಆದರೆ ಬದುಕಿನಲ್ಲಿ ಸುಖಪಟ್ಟಿಲ್ಲ
ಹಾಲು ಮತ್ತು ಬಾಳೆ ಹಣ್ಣನ್ನು ಮಿಲ್ಕ್ ಶೇಕ್ ಮಾಡಿ ಸೇವಿಸುವುದು ಸಾಮಾನ್ಯವಾಗಿ ಎಲ್ಲರಿಗೂ ಇಷ್ಟವೇ ಆದರೆ ಹಾಗೆ ಮಾಡಬೇಡಿ ಎನ್ನುತ್ತಾರೆ ತಜ್ಞರು,P,N,ಆದರೆ,ಹಾಲು ಮತ್ತು ಬಾಳೆ ಹಣ್ಣನ್ನು ಮಿಲ್ಕ್ ಶೇಕ್ ಮಾಡಿ ಸೇವಿಸುವುದು ಸಾಮಾನ್ಯವಾಗಿ ಎಲ್ಲರಿಗೂ ಇಷ್ಟವೇ,ಆದರೆ ಹಾಗೆ ಮಾಡಬೇಡಿ ಎನ್ನುತ್ತಾರೆ ತಜ್ಞರು
ಆದರೆ ಬಾಡಿ ಬಿಲ್ಡರ್ ಗಳು ಬಾಳೆ ಹಣ್ಣು ಮತ್ತು ಹಾಲು ಜತೆಯಾಗಿ ಸೇವಿಸಿದರೆ ಒಳ್ಳೆಯದೇ ಆದರೆ ತೂಕ ಇಳಿಸಲು ಬಯಸುವವರು ಇದನ್ನು ಸೇವಿಸಬೇಡಿ ಎನ್ನುತ್ತಾರೆ ತಜ್ಞರು,P,N,ಆದರೆ,,ಆದರೆ ಬಾಡಿ ಬಿಲ್ಡರ್ ಗಳು ಬಾಳೆ ಹಣ್ಣು ಮತ್ತು ಹಾಲು ಜತೆಯಾಗಿ ಸೇವಿಸಿದರೆ ಒಳ್ಳೆಯದೇ ಆದರೆ ತೂಕ ಇಳಿಸಲು ಬಯಸುವವರು ಇದನ್ನು ಸೇವಿಸಬೇಡಿ ಎನ್ನುತ್ತಾರೆ ತಜ್ಞರು
ನನಗೆ ಚೆನ್ನಾಗಿ ಕಲಿತು ಹೊರದೇಶದಲ್ಲಿ ನೆಲೆಗೊಳ್ಳಬೇಕೆಂಬ ಕನಸಿತ್ತು ಆದರೆ ಇದೀಗ ಬಣ್ಣದ ಲೋಕಕ್ಕೆ ಕಾಲಿಟ್ಟಾಗಿದೆ,O,O,ಆದರೆ,ನನಗೆ ಚೆನ್ನಾಗಿ ಕಲಿತು ಹೊರದೇಶದಲ್ಲಿ ನೆಲೆಗೊಳ್ಳಬೇಕೆಂಬ ಕನಸಿತ್ತು,ಆದರೆ ಇದೀಗ ಬಣ್ಣದ ಲೋಕಕ್ಕೆ ಕಾಲಿಟ್ಟಾಗಿದೆ
ಆಮದನ್ನು ತಗ್ಗಿಸಲು ಸರಕಾರ ತೆಗೆದುಕೊಂಡಿರುವ ಈ ಕ್ರಮ ಸ್ವಾಗತಾರ್ಹವೇನೋ ಸರಿ ಆದರೆ ತಾತ್ಕಾಲಿಕವಾಗಿ ಗ್ರಾಹಕರ ಮೇಲೆ ಬೀಳಲಿರುವ ಹೊರೆ ತಪ್ಪಿಸುವವರು ಯಾರು ಎಂಬುದು ಪ್ರಶ್ನೆ,P,O,ಆದರೆ,ಆಮದನ್ನು ತಗ್ಗಿಸಲು ಸರಕಾರ ತೆಗೆದುಕೊಂಡಿರುವ ಈ ಕ್ರಮ ಸ್ವಾಗತಾರ್ಹವೇನೋ ಸರಿ,ಆದರೆ ತಾತ್ಕಾಲಿಕವಾಗಿ ಗ್ರಾಹಕರ ಮೇಲೆ ಬೀಳಲಿರುವ ಹೊರೆ ತಪ್ಪಿಸುವವರು ಯಾರು ಎಂಬುದು ಪ್ರಶ್ನೆ
ಆಫೀಸಿಗೊಬ್ಬ ಬಾಸ್ ಇದ್ರೂ ಕೆಲವೊಮ್ಮೆ ಬಾಸ್ ನ ಪಿಎನೇ ಬಾಸ್ ಥರ ವರ್ತಿಸೋದುಂಟು ಅಥವಾ ಬಾಸ್ ಗಿಂತ ಎರಡು ಪಟ್ಟು ಹೆಚ್ಚೇ ಅಧಿಕ ಪ್ರಸಂಗ ತೋರಿಸುವುದುಂಟು,N,N,ಅಥವಾ,ಆಫೀಸಿಗೊಬ್ಬ ಬಾಸ್ ಇದ್ರೂ ಕೆಲವೊಮ್ಮೆ ಬಾಸ್ ನ ಪಿಎನೇ ಬಾಸ್ ಥರ ವರ್ತಿಸೋದುಂಟು,ಅಥವಾ ಬಾಸ್ ಗಿಂತ ಎರಡು ಪಟ್ಟು ಹೆಚ್ಚೇ ಅಧಿಕ ಪ್ರಸಂಗ ತೋರಿಸುವುದುಂಟು
ಪ್ರತಿ ವರ್ಷ ರಾಖಿ ಹಬ್ಬ ಬಂದಾಗಲೂ ಅವರಿಗೆ ರಾಖಿ ಕಟ್ಟುತ್ತೇನೆ ಆದರೆ ಬೆಂಗಳೂರಿಗೆ ಬಂದು ಎರಡು ವರ್ಷ ಆದರೂ ಕೈಯಾರೆ ರಾಖಿ ಕಟ್ಟುವ ಭಾಗ್ಯ ದೊರೆತಿಲ್ಲ,P,N,ಆದರೆ,ಪ್ರತಿ ವರ್ಷ ರಾಖಿ ಹಬ್ಬ ಬಂದಾಗಲೂ ಅವರಿಗೆ ರಾಖಿ ಕಟ್ಟುತ್ತೇನೆ,ಆದರೆ ಬೆಂಗಳೂರಿಗೆ ಬಂದು ಎರಡು ವರ್ಷ ಆದರೂ ಕೈಯಾರೆ ರಾಖಿ ಕಟ್ಟುವ ಭಾಗ್ಯ ದೊರೆತಿಲ್ಲ
ಮಧ್ಯಮ ವರ್ಗ ಮತ್ತು ದೇಶದ ಪ್ರಗತಿಗೆ ಅಣು ಒಪ್ಪಂದ ಸಹಕಾರಿ ಆದ್ದರಿಂದ ಅಣುಒಪ್ಪಂದವನ್ನು ನಾನು ಬೆಂಬಲಿಸುತ್ತೇನೆ,P,P,ಆದ್ದರಿಂದ,ಮಧ್ಯಮ ವರ್ಗ ಮತ್ತು ದೇಶದ ಪ್ರಗತಿಗೆ ಅಣು ಒಪ್ಪಂದ ಸಹಕಾರಿ,ಆದ್ದರಿಂದ ಅಣುಒಪ್ಪಂದವನ್ನು ನಾನು ಬೆಂಬಲಿಸುತ್ತೇನೆ
ಒಂದಷ್ಟು ಖುಷಿ ಖುಷಿ ಕ್ಷಣಗಳನ್ಮು ಅವಳೂ ಬಿಚ್ಚಿದ್ದಳು ಆದರೆ ಅವಳ ಇಬ್ಬರೂ ಪುಟ್ಟ ಕಂದಮ್ಮಗಳು ಮೊಬೈಲ್ ಕೊಡು ಎಂದು ಅಮ್ಮನತ್ರ ಜಗಳ ಆಡುತ್ತಿದ್ದವು,P,N,ಆದರೆ,ಒಂದಷ್ಟು ಖುಷಿ ಖುಷಿ ಕ್ಷಣಗಳನ್ಮು ಅವಳೂ ಬಿಚ್ಚಿದ್ದಳು,ಆದರೆ ಅವಳ ಇಬ್ಬರೂ ಪುಟ್ಟ ಕಂದಮ್ಮಗಳು ಮೊಬೈಲ್ ಕೊಡು ಎಂದು ಅಮ್ಮನತ್ರ ಜಗಳ ಆಡುತ್ತಿದ್ದವು
ಇದೆಲ್ಲಾ ಹಳೆಯ ವಿಚಾರ ಅಂದುಬಿಡಬಹುದು ಆದರೆ ಯಾಕೋ ನನ್ನ ತೃಪ್ತಿಗೆ ನಾನು ಬರೆಯುತ್ತಿದ್ದೇನೆ ಅಷ್ಟೇ,N,P,ಆದರೆ,ಇದೆಲ್ಲಾ ಹಳೆಯ ವಿಚಾರ ಅಂದುಬಿಡಬಹುದು,ಆದರೆ ಯಾಕೋ ನನ್ನ ತೃಪ್ತಿಗೆ ನಾನು ಬರೆಯುತ್ತಿದ್ದೇನೆ ಅಷ್ಟೇ
ನಾಯಕರ ಮೇಲೆ ಹೆಮ್ಮೆ ಇದೆಆದರೆ ತಾವುಗಳು ಇಂತಹ ಮೊಂಡು ಹೇಳಿಕೆಯನ್ನು ನೀಡಿ ಇದ್ದ ಗೌರವವನ್ನು ಕಡಿಮೆ ಮಾಡುವ ಪ್ರಯತ್ನ ಮಾಡಬೇಡಿ,P,O,ಆದರೆ,ನಾಯಕರ ಮೇಲೆ ಹೆಮ್ಮೆ ಇದೆ,ಆದರೆ ತಾವುಗಳು ಇಂತಹ ಮೊಂಡು ಹೇಳಿಕೆಯನ್ನು ನೀಡಿ ಇದ್ದ ಗೌರವವನ್ನು ಕಡಿಮೆ ಮಾಡುವ ಪ್ರಯತ್ನ ಮಾಡಬೇಡಿ
ಇನ್ನೊಂದು ಸರ್ಜರಿ ಆಗಬೇಕಿತ್ತು ಆದರೆ ಆರ್ಥಿಕ ಮುಗ್ಗಟ್ಟಿನಿಂದಿದ್ದ ಈ ಕುಟುಂಬಕ್ಕೆ ಸರ್ಜರಿ ಮಾಡಿಸಲು ತಕ್ಷಣಕ್ಕೆ ಸಾಧ್ಯವಾಗಿರಲಿಲ್ಲ,O,N,ಆದರೆ,ಇನ್ನೊಂದು ಸರ್ಜರಿ ಆಗಬೇಕಿತ್ತು,ಆದರೆ ಆರ್ಥಿಕ ಮುಗ್ಗಟ್ಟಿನಿಂದಿದ್ದ ಈ ಕುಟುಂಬಕ್ಕೆ ಸರ್ಜರಿ ಮಾಡಿಸಲು ತಕ್ಷಣಕ್ಕೆ ಸಾಧ್ಯವಾಗಿರಲಿಲ್ಲ
ರಿಸರ್ವ್ ಬ್ಯಾಂಕ್ ಸರ್ಕಾರಿ ಮುದ್ರಣಾಲಯಗಳ ಮೂಲಕ ಅಗತ್ಯವಿದ್ದಷ್ಟು ನೋಟು ಮುದ್ರಿಸುತ್ತಿದ್ದಾರೆ ಆದರೆ ಆ ನೋಟುಗಳನ್ನು ಬ್ಯಾಂಕುಗಳು ಮತ್ತು ಅಂಚೆ ಕಛೇರಿಗಳಿಗೆ ತಲುಪಿಸುವುದರಲ್ಲಿ ಸ್ವಲ್ಪ ತಡವಾಗಿದೆ,P,N,ಆದರೆ,ರಿಸರ್ವ್ ಬ್ಯಾಂಕ್ ಸರ್ಕಾರಿ ಮುದ್ರಣಾಲಯಗಳ ಮೂಲಕ ಅಗತ್ಯವಿದ್ದಷ್ಟು ನೋಟು ಮುದ್ರಿಸುತ್ತಿದ್ದಾರೆ,ಆದರೆ ಆ ನೋಟುಗಳನ್ನು ಬ್ಯಾಂಕುಗಳು ಮತ್ತು ಅಂಚೆ ಕಛೇರಿಗಳಿಗೆ ತಲುಪಿಸುವುದರಲ್ಲಿ ಸ್ವಲ್ಪ ತಡವಾಗಿದೆ
ಸರ್ಕಾರದ ಕ್ರಿಯಾಶೀಲತೆ ಕುರಿತು ಟೀಕಿಸುವವರು ಅನೇಕರಿದ್ದಾರೆ ಆದರೆ ನಾವು ಮತದಾರರಿಗೆ ನೀಡಿದ್ದ ಭರವಸೆಯಂತೆ ಪ್ರಾಮಾಣಿಕವಾಗಿ ಕೆಲಸ ಮಾಡುತ್ತಿದ್ದೆವೆ,N,P,ಆದರೆ,ಸರ್ಕಾರದ ಕ್ರಿಯಾಶೀಲತೆ ಕುರಿತು ಟೀಕಿಸುವವರು ಅನೇಕರಿದ್ದಾರೆ,ಆದರೆ ನಾವು ಮತದಾರರಿಗೆ ನೀಡಿದ್ದ ಭರವಸೆಯಂತೆ ಪ್ರಾಮಾಣಿಕವಾಗಿ ಕೆಲಸ ಮಾಡುತ್ತಿದ್ದೆವೆ
ಮತ್ತು ಗೆದ್ದ ದಿನದಿಂದಲೇ ಮುಂದಿನ ಚುನಾವಣೆಗೆ ಸಿದ್ಧಗೊಳ್ಳುವ ಅಥವಾ ಅದಕ್ಕಾಗಿ ತಲೆಕೆಡಿಸಿಕೊಂಡು ಕೆಟ್ಟ ಕೆಟ್ಟ ಕೆಲಸಗಳಲ್ಲಿ ತೊಡಗುವ ಒಂದು ದುರ್ವೇದಿಕೆಯಾಗಿ ಏರ್ಪಟ್ಟಿದೆ,O,N,ಅಥವಾ,ಮತ್ತು ಗೆದ್ದ ದಿನದಿಂದಲೇ ಮುಂದಿನ ಚುನಾವಣೆಗೆ ಸಿದ್ಧಗೊಳ್ಳುವ,ಅಥವಾ ಅದಕ್ಕಾಗಿ ತಲೆಕೆಡಿಸಿಕೊಂಡು ಕೆಟ್ಟ ಕೆಟ್ಟ ಕೆಲಸಗಳಲ್ಲಿ ತೊಡಗುವ ಒಂದು ದುರ್ವೇದಿಕೆಯಾಗಿ ಏರ್ಪಟ್ಟಿದೆ
ಮೊದ ಮೊದಲು ಆ ದೇವರು ತನಗೊಬ್ಬನಿಗೆ ಮಾತ್ರ ಏಕೆ ಈ ದುಸ್ಥಿತಿ ತಂದ ಎಂದು ಪ್ರಶ್ನೆ ಹಾಕಿಕೊಳ್ಳುತ್ತಿತ್ತು ಆದರೆ ನಂತರ ಆ ಕುರಿತು ಚಿಂತಿಸಿ ಫಲವಿಲ್ಲ ಎಂದರಿತು ಇತರರ ಹೀಯಾಳಿಕೆಗಳಿಗೆ ಬೇಜಾರು ಪಟ್ಟುಕೊಳ್ಳುವುದನ್ನು ನಿಲ್ಲಿಸಿತು,N,P,ಆದರೆ,ಮೊದ ಮೊದಲು ಆ ದೇವರು ತನಗೊಬ್ಬನಿಗೆ ಮಾತ್ರ ಏಕೆ ಈ ದುಸ್ಥಿತಿ ತಂದ ಎಂದು ಪ್ರಶ್ನೆ ಹಾಕಿಕೊಳ್ಳುತ್ತಿತ್ತು,ಆದರೆ ನಂತರ ಆ ಕುರಿತು ಚಿಂತಿಸಿ ಫಲವಿಲ್ಲ ಎಂದರಿತು ಇತರರ ಹೀಯಾಳಿಕೆಗಳಿಗೆ ಬೇಜಾರು ಪಟ್ಟುಕೊಳ್ಳುವುದನ್ನು ನಿಲ್ಲಿಸಿತು
ಒಂದು ಸಾವನ್ನು ತಮಾಷೆಯಾಗಿ ನೋಡುವುದು ತುಸು ಕಷ್ಟ ಆದರೆ ಶೈಲೇಶ್ ಕುಮಾರ್ ಎಂಎಂ ಆ ಕೆಲಸವನ್ನು ಬಹಳ ನಾಜೂಕಿನಿಂದ ಮಾಡಿದ್ದಾರೆ,O,P,ಆದರೆ,ಒಂದು ಸಾವನ್ನು ತಮಾಷೆಯಾಗಿ ನೋಡುವುದು ತುಸು ಕಷ್ಟ,ಆದರೆ ಶೈಲೇಶ್ ಕುಮಾರ್ ಎಂಎಂ ಆ ಕೆಲಸವನ್ನು ಬಹಳ ನಾಜೂಕಿನಿಂದ ಮಾಡಿದ್ದಾರೆ
ಜೊತೆಗೆ ಚೀನಾದ ಹಲವು ಕ್ಲಬ್ಗಳ ವಿರುದ್ಧ ಪಂದ್ಯವನ್ನೂ ಆಡಿದೆ ಆದ್ದರಿಂದ ಭಾರತ ಮೊದಲ ಪೈಪೋಟಿಯಲ್ಲಿ ಉತ್ತಮ ಪ್ರದರ್ಶನ ತೋರುವ ವಿಶ್ವಾಸ ಹೊಂದಿದೆ,O,P,ಆದ್ದರಿಂದ,ಜೊತೆಗೆ ಚೀನಾದ ಹಲವು ಕ್ಲಬ್ಗಳ ವಿರುದ್ಧ ಪಂದ್ಯವನ್ನೂ ಆಡಿದೆ,ಆದ್ದರಿಂದ ಭಾರತ ಮೊದಲ ಪೈಪೋಟಿಯಲ್ಲಿ ಉತ್ತಮ ಪ್ರದರ್ಶನ ತೋರುವ ವಿಶ್ವಾಸ ಹೊಂದಿದೆ
ಇದಲ್ಲದೇ ಇನ್ನುಳಿದ ಸಾಲ ಮೊತ್ತವನ್ನು ಹಂತಹಂತವಾಗಿ ಕಂತುಗಳಲ್ಲಿ ಮನ್ನಾ ಮಾಡುವುದಾಗಿ ಭರವಸೆ ನೀಡಿದ್ದಾರೆ ಆದರೆ ಕಂತುಗಳಲ್ಲಿ ಸಾಲ ಮನ್ನಾ ಮಾಡುವ ವಿಧಾನ ಹೇಗೆ ಎಂಬುದರ ಬಗ್ಗೆ ಸ್ಪಷ್ಟೀಕರಣ ನೀಡಿಲ್ಲ,P,N,ಆದರೆ,ಇದಲ್ಲದೇ ಇನ್ನುಳಿದ ಸಾಲ ಮೊತ್ತವನ್ನು ಹಂತಹಂತವಾಗಿ ಕಂತುಗಳಲ್ಲಿ ಮನ್ನಾ ಮಾಡುವುದಾಗಿ ಭರವಸೆ ನೀಡಿದ್ದಾರೆ,ಆದರೆ ಕಂತುಗಳಲ್ಲಿ ಸಾಲ ಮನ್ನಾ ಮಾಡುವ ವಿಧಾನ ಹೇಗೆ ಎಂಬುದರ ಬಗ್ಗೆ ಸ್ಪಷ್ಟೀಕರಣ ನೀಡಿಲ್ಲ
ವಿಧಾನಸಭೆ ಚುನಾವಣೆಯಲ್ಲಿ ಮತ ಹಾಕಿದ್ವಿ ಆದರೆ ಈ ಬಾರಿ ಪಟ್ಟಿಯಲ್ಲಿ ಹೆಸರು ನಾಪತ್ತೆಯಾಗಿದೆ ಎಂದು ತಮ್ಮ ಅಸಮಾಧಾನ ಹೊರಹಾಕಿದರು,O,N,ಆದರೆ,ವಿಧಾನಸಭೆ ಚುನಾವಣೆಯಲ್ಲಿ ಮತ ಹಾಕಿದ್ವಿ,ಆದರೆ ಈ ಬಾರಿ ಪಟ್ಟಿಯಲ್ಲಿ ಹೆಸರು ನಾಪತ್ತೆಯಾಗಿದೆ ಎಂದು ತಮ್ಮ ಅಸಮಾಧಾನ ಹೊರಹಾಕಿದರು
ಬಜೆಟ್ನಲ್ಲಿ ಕೃಷಿ ಉತ್ಪನ್ನಗಳಿಗೆ ಬೆಲೆ ಕುಸಿತ ಉಂಟಾದಾಗ ಬೆಂಬಲ ಬೆಲೆ ಕೊಡುವುದಾಗಿ ಘೋಷಿಸಿದೆ ಆದರೆ ಅದರ ವೈಜ್ಞಾನಿಕ ನಿಲುವು ಪ್ರಕಟವಾಗಿಲ್ಲ,P,O,ಆದರೆ,ಬಜೆಟ್ನಲ್ಲಿ ಕೃಷಿ ಉತ್ಪನ್ನಗಳಿಗೆ ಬೆಲೆ ಕುಸಿತ ಉಂಟಾದಾಗ ಬೆಂಬಲ ಬೆಲೆ ಕೊಡುವುದಾಗಿ ಘೋಷಿಸಿದೆ,ಆದರೆ ಅದರ ವೈಜ್ಞಾನಿಕ ನಿಲುವು ಪ್ರಕಟವಾಗಿಲ್ಲ
! ಒಂದೇ ಸಲಕ್ಕೆ ಅರ್ಥವಾಗುವುದಿಲ್ಲಆದರೆ ಕೌತುಕ ಹುಟ್ಟಿಸುತ್ತದೆ,N,P,ಆದರೆ,! ಒಂದೇ ಸಲಕ್ಕೆ ಅರ್ಥವಾಗುವುದಿಲ್ಲ,ಆದರೆ ಕೌತುಕ ಹುಟ್ಟಿಸುತ್ತದೆ
ಅಫ್ಘಾನಿಸ್ತಾನದಲ್ಲಿ ಅಪಾರ ಖನಿಜ ಸಂಪತ್ತು ಇದೆ ಆದರೆ ಅದರಿಂದ ಯುಎಸ್ ಗೆ ಉಪಯೋಗವಾಗುತ್ತಿಲ್ಲ,P,N,ಆದರೆ,ಅಫ್ಘಾನಿಸ್ತಾನದಲ್ಲಿ ಅಪಾರ ಖನಿಜ ಸಂಪತ್ತು ಇದೆ,ಆದರೆ ಅದರಿಂದ ಯುಎಸ್ ಗೆ ಉಪಯೋಗವಾಗುತ್ತಿಲ್ಲ
ನನಗೆ ಅಷ್ಟು ಬರೆಯಲು ತಾಳ್ಮೆ ಇರಲಿಲ್ಲ ಅನ್ನಬಹುದು ಅಥವಾ ಅದನ್ನು ಅರ್ಥ ಮಾಡಿಸುವ ಹಾಗೆ ಬರೆಯಲು ಆಗಲೂ ಇಲ್ಲ ಅನ್ನಬಹುದು,N,N,ಅಥವಾ,ನನಗೆ ಅಷ್ಟು ಬರೆಯಲು ತಾಳ್ಮೆ ಇರಲಿಲ್ಲ ಅನ್ನಬಹುದು,ಅಥವಾ ಅದನ್ನು ಅರ್ಥ ಮಾಡಿಸುವ ಹಾಗೆ ಬರೆಯಲು ಆಗಲೂ ಇಲ್ಲ ಅನ್ನಬಹುದು
ಮಾರುಕಟ್ಟೆಗೆ ಹೊಸ ಹೊಸ ಮೊಬೈಲ್ಗಳು ಬರುತ್ತಿವೆ ಆದರೆ ಈ ಹೊಸ ಮೊಬೈಲ್ಗಳ ನಡುವೆಯೂ ಹಳೆ ಮೊಬೈಲ್ಗಳ ಬೇಡಿಕೆ ಕುಸಿದಿಲ್ಲ,P,P,ಆದರೆ,ಮಾರುಕಟ್ಟೆಗೆ ಹೊಸ ಹೊಸ ಮೊಬೈಲ್ಗಳು ಬರುತ್ತಿವೆ,ಆದರೆ ಈ ಹೊಸ ಮೊಬೈಲ್ಗಳ ನಡುವೆಯೂ ಹಳೆ ಮೊಬೈಲ್ಗಳ ಬೇಡಿಕೆ ಕುಸಿದಿಲ್ಲ
ಯಾಕೆಂದರೆ ಇವು ಮನೆಯ ಸೌಂದರ್ಯವನ್ನು ಹೆಚ್ಚಿಸುತ್ತವೆ ಆದರೆ ಯಾವಾಗ ಬೇಕಾದ್ರೂ ಮನೆಗೆ ಪೀಠೋಪಕರಣ ಹಾಗೂ ಮರದ ವಸ್ತುಗಳನ್ನು ತರುವುದು ಒಳ್ಳೆಯದಲ್ಲ,P,N,ಆದರೆ,ಯಾಕೆಂದರೆ ಇವು ಮನೆಯ ಸೌಂದರ್ಯವನ್ನು ಹೆಚ್ಚಿಸುತ್ತವೆ,ಆದರೆ ಯಾವಾಗ ಬೇಕಾದ್ರೂ ಮನೆಗೆ ಪೀಠೋಪಕರಣ ಹಾಗೂ ಮರದ ವಸ್ತುಗಳನ್ನು ತರುವುದು ಒಳ್ಳೆಯದಲ್ಲ
ಈತ ಸ್ವಾತಂತ್ರೊತ್ಸವದಂದು ಬೆಟ್ಟವೇರಿದ್ದು ತುದಿಯಿಂದ ಬಿದ್ದಿದ್ದಾನೆ ಆದರೆ ಈ ಸಾವು ಆತ್ಮಹತ್ಯೆಯೋ ಅಥವಾ ಆಕಸ್ಮಿಕವೋ ಎಂಬುದು ವಿಚಾರಣೆಯಿಂದ ತಿಳಿಯಬೇಕಿದೆ,N,O,ಆದರೆ,ಈತ ಸ್ವಾತಂತ್ರೊತ್ಸವದಂದು ಬೆಟ್ಟವೇರಿದ್ದು ತುದಿಯಿಂದ ಬಿದ್ದಿದ್ದಾನೆ,ಆದರೆ ಈ ಸಾವು ಆತ್ಮಹತ್ಯೆಯೋ ಅಥವಾ ಆಕಸ್ಮಿಕವೋ ಎಂಬುದು ವಿಚಾರಣೆಯಿಂದ ತಿಳಿಯಬೇಕಿದೆ
ಜನ ಜೇಪೀ ಇನ್ ಫ್ರಾಟೆಕ್ ದಿಂದ ಅಪಾರ್ಟ್ಮೆಂಟ್ ಖರೀದಿಸಿದ್ದರು ಆದರೆ ಅವರಿಗೆ ಆ ಮನೆಗಳನ್ನು ನೀಡುವಲ್ಲಿ ಜೇಪೀ ವಿಫಲವಾಗಿದೆ,O,N,ಆದರೆ,ಜನ ಜೇಪೀ ಇನ್ ಫ್ರಾಟೆಕ್ ದಿಂದ ಅಪಾರ್ಟ್ಮೆಂಟ್ ಖರೀದಿಸಿದ್ದರು,ಆದರೆ ಅವರಿಗೆ ಆ ಮನೆಗಳನ್ನು ನೀಡುವಲ್ಲಿ ಜೇಪೀ ವಿಫಲವಾಗಿದೆ
ಈ ಹೃದಯದಲ್ಲಿ ಹುಟ್ಟಿದ ಮೊದಲ ಪ್ರೀತಿ ನೀನು ಆದರೆ ಇಷ್ಟು ಬೇಗ ನನ್ನ ಹೃದಯ ನಿನಗೆ ಬೇಸರವಾಗುತ್ತದೆ ಎಂದು ಊಹಿಸಿರಲಿಲ್ಲ,P,N,ಆದರೆ,ಈ ಹೃದಯದಲ್ಲಿ ಹುಟ್ಟಿದ ಮೊದಲ ಪ್ರೀತಿ ನೀನು,ಆದರೆ ಇಷ್ಟು ಬೇಗ ನನ್ನ ಹೃದಯ ನಿನಗೆ ಬೇಸರವಾಗುತ್ತದೆ ಎಂದು ಊಹಿಸಿರಲಿಲ್ಲ
ರೋಗಿಯು ಹೆಚ್ಚುವರ್ಷ ಬದುಕಬಹುದೆಂದು ಮನದಟ್ಟು ಮಾಡಿದರು ಆದರೆ ತರುಣಿ ಅದಾದ 4 ತಿಂಗಳಲ್ಲೇ ಮರಣ ಹೊಂದಿದಳು,P,N,ಆದರೆ,ರೋಗಿಯು ಹೆಚ್ಚುವರ್ಷ ಬದುಕಬಹುದೆಂದು ಮನದಟ್ಟು ಮಾಡಿದರು,ಆದರೆ ತರುಣಿ ಅದಾದ 4 ತಿಂಗಳಲ್ಲೇ ಮರಣ ಹೊಂದಿದಳು
ಭಾಷೆಯ ನಾಶವೆಂದರೆ ಅದು ಸಂಸ್ಕೃತಿಯ ನಾಶ ಎಂದೇ ಹೇಳಬೇಕು ಆದರೆ ಸಂಪರ್ಕ ಮತ್ತು ಏಕತೆಯ ಹೆಸರಿನಲ್ಲಿ ಏಕ ಭಾಷೆಯ ಅಧಿಪತ್ಯ ಸ್ಥಾಪಿಸಹೊರಟಿರುವುದು ಮೂರ್ಖತನದ ದ್ಯೋತಕವಾಗಿದೆ,N,N,ಆದರೆ,ಭಾಷೆಯ ನಾಶವೆಂದರೆ ಅದು ಸಂಸ್ಕೃತಿಯ ನಾಶ ಎಂದೇ ಹೇಳಬೇಕು,ಆದರೆ ಸಂಪರ್ಕ ಮತ್ತು ಏಕತೆಯ ಹೆಸರಿನಲ್ಲಿ ಏಕ ಭಾಷೆಯ ಅಧಿಪತ್ಯ ಸ್ಥಾಪಿಸಹೊರಟಿರುವುದು ಮೂರ್ಖತನದ ದ್ಯೋತಕವಾಗಿದೆ
ಸಾಹಿತ್ಯ ಕೃತಿಗಳ ಓದು ಬದುಕಿನ ಆತ್ಮವಿಶ್ವಾಸವನ್ನು ಹಿಗ್ಗಿಸುವ ಜೊತೆಗೆ ಅಗಾಧ ಜ್ಞಾನ ಬದಗಿಸುವ ಶಕ್ತಿ ಬಂದಿದೆ ಆದ್ದರಿಂದ ವಿದ್ಯಾರ್ಥಿಗಳು ದಿನದ ಕೆಲಸಮಯ ಉತ್ತಮ ಕೃತಿಗಳನ್ನು ಓದಬೇಕು,P,O,ಆದ್ದರಿಂದ,ಸಾಹಿತ್ಯ ಕೃತಿಗಳ ಓದು ಬದುಕಿನ ಆತ್ಮವಿಶ್ವಾಸವನ್ನು ಹಿಗ್ಗಿಸುವ ಜೊತೆಗೆ ಅಗಾಧ ಜ್ಞಾನ ಬದಗಿಸುವ ಶಕ್ತಿ ಬಂದಿದೆ,ಆದ್ದರಿಂದ ವಿದ್ಯಾರ್ಥಿಗಳು ದಿನದ ಕೆಲಸಮಯ ಉತ್ತಮ ಕೃತಿಗಳನ್ನು ಓದಬೇಕು
ಅದಕ್ಕೆ ನೆಹರು ಆಕ್ಷೇಪ ವ್ಯಕ್ತಪಡಿಸಿದ್ದರಂತೆ ಆದರೆ ನೆಹರು ನಿಧನದನಂತರ ಅವರಿಗೆ ಶ್ರದ್ಧಾಂಜಲಿ ಸಲ್ಲಿಸುವ ಸಲುವಾಗಿ ಅವರ ಹೆಸರನ್ನೇ ಇಡಲಾಯಿತಂತೆ,N,O,ಆದರೆ,ಅದಕ್ಕೆ ನೆಹರು ಆಕ್ಷೇಪ ವ್ಯಕ್ತಪಡಿಸಿದ್ದರಂತೆ,ಆದರೆ ನೆಹರು ನಿಧನದನಂತರ ಅವರಿಗೆ ಶ್ರದ್ಧಾಂಜಲಿ ಸಲ್ಲಿಸುವ ಸಲುವಾಗಿ ಅವರ ಹೆಸರನ್ನೇ ಇಡಲಾಯಿತಂತೆ
ಜೆಎನ್ಯುವಿನಲ್ಲಿ ಅಟೆಂಡೆನ್ಸ್ ಕಡ್ಡಾಯವಲ್ಲ ಆದರೆ ವಿದ್ಯಾರ್ಥಿಗಳು ತಮ್ಮ ಗುರಿಯಿಂದ ದೂರ ಸರಿಯಬಾರದು ಅಷ್ಟೇ,P,O,ಆದರೆ,ಜೆಎನ್ಯುವಿನಲ್ಲಿ ಅಟೆಂಡೆನ್ಸ್ ಕಡ್ಡಾಯವಲ್ಲ,ಆದರೆ ವಿದ್ಯಾರ್ಥಿಗಳು ತಮ್ಮ ಗುರಿಯಿಂದ ದೂರ ಸರಿಯಬಾರದು ಅಷ್ಟೇ
ಸ್ಥಳೀಯ ಸ್ವಾತಂತ್ರ್ಯ ಹೋರಾಟಗಾರರನ್ನು ಸ್ಮರಿಸುವ ಕೆಲಸ ಭಾಗಶಃ ಆಗುತ್ತಿಲ್ಲ ಎನ್ನುವ ಅಸಮಾಧಾನ ಬಹುತೇಕರಲ್ಲಿದೆ ಆದರೆ ಈ ಬಾರಿ ಕೊಟ್ಟೂರಿನಲ್ಲಿ ದೇಶಕ್ಕಾಗಿ ಬಲಿದಾನ ಮಾಡಿದವರನ್ನು ಸ್ಮರಿಸುವ ಕೆಲಸ ಆಯಿತು,N,P,ಆದರೆ,ಸ್ಥಳೀಯ ಸ್ವಾತಂತ್ರ್ಯ ಹೋರಾಟಗಾರರನ್ನು ಸ್ಮರಿಸುವ ಕೆಲಸ ಭಾಗಶಃ ಆಗುತ್ತಿಲ್ಲ ಎನ್ನುವ ಅಸಮಾಧಾನ ಬಹುತೇಕರಲ್ಲಿದೆ,ಆದರೆ ಈ ಬಾರಿ ಕೊಟ್ಟೂರಿನಲ್ಲಿ ದೇಶಕ್ಕಾಗಿ ಬಲಿದಾನ ಮಾಡಿದವರನ್ನು ಸ್ಮರಿಸುವ ಕೆಲಸ ಆಯಿತು
ಅಲ್ಪಸಂಖ್ಯಾಕರ ಮತ ಬೇಕು ಆದರೆ ಅವರು ಮೇಲೆ ಬರಬಾರದು ಅನ್ನುವ ದೃಷ್ಟಿಯಲ್ಲಿ ಕಾಂಗ್ರೆಸ್ ಕೆಲಸ ನಿರ್ವಹಿಸುತ್ತಿದೆ ಎಂದು ಆರೋಪಿಸಿದರು,O,N,ಆದರೆ,ಅಲ್ಪಸಂಖ್ಯಾಕರ ಮತ ಬೇಕು,ಆದರೆ ಅವರು ಮೇಲೆ ಬರಬಾರದು ಅನ್ನುವ ದೃಷ್ಟಿಯಲ್ಲಿ ಕಾಂಗ್ರೆಸ್ ಕೆಲಸ ನಿರ್ವಹಿಸುತ್ತಿದೆ ಎಂದು ಆರೋಪಿಸಿದರು
ದೇಶಾದ್ಯಂತ ಅಲ್ಪಸಂಖ್ಯಾಕರಿಗೆ ಸರಕಾರ ವಿವಿಧ ಯೋಜನೆಗಳನ್ನು ಜಾರಿಗೊಳಿಸಿದೆ ಆದರೆ ಜನಪ್ರತಿನಿಧಿಗಳು ಅದನ್ನು ತಲುಪಿಸುವಲ್ಲಿ ವಿಫಲವಾಗಿದ್ದಾರೆ ಎಂದರು,P,N,ಆದರೆ,ದೇಶಾದ್ಯಂತ ಅಲ್ಪಸಂಖ್ಯಾಕರಿಗೆ ಸರಕಾರ ವಿವಿಧ ಯೋಜನೆಗಳನ್ನು ಜಾರಿಗೊಳಿಸಿದೆ,ಆದರೆ ಜನಪ್ರತಿನಿಧಿಗಳು ಅದನ್ನು ತಲುಪಿಸುವಲ್ಲಿ ವಿಫಲವಾಗಿದ್ದಾರೆ ಎಂದರು
ಪಂಚಾಯತ್ನ ಸಹಕಾರವೂ ದೊರೆತಿರಲಿಲ್ಲ ಆದರೆ ವಾಟ್ಸಪ್ ಗ್ರೂಪ್ನಲ್ಲಿ ಸಮಸ್ಯೆ ಬಗ್ಗೆ ತಿಳಿಸಿದ ತತ್ಕ್ಷಣ ಬಿಜೆಪಿ ಮುಖಂಡರು ಟ್ಯಾಂಕರ್ ಮೂಲಕ ನೀರು ಒದಗಿಸುವ ಮೂಲಕ ಇಡೀ ಜನರಿಗೆ ಸಹಕರಿಸಿದ್ದಾರೆ ಎಂದು ತಿಳಿಸಿದರು,N,P,ಆದರೆ,ಪಂಚಾಯತ್ನ ಸಹಕಾರವೂ ದೊರೆತಿರಲಿಲ್ಲ,ಆದರೆ ವಾಟ್ಸಪ್ ಗ್ರೂಪ್ನಲ್ಲಿ ಸಮಸ್ಯೆ ಬಗ್ಗೆ ತಿಳಿಸಿದ ತತ್ಕ್ಷಣ ಬಿಜೆಪಿ ಮುಖಂಡರು ಟ್ಯಾಂಕರ್ ಮೂಲಕ ನೀರು ಒದಗಿಸುವ ಮೂಲಕ ಇಡೀ ಜನರಿಗೆ ಸಹಕರಿಸಿದ್ದಾರೆ ಎಂದು ತಿಳಿಸಿದರು
ರೈತರ ಮನಗೆಲ್ಲುವ ಪ್ರಯತ್ನವೇನೋ ಮಾಡಿದೆ ಆದರೆ ಕರ್ನಾಟಕದ ರೈತರ ಪಾಲಿಗೆ ಅಷ್ಟೇನು ಲಾಭದಾಯಕವಲ್ಲ,P,N,ಆದರೆ,ರೈತರ ಮನಗೆಲ್ಲುವ ಪ್ರಯತ್ನವೇನೋ ಮಾಡಿದೆ,ಆದರೆ ಕರ್ನಾಟಕದ ರೈತರ ಪಾಲಿಗೆ ಅಷ್ಟೇನು ಲಾಭದಾಯಕವಲ್ಲ
ಯಾರನ್ನಾದರೂ ಅಮೇರಿಕಾ ಇಲ್ಲವೇ ಇಂಗ್ಲೇಂಡಿನಿಂದ ಕರೆಸುವದೇ ಎಂದು ಮೊದಲಾಗಿ ಸಲಹೆಗಳು ಬಂದವು ಆದರೆ ಅಂಬೇಡ್ಕರವರ ಪ್ರತಿಭೆಯ ಪರಿಚಯವಿದ್ದು ಕೆಲವು ಪ್ರಮುಖರು ಸಂವಿಧಾನವನ್ನು ರೂಪಿಸಲು ಅವರ ಹೆಸರನ್ನು ಸೂಚಿಸಿದರು,O,O,ಆದರೆ,ಯಾರನ್ನಾದರೂ ಅಮೇರಿಕಾ ಇಲ್ಲವೇ ಇಂಗ್ಲೇಂಡಿನಿಂದ ಕರೆಸುವದೇ ಎಂದು ಮೊದಲಾಗಿ ಸಲಹೆಗಳು ಬಂದವು,ಆದರೆ ಅಂಬೇಡ್ಕರವರ ಪ್ರತಿಭೆಯ ಪರಿಚಯವಿದ್ದು ಕೆಲವು ಪ್ರಮುಖರು ಸಂವಿಧಾನವನ್ನು ರೂಪಿಸಲು ಅವರ ಹೆಸರನ್ನು ಸೂಚಿಸಿದರು
ನಾನು ಹಿಂದೂ ಸಂಸ್ಕೃತಿಯಿಂದ ವಂಚಿತನಾಗುತ್ತೇನೆ ಆದ್ದರಿಂದ ಹಿಂದೂ ಸಂಸ್ಕೃತಿ ಹಾಗೂ ಪರಿಪೂರ್ಣ ಸಮಾನತೆಯುಳ್ಳ ಬೌದ್ಧಮತವನ್ನು ಸ್ವೀಕರಿಸುತ್ತೇನೆ,N,O,ಆದ್ದರಿಂದ,ನಾನು ಹಿಂದೂ ಸಂಸ್ಕೃತಿಯಿಂದ ವಂಚಿತನಾಗುತ್ತೇನೆ,ಆದ್ದರಿಂದ ಹಿಂದೂ ಸಂಸ್ಕೃತಿ ಹಾಗೂ ಪರಿಪೂರ್ಣ ಸಮಾನತೆಯುಳ್ಳ ಬೌದ್ಧಮತವನ್ನು ಸ್ವೀಕರಿಸುತ್ತೇನೆ
ನಟ ನಟಿಯರ ಜೊತೆ ಸ್ನೇಹ ಬೆಳೆಸುವುದು ಸಹಜ ಆದರೆ ಇದನ್ನೇ ದೊಡ್ಡ ವಿವಾದ ಮಾಡಲಾಯಿತು,O,N,ಆದರೆ,ನಟ ನಟಿಯರ ಜೊತೆ ಸ್ನೇಹ ಬೆಳೆಸುವುದು ಸಹಜ,ಆದರೆ ಇದನ್ನೇ ದೊಡ್ಡ ವಿವಾದ ಮಾಡಲಾಯಿತು
ಕರಾವಳಿಯಲ್ಲಿ ಅಭಿವೃದ್ಧಿಆಧುನೀಕರಣ ನಡೆದಿದೆಆದರೆ ಇತರ ಪ್ರದೇಶಗಳು ಹಿಂದುಳಿದಿವೆ,P,N,ಆದರೆ,ಕರಾವಳಿಯಲ್ಲಿ ಅಭಿವೃದ್ಧಿಆಧುನೀಕರಣ ನಡೆದಿದೆ,ಆದರೆ ಇತರ ಪ್ರದೇಶಗಳು ಹಿಂದುಳಿದಿವೆ
ನೀವು ಹೋಗುತ್ತಿರುವ ದಾರಿ ಸರಿಯಾದುದೇ ಆದರೆ ನಿಮ್ಮ ಸಂಗಡ ಇತರರನ್ನು ಕರೆದುಕೊಂಡು ಹೋಗಬೇಕೆನ್ನುವ ನಿಮ್ಮ ಜಾಣ್ಮೆ ಮೆಚ್ಚುವಂತಹದು,P,P,ಆದರೆ,ನೀವು ಹೋಗುತ್ತಿರುವ ದಾರಿ ಸರಿಯಾದುದೇ,ಆದರೆ ನಿಮ್ಮ ಸಂಗಡ ಇತರರನ್ನು ಕರೆದುಕೊಂಡು ಹೋಗಬೇಕೆನ್ನುವ ನಿಮ್ಮ ಜಾಣ್ಮೆ ಮೆಚ್ಚುವಂತಹದು
ಸರಕಾರಿ ಸಭೆ ಸಮಾರಂಭಗಳಲ್ಲಿ ಪ್ಲ್ಯಾಸ್ಟಿಕ್ ನೀರಿನ ಬಾಟಲ್ ತರಿಸಲಾಗುತ್ತದೆ ಆದರೆ ನೀರು ಬಳಕೆಯಾಗುವುದು ಕಡಿಮೆ,P,O,ಆದರೆ,ಸರಕಾರಿ ಸಭೆ ಸಮಾರಂಭಗಳಲ್ಲಿ ಪ್ಲ್ಯಾಸ್ಟಿಕ್ ನೀರಿನ ಬಾಟಲ್ ತರಿಸಲಾಗುತ್ತದೆ,ಆದರೆ ನೀರು ಬಳಕೆಯಾಗುವುದು ಕಡಿಮೆ
ಮೀಡಿಯಾ ರೂಂನಲ್ಲಿ ಮೂಲಭೂತವಾಗಿ ವಿದ್ಯುತ್ ಮತ್ತು ಸೌಂಡ್ಗೆ ವೈರಿಂಗ್ ಮಾಡುವಲ್ಲಿ ಸರಿಯಾದ ಪ್ಲಾನ್ ಮಾಡಬೇಕಾಗುತ್ತದೆ ಆದ್ದರಿಂದ ಬಳಕೆ ಮಾಡುವ ಉಪಕರಣಗಳ ಪಟ್ಟಿಯನ್ನು ಮೊದಲು ತಯಾರಿಸಿಕೊಳ್ಳಬೇಕು,O,O,ಆದ್ದರಿಂದ,ಮೀಡಿಯಾ ರೂಂನಲ್ಲಿ ಮೂಲಭೂತವಾಗಿ ವಿದ್ಯುತ್ ಮತ್ತು ಸೌಂಡ್ಗೆ ವೈರಿಂಗ್ ಮಾಡುವಲ್ಲಿ ಸರಿಯಾದ ಪ್ಲಾನ್ ಮಾಡಬೇಕಾಗುತ್ತದೆ,ಆದ್ದರಿಂದ ಬಳಕೆ ಮಾಡುವ ಉಪಕರಣಗಳ ಪಟ್ಟಿಯನ್ನು ಮೊದಲು ತಯಾರಿಸಿಕೊಳ್ಳಬೇಕು
ಅದು ಮುಗಿದ ಮೇಲೆ ಶ್ರೀದೇವಿ ಮೃತದೇಹವನ್ನ ಭಾರತಕ್ಕೆ ತರಲಾಗುತ್ತದೆ ಆದರೆ ದುಬೈ ಪೊಲೀಸರು ಪ್ರಮುಖವಾಗಿ 5 ಅನುಮಾನಗಳ ಮೇಲೆ ತನಿಖೆ ನಡೆಸುತ್ತಿದ್ದಾರೆ,O,O,ಆದರೆ,ಅದು ಮುಗಿದ ಮೇಲೆ ಶ್ರೀದೇವಿ ಮೃತದೇಹವನ್ನ ಭಾರತಕ್ಕೆ ತರಲಾಗುತ್ತದೆ,ಆದರೆ ದುಬೈ ಪೊಲೀಸರು ಪ್ರಮುಖವಾಗಿ 5 ಅನುಮಾನಗಳ ಮೇಲೆ ತನಿಖೆ ನಡೆಸುತ್ತಿದ್ದಾರೆ
ಕೆಲವು ಮಂದಿ ಬ್ಯಾಟರಿ ಬ್ಯಾಕ್ಅಪ್ಗಳನ್ನು ಹಿಡಿದುಕೊಂಡು ತೆರಳುತ್ತಾರೆ ಆದರೆ ಎಲ್ಲರಿಗೂ ಅದು ಸಾಧ್ಯವಿಲ್ಲ,O,N,ಆದರೆ,ಕೆಲವು ಮಂದಿ ಬ್ಯಾಟರಿ ಬ್ಯಾಕ್ಅಪ್ಗಳನ್ನು ಹಿಡಿದುಕೊಂಡು ತೆರಳುತ್ತಾರೆ,ಆದರೆ ಎಲ್ಲರಿಗೂ ಅದು ಸಾಧ್ಯವಿಲ್ಲ
ಕಿವಿಗೆ ಇಯರ್ ಫೋನ್ ಸಿಕ್ಕಿಸಿಕೊಂಡು ತಮ್ಮಷ್ಟಕ್ಕೆ ತಾವೇ ಮಾತಾಡುತ್ತಿದ್ದಾರೆಂಬಂತೆ ಅಥವಾ ತಮ್ಮಷ್ಟಕ್ಕೇ ತಾವೇ ವಿಭಿನ್ನ ಹಾವಭಾವಗಳನ್ನು ಪ್ರದರ್ಶಿಸುತ್ತಿದ್ದಾರೋ ಎಂಬಂತಿರುವವರನ್ನು ಕಂಡಾಗ ಅನ್ನಿಸಿದ್ದಿದು,O,O,ಅಥವಾ,ಕಿವಿಗೆ ಇಯರ್ ಫೋನ್ ಸಿಕ್ಕಿಸಿಕೊಂಡು ತಮ್ಮಷ್ಟಕ್ಕೆ ತಾವೇ ಮಾತಾಡುತ್ತಿದ್ದಾರೆಂಬಂತೆ,ಅಥವಾ ತಮ್ಮಷ್ಟಕ್ಕೇ ತಾವೇ ವಿಭಿನ್ನ ಹಾವಭಾವಗಳನ್ನು ಪ್ರದರ್ಶಿಸುತ್ತಿದ್ದಾರೋ ಎಂಬಂತಿರುವವರನ್ನು ಕಂಡಾಗ ಅನ್ನಿಸಿದ್ದಿದು
ಕೆಲವೊಂದು ಅವಕಾಶ ಸಿಕ್ಕರೂ ಅವುಗಳನ್ನ ಬಳಸಿಕೊಳ್ಳಲು ವಿಫಲಗೊಂಡಿದ್ದು ಎಲ್ಲರಿಗೂ ಗೊತ್ತಿರುವ ಸಂಗತಿ ಆದರೆ ಸದ್ಯದ ಪರಿಸ್ಥಿತಿ ನೋಡಿದಾಗ ಅವರಿಗೆ ಮತ್ತೊಂದು ಚಾನ್ಸ್ ನೀಡುವ ಸಾಧ್ಯತೆ ಕಂಡು ಬರುತ್ತಿದೆ,N,P,ಆದರೆ,ಕೆಲವೊಂದು ಅವಕಾಶ ಸಿಕ್ಕರೂ ಅವುಗಳನ್ನ ಬಳಸಿಕೊಳ್ಳಲು ವಿಫಲಗೊಂಡಿದ್ದು ಎಲ್ಲರಿಗೂ ಗೊತ್ತಿರುವ ಸಂಗತಿ,ಆದರೆ ಸದ್ಯದ ಪರಿಸ್ಥಿತಿ ನೋಡಿದಾಗ ಅವರಿಗೆ ಮತ್ತೊಂದು ಚಾನ್ಸ್ ನೀಡುವ ಸಾಧ್ಯತೆ ಕಂಡು ಬರುತ್ತಿದೆ
ತಮ್ಮ ರೈತು ಚಿತ್ರದಲ್ಲಿ ನಟಿಸುವಂತೆ ಮನವಿ ಮಾಡಿಕೊಂಡಿದ್ದರು ಆದರೆ ಅಮಿತಾಭ್ ಅದ್ಯಾಕೋ ಈ ಚಿತ್ರಕ್ಕೆ ಒಲ್ಲೆ ಎಂದು ಬಿಟ್ಟರು,O,N,ಆದರೆ,ತಮ್ಮ ರೈತು ಚಿತ್ರದಲ್ಲಿ ನಟಿಸುವಂತೆ ಮನವಿ ಮಾಡಿಕೊಂಡಿದ್ದರು,ಆದರೆ ಅಮಿತಾಭ್ ಅದ್ಯಾಕೋ ಈ ಚಿತ್ರಕ್ಕೆ ಒಲ್ಲೆ ಎಂದು ಬಿಟ್ಟರು
ಇಂಥ ಎಡವಟ್ಟುಗಳು ಆಗೊಮ್ಮೆ ಈಗೊಮ್ಮೆ ವರದಿಯಾಗುವುದೇನೋ ಸರಿ ಆದರೆ ಜನರ ಗಮನಕ್ಕೆ ಬಾರದೆಯೇ ಏನೆಲ್ಲ ನಡೆಯುತ್ತಿರಬಹುದು ಎಂಬುದನ್ನು ಒಮ್ಮೆ ಕಲ್ಪಿಸಿಕೊಂಡರೆ ಆತಂಕವಾಗುತ್ತದೆ,O,N,ಆದರೆ,ಇಂಥ ಎಡವಟ್ಟುಗಳು ಆಗೊಮ್ಮೆ ಈಗೊಮ್ಮೆ ವರದಿಯಾಗುವುದೇನೋ ಸರಿ,ಆದರೆ ಜನರ ಗಮನಕ್ಕೆ ಬಾರದೆಯೇ ಏನೆಲ್ಲ ನಡೆಯುತ್ತಿರಬಹುದು ಎಂಬುದನ್ನು ಒಮ್ಮೆ ಕಲ್ಪಿಸಿಕೊಂಡರೆ ಆತಂಕವಾಗುತ್ತದೆ
ಮಹಿಳಾ ವಾಹನ ಚಾಲಾನೆ ಪರವಾನಗಿ ಕೂಡ ಈ ಯೋಜನೆಯ ಮಹತ್ವದ ತೀರ್ಮಾನವಾಗಿದೆ ಆದರೆ ಸರ್ಕಾರದ ಈ ನಿರ್ಧಾರದಿಂದ ಸೌದಿಯಲ್ಲಿ ಕಾರ್ಯ ನಿರ್ವಹಿಸುವ ಭಾರತ ಸೇರಿದಂತೆ ಹಲವು ರಾಷ್ಟ್ರಗಳ ವಾಹನ ಚಾಲಕರು ಉದ್ಯೋಗ ಕಳೆದುಕೊಳ್ಳಲಿದ್ದಾರೆ,P,N,ಆದರೆ,ಮಹಿಳಾ ವಾಹನ ಚಾಲಾನೆ ಪರವಾನಗಿ ಕೂಡ ಈ ಯೋಜನೆಯ ಮಹತ್ವದ ತೀರ್ಮಾನವಾಗಿದೆ,ಆದರೆ ಸರ್ಕಾರದ ಈ ನಿರ್ಧಾರದಿಂದ ಸೌದಿಯಲ್ಲಿ ಕಾರ್ಯ ನಿರ್ವಹಿಸುವ ಭಾರತ ಸೇರಿದಂತೆ ಹಲವು ರಾಷ್ಟ್ರಗಳ ವಾಹನ ಚಾಲಕರು ಉದ್ಯೋಗ ಕಳೆದುಕೊಳ್ಳಲಿದ್ದಾರೆ
ಅತಿ ಹೆಚ್ಚಿನ ಉಪ್ಪು ಇರುವ ಆಹಾರ ನಿಮಗೆ ಇಷ್ಟವೇ ಇರಬಹುದು ಆದರೆ ಇದು ರಕ್ತದೊತ್ತಡವನ್ನು ಹೆಚ್ಚಿಸುತ್ತದೆ,P,N,ಆದರೆ,ಅತಿ ಹೆಚ್ಚಿನ ಉಪ್ಪು ಇರುವ ಆಹಾರ ನಿಮಗೆ ಇಷ್ಟವೇ ಇರಬಹುದು,ಆದರೆ ಇದು ರಕ್ತದೊತ್ತಡವನ್ನು ಹೆಚ್ಚಿಸುತ್ತದೆ
ಸಾಮಾನ್ಯವಾಗಿ ಹೋಟೆಲುಗಳಲ್ಲಿ ಬಿಸಿಬಿಸಿಯಾಗಿ ಬಡಿಸುವ ಸೂಪ್ ಗಳು ಅವರು ಸ್ವಂತವಾಗಿ ತಯಾರಿಸಿರಿಲಿಕ್ಕಿಲ್ಲ ಅಥವಾ ಮನೆಯಲ್ಲಿಯೇ ನೀವು ಸಿದ್ಧರೂಪದ ಪ್ಯಾಕೆಟ್ ಬಿಸಿ ಮಾಡಿ ಸೂಪ್ ಸವಿದಿರಬಹುದು,N,O,ಅಥವಾ,ಸಾಮಾನ್ಯವಾಗಿ ಹೋಟೆಲುಗಳಲ್ಲಿ ಬಿಸಿಬಿಸಿಯಾಗಿ ಬಡಿಸುವ ಸೂಪ್ ಗಳು ಅವರು ಸ್ವಂತವಾಗಿ ತಯಾರಿಸಿರಿಲಿಕ್ಕಿಲ್ಲ,ಅಥವಾ ಮನೆಯಲ್ಲಿಯೇ ನೀವು ಸಿದ್ಧರೂಪದ ಪ್ಯಾಕೆಟ್ ಬಿಸಿ ಮಾಡಿ ಸೂಪ್ ಸವಿದಿರಬಹುದು
ಅಲ್ಲದೇ ಸೂಪ್ ನಲ್ಲಿ ಹೆಚ್ಚಿನ ಉಪ್ಪು ಸಹಾ ಇದ್ದು ನರಗಳನ್ನು ದೃಢಗೊಳಿಸುತ್ತವೆ ತನ್ಮೂಲಕ ಹೃದಯದ ಸ್ತಂಭನದ ಸಾಧ್ಯತೆ ಹೆಚ್ಚಿಸುತ್ತದೆ ಆದ್ದರಿಂದ ಹೃದಯ ಆರೋಗ್ಯಕ್ಕಾದರೂ ಸರಿ ಮನೆಯಲ್ಲಿಯೇ ಸೂಪ್ ತಯಾರಿಸಿ ಸೇವಿಸಿ,N,O,ಆದ್ದರಿಂದ,ಅಲ್ಲದೇ ಸೂಪ್ ನಲ್ಲಿ ಹೆಚ್ಚಿನ ಉಪ್ಪು ಸಹಾ ಇದ್ದು ನರಗಳನ್ನು ದೃಢಗೊಳಿಸುತ್ತವೆ ತನ್ಮೂಲಕ ಹೃದಯದ ಸ್ತಂಭನದ ಸಾಧ್ಯತೆ ಹೆಚ್ಚಿಸುತ್ತದೆ,ಆದ್ದರಿಂದ ಹೃದಯ ಆರೋಗ್ಯಕ್ಕಾದರೂ ಸರಿ ಮನೆಯಲ್ಲಿಯೇ ಸೂಪ್ ತಯಾರಿಸಿ ಸೇವಿಸಿ
ಸಿನೇಮಾ ಪರದೆಯ ಹತ್ತು ಪಟ್ಟು ದೊಡ್ಡ ಭಿತ್ತಿಚಿತ್ರಗಳಲ್ಲಿ ಹುರಿದ ಕೋಳಿಯ ಚಿತ್ರವನ್ನು ನೋಡಿದರೆ ಬಾಯಲ್ಲಿ ನೀರೂರದಿರುವ ವ್ಯಕ್ತಿಯೇ ಇರಲಾರರು ಆದರೆ ಇವು ಎಷ್ಟೇ ಸುಂದರವಾಗಿದ್ದರೂ ಹೃದಯಕ್ಕೆ ಮಾತ್ರ ವಿಷವೇ ಸರಿ,O,N,ಆದರೆ,ಸಿನೇಮಾ ಪರದೆಯ ಹತ್ತು ಪಟ್ಟು ದೊಡ್ಡ ಭಿತ್ತಿಚಿತ್ರಗಳಲ್ಲಿ ಹುರಿದ ಕೋಳಿಯ ಚಿತ್ರವನ್ನು ನೋಡಿದರೆ ಬಾಯಲ್ಲಿ ನೀರೂರದಿರುವ ವ್ಯಕ್ತಿಯೇ ಇರಲಾರರು,ಆದರೆ ಇವು ಎಷ್ಟೇ ಸುಂದರವಾಗಿದ್ದರೂ ಹೃದಯಕ್ಕೆ ಮಾತ್ರ ವಿಷವೇ ಸರಿ
ಇವುಗಳ ಪ್ರಮಾಣ ಹೆಚ್ಚಾದರೆ ಹೃದಯಕ್ಕೆ ಅಪಾರಕಾರಿಯಾಗಿವೆ ಆದ್ದರಿಂದ ಮಾರುಕಟ್ಟೆಯಲ್ಲಿ ಸಿಗುವ ಸಿದ್ದ ಬರ್ಗರ್ ಗಳಿಗಿಂತ ಮನೆಯಲ್ಲಿಯೇ ತಯಾರಿಸಿ ಸವಿಯುವುದು ಜಾಣತನದ ಕ್ರಮವಾಗಿದೆ,N,O,ಆದ್ದರಿಂದ,ಇವುಗಳ ಪ್ರಮಾಣ ಹೆಚ್ಚಾದರೆ ಹೃದಯಕ್ಕೆ ಅಪಾರಕಾರಿಯಾಗಿವೆ,ಆದ್ದರಿಂದ ಮಾರುಕಟ್ಟೆಯಲ್ಲಿ ಸಿಗುವ ಸಿದ್ದ ಬರ್ಗರ್ ಗಳಿಗಿಂತ ಮನೆಯಲ್ಲಿಯೇ ತಯಾರಿಸಿ ಸವಿಯುವುದು ಜಾಣತನದ ಕ್ರಮವಾಗಿದೆ
ಕುರುಕು ತಿಂಡಿಗಳ ಮೇಲೆ ಉಪ್ಪನ್ನು ತೆಳುವಾಗಿ ಸಿಂಪಡಿಸಿರುತ್ತಾರೆ ಆದರೆ ಒಂದು ಪ್ರಮಾಣದ ಉಪ್ಪಿನ ಚಿಪ್ಸ್ ನಲ್ಲಿಯೂ 155 ಕ್ಯಾಲೋರಿ 106 ಗ್ರಾಂ ಕೊಬ್ಬು ಹಾಗೂ 149 mg ಸೋಡಿಯಂ ಇದೆ,O,O,ಆದರೆ,ಕುರುಕು ತಿಂಡಿಗಳ ಮೇಲೆ ಉಪ್ಪನ್ನು ತೆಳುವಾಗಿ ಸಿಂಪಡಿಸಿರುತ್ತಾರೆ,ಆದರೆ ಒಂದು ಪ್ರಮಾಣದ ಉಪ್ಪಿನ ಚಿಪ್ಸ್ ನಲ್ಲಿಯೂ 155 ಕ್ಯಾಲೋರಿ 106 ಗ್ರಾಂ ಕೊಬ್ಬು ಹಾಗೂ 149 mg ಸೋಡಿಯಂ ಇದೆ
ಈ ಅಭ್ಯರ್ಥಿಗಳ ಧ್ಯೇಯವನ್ನು ಗುರುತಿಸಿ ಅವರನ್ನು ಸೋಸುವುದು ಅವಶ್ಯಕ ಆದರೆ ಪರಿಸ್ಥಿತಿಯು ಹಾಗಿಲ್ಲವೆಂಬುದು ಅಚ್ಚರಿ,O,O,ಆದರೆ,ಈ ಅಭ್ಯರ್ಥಿಗಳ ಧ್ಯೇಯವನ್ನು ಗುರುತಿಸಿ ಅವರನ್ನು ಸೋಸುವುದು ಅವಶ್ಯಕ,ಆದರೆ ಪರಿಸ್ಥಿತಿಯು ಹಾಗಿಲ್ಲವೆಂಬುದು ಅಚ್ಚರಿ
ಯಾರಾದರೂ ಹೂಬಿಡುವ ಗಿಡವನ್ನ ಬೆಳೆಸಲು ಬಯಸಿದರೆ ಮೊದಲು ಕಳೆಯನ್ನು ಕೀಳಬೇಕಾದುದು ಅತ್ಯವಶ್ಯಕ ಏಕೆಂದರೆ ಅವು ಹೂವುಗಳು ಚೆನ್ನಾಗಿ ಬೆಳೆಯಲು ಅವು ಅಡ್ಡಿಯನ್ನುಂಟುಮಾಡುತ್ತವೆ,O,N,ಏಕೆಂದರೆ,ಯಾರಾದರೂ ಹೂಬಿಡುವ ಗಿಡವನ್ನ ಬೆಳೆಸಲು ಬಯಸಿದರೆ ಮೊದಲು ಕಳೆಯನ್ನು ಕೀಳಬೇಕಾದುದು ಅತ್ಯವಶ್ಯಕ,ಏಕೆಂದರೆ ಅವು ಹೂವುಗಳು ಚೆನ್ನಾಗಿ ಬೆಳೆಯಲು ಅವು ಅಡ್ಡಿಯನ್ನುಂಟುಮಾಡುತ್ತವೆ
ಗೀತೆ ಮತ್ತು ಅದ್ವೈತಗಳು ಆವಶ್ಯಕ ಎಂಬುದೇನೋ ನಿಜ ಆದರೆ ನಾವು ಪ್ರಾಯೋಗಿಕವಾದ ಸಾಮಾಜಿಕ ಮತ್ತು ರಾಜಕೀಯ ಪಠ್ಯಗಳನ್ನೂ ಪರಿಚಯಿಸಬೇಕಿದೆ,O,O,ಆದರೆ,ಗೀತೆ ಮತ್ತು ಅದ್ವೈತಗಳು ಆವಶ್ಯಕ ಎಂಬುದೇನೋ ನಿಜ,ಆದರೆ ನಾವು ಪ್ರಾಯೋಗಿಕವಾದ ಸಾಮಾಜಿಕ ಮತ್ತು ರಾಜಕೀಯ ಪಠ್ಯಗಳನ್ನೂ ಪರಿಚಯಿಸಬೇಕಿದೆ
ಕ್ರಿಶ್ಚಿಯಾನಿಟಿ ಅಥವಾ ಇಸ್ಲಾಂನ ಪ್ರಕಾರ ಅವರು ಕ್ರೈಸ್ತರು ಅಥವಾ ಮುಸ್ಲಿಮರು ಆಗಿರಬಹುದು ಆದರೆ ಅವರು ತಮ್ಮ ಮತಾವಲಂಬಿಗಳು ಹಿಂದೆ ನಡೆಸಿದ ಅಪರಾಧಗಳನ್ನು ಒಪ್ಪಲಾರರು,O,N,ಆದರೆ,ಕ್ರಿಶ್ಚಿಯಾನಿಟಿ ಅಥವಾ ಇಸ್ಲಾಂನ ಪ್ರಕಾರ ಅವರು ಕ್ರೈಸ್ತರು ಅಥವಾ ಮುಸ್ಲಿಮರು ಆಗಿರಬಹುದು,ಆದರೆ ಅವರು ತಮ್ಮ ಮತಾವಲಂಬಿಗಳು ಹಿಂದೆ ನಡೆಸಿದ ಅಪರಾಧಗಳನ್ನು ಒಪ್ಪಲಾರರು
ಅವರು ಭಾಂಗ್ರಾ ಬಾಲಿವುಡ್ ಕ್ರಿಕೆಟ್ ಮತ್ತು ಇನ್ನಿತರೆ ವಿಷಯಗಳ ಬಗ್ಗೆ ಅರಿತಿರಬಹುದು ಆದರೆ ತಮ್ಮ ಸಂಸ್ಕೃತಿಯು ಏಕೆ ವಿಶಿಷ್ಟವಾಗಿದೆ ಎಂಬುದನ್ನು ಅವರು ಅರಿಯರು,P,N,ಆದರೆ,ಅವರು ಭಾಂಗ್ರಾ ಬಾಲಿವುಡ್ ಕ್ರಿಕೆಟ್ ಮತ್ತು ಇನ್ನಿತರೆ ವಿಷಯಗಳ ಬಗ್ಗೆ ಅರಿತಿರಬಹುದು,ಆದರೆ ತಮ್ಮ ಸಂಸ್ಕೃತಿಯು ಏಕೆ ವಿಶಿಷ್ಟವಾಗಿದೆ ಎಂಬುದನ್ನು ಅವರು ಅರಿಯರು
ಮಾರುಕಟ್ಟೆಯಲ್ಲಿ ಬಿಸಿಲಿನ ಝಳದಿಂದ ಪಾರಾಗಲು ನೂರಾರು ರಾಸಾಯನಿಕ ಆಧಾರಿತ ದುಬಾರಿ ಪ್ರಸಾಧನಗಳಿವೆ ಆದರೆ ಇವು ಒಳ್ಳೆಯದು ಮಾಡುವುದಕ್ಕಿಂತ ಅಡ್ಡಪರಿಣಾಮಗಳ ಮೂಲಕ ದೀರ್ಘಕಾಲದಲ್ಲಿ ಕೆಡುಕು ಮಾಡುವುದೇ ಹೆಚ್ಚು,O,N,ಆದರೆ,ಮಾರುಕಟ್ಟೆಯಲ್ಲಿ ಬಿಸಿಲಿನ ಝಳದಿಂದ ಪಾರಾಗಲು ನೂರಾರು ರಾಸಾಯನಿಕ ಆಧಾರಿತ ದುಬಾರಿ ಪ್ರಸಾಧನಗಳಿವೆ,ಆದರೆ ಇವು ಒಳ್ಳೆಯದು ಮಾಡುವುದಕ್ಕಿಂತ ಅಡ್ಡಪರಿಣಾಮಗಳ ಮೂಲಕ ದೀರ್ಘಕಾಲದಲ್ಲಿ ಕೆಡುಕು ಮಾಡುವುದೇ ಹೆಚ್ಚು
ವಿಶೇಷವಾಗಿ ಕೋಮಲ ತ್ವಚೆಗೆ ಇವು ಹೆಚ್ಚಿನ ಕೆಡುಕನ್ನುಂಟುಮಾಡಬಹುದು ಆದ್ದರಿಂದ ನಮ್ಮ ಅಡುಗೆಮನೆಯಲ್ಲಿ ಸುಲಭವಾಗಿ ಲಭಿಸುವ ನೈಸರ್ಗಿಕ ಸಾಮಾಗ್ರಿಗಳೇ ತ್ವಚೆಗೆ ಸುರಕ್ಷಿತವಾಗಿದ್ದು ಯಾವುದೇ ಅಡ್ಡಪರಿಣಾಮಗಳಿರುವುದಿಲ್ಲ,N,P,ಆದ್ದರಿಂದ,ವಿಶೇಷವಾಗಿ ಕೋಮಲ ತ್ವಚೆಗೆ ಇವು ಹೆಚ್ಚಿನ ಕೆಡುಕನ್ನುಂಟುಮಾಡಬಹುದು,ಆದ್ದರಿಂದ ನಮ್ಮ ಅಡುಗೆಮನೆಯಲ್ಲಿ ಸುಲಭವಾಗಿ ಲಭಿಸುವ ನೈಸರ್ಗಿಕ ಸಾಮಾಗ್ರಿಗಳೇ ತ್ವಚೆಗೆ ಸುರಕ್ಷಿತವಾಗಿದ್ದು ಯಾವುದೇ ಅಡ್ಡಪರಿಣಾಮಗಳಿರುವುದಿಲ್ಲ
ಅಲ್ಲದೇ ಗರ್ಭಿಣಿಯರು ಕದ್ದು ಮುಚ್ಚಿ ಕೆಲವು ಆಹಾರಗಳನ್ನು ಸೇವಿಸುತ್ತಾರೆ ಆದರೆ ಇವರಿಗೆ ಅರಿವೇ ಇಲ್ಲದೇ ಈ ಆಹಾರಗಳು ಮಾರಕ ಪರಿಣಾಮ ಬೀರಬಲ್ಲವು,O,N,ಆದರೆ,ಅಲ್ಲದೇ ಗರ್ಭಿಣಿಯರು ಕದ್ದು ಮುಚ್ಚಿ ಕೆಲವು ಆಹಾರಗಳನ್ನು ಸೇವಿಸುತ್ತಾರೆ,ಆದರೆ ಇವರಿಗೆ ಅರಿವೇ ಇಲ್ಲದೇ ಈ ಆಹಾರಗಳು ಮಾರಕ ಪರಿಣಾಮ ಬೀರಬಲ್ಲವು
ಒಂದು ವೇಳೆ ಗರ್ಭಿಣಿ ಮಧುಮೇಹಿ ರೋಗಿಯಾಗಿದ್ದರೆ ಮಾವಿನ ಹಣ್ಣಿನ ಪ್ರಮಾಣವನ್ನು ಅತಿ ಕಡಿಮೆ ಸೇವಿಸಬೇಕು ಏಕೆಂದರೆ ಮಾವಿನ ಹಣ್ಣಿನಲ್ಲಿ ಅತಿ ಹೆಚ್ಚಿನ ಸಕ್ಕರೆ ಅಂಶ ಇರುತ್ತದೆ,O,O,ಏಕೆಂದರೆ,ಒಂದು ವೇಳೆ ಗರ್ಭಿಣಿ ಮಧುಮೇಹಿ ರೋಗಿಯಾಗಿದ್ದರೆ ಮಾವಿನ ಹಣ್ಣಿನ ಪ್ರಮಾಣವನ್ನು ಅತಿ ಕಡಿಮೆ ಸೇವಿಸಬೇಕು,ಏಕೆಂದರೆ ಮಾವಿನ ಹಣ್ಣಿನಲ್ಲಿ ಅತಿ ಹೆಚ್ಚಿನ ಸಕ್ಕರೆ ಅಂಶ ಇರುತ್ತದೆ
ಇಂದು ಮಾರುಕಟ್ಟೆಯಲ್ಲಿ ರಾಸಾಯನಿಕಗಳನ್ನು ಬಳಸಿ ಒಂದೇ ರಾತ್ರಿಯಲ್ಲಿ ಹಣ್ಣು ಮಾಡಲಾಗಿರುವ ಹಣ್ಣುಗಳೇ ಸುಂದರವಾಗಿ ಕಾಣುತ್ತವೆ ಆದರೆ ಇವು ಆರೋಗ್ಯಕರವಲ್ಲ,P,N,ಆದರೆ,ಇಂದು ಮಾರುಕಟ್ಟೆಯಲ್ಲಿ ರಾಸಾಯನಿಕಗಳನ್ನು ಬಳಸಿ ಒಂದೇ ರಾತ್ರಿಯಲ್ಲಿ ಹಣ್ಣು ಮಾಡಲಾಗಿರುವ ಹಣ್ಣುಗಳೇ ಸುಂದರವಾಗಿ ಕಾಣುತ್ತವೆ,ಆದರೆ ಇವು ಆರೋಗ್ಯಕರವಲ್ಲ
ಅಲ್ಲಿಂದ ೬ ತಿಂಗಳ ನಂತರ ನಮ್ಮ ಕಬ್ಬಿನಾಡುಸೀಮೆಗೆ ಶ್ರೀಗಳು ಬಂದಾಗ ಪರಿಷತ್ತು ಪುನರ್ರಚನೆಯ ಸಂದರ್ಭ ನನಗೆ ಸೀಮಾ ಅಧ್ಯಕ್ಷನಾಗಿ ಕೆಲಸ ಮಾಡುವ ಸಾಮರ್ಥ್ಯವಿದೆ ಎಂದು ಸೀಮೆ ಅಭಿಪ್ರಾಯ ಪಟ್ಟಿತು ಆದರೆ ನಾನು ಈ ವಿಚಾರದಲ್ಲಿ ಸಣ್ಣವನೆಂದು ಹೇಳಿ ನನ್ನಿಂದ ಆಗದ ಕೆಲಸವೆಂದು ಶ್ರೀಗಳಲ್ಲಿ ವಿನಂತಿಸಿದೆ,P,N,ಆದರೆ,ಅಲ್ಲಿಂದ ೬ ತಿಂಗಳ ನಂತರ ನಮ್ಮ ಕಬ್ಬಿನಾಡುಸೀಮೆಗೆ ಶ್ರೀಗಳು ಬಂದಾಗ ಪರಿಷತ್ತು ಪುನರ್ರಚನೆಯ ಸಂದರ್ಭ ನನಗೆ ಸೀಮಾ ಅಧ್ಯಕ್ಷನಾಗಿ ಕೆಲಸ ಮಾಡುವ ಸಾಮರ್ಥ್ಯವಿದೆ ಎಂದು ಸೀಮೆ ಅಭಿಪ್ರಾಯ ಪಟ್ಟಿತು,ಆದರೆ ನಾನು ಈ ವಿಚಾರದಲ್ಲಿ ಸಣ್ಣವನೆಂದು ಹೇಳಿ ನನ್ನಿಂದ ಆಗದ ಕೆಲಸವೆಂದು ಶ್ರೀಗಳಲ್ಲಿ ವಿನಂತಿಸಿದೆ
ಮೆಕ್ಸಿಕೋ ದೇಶದ ರಾಜಧಾನಿ ಮೆಕ್ಸಿಕೋ ಸಿಟಿ ಸುಂದರ ಹಾಗೂ ಸ್ವತಂತ್ರ ಮಹಿಳೆಯರಿಗಾಗಿ ಹೆಸರುವಾಸಿಯಾಗಿದೆ ವಿಶ್ವವಿಖ್ಯಾತ ನಟಿ ಸಲ್ಮಾ ಹಾಯೆಕ್ ಸಹಾ ಈ ನಗರದವರೇ ಆದರೆ ಈ ನಗರದಲ್ಲಿ ತೆರೆದೆದೆಯ ಪ್ರದರ್ಶನಕ್ಕೆ ನಿಷೇಧವಿದ್ದು ಯಾವುದೇ ರೀತಿಯಲ್ಲಿ ತೆರೆದೆದೆಯ ಮಹಿಳೆಯರು ಸಾರ್ವಜನಿಕವಾಗಿ ಕಾಣಿಸಿಕೊಳ್ಳದಂತೆ ಕಾನೂನು ರಚಿಸಲಾಗಿದೆ,P,N,ಆದರೆ,ಮೆಕ್ಸಿಕೋ ದೇಶದ ರಾಜಧಾನಿ ಮೆಕ್ಸಿಕೋ ಸಿಟಿ ಸುಂದರ ಹಾಗೂ ಸ್ವತಂತ್ರ ಮಹಿಳೆಯರಿಗಾಗಿ ಹೆಸರುವಾಸಿಯಾಗಿದೆ ವಿಶ್ವವಿಖ್ಯಾತ ನಟಿ ಸಲ್ಮಾ ಹಾಯೆಕ್ ಸಹಾ ಈ ನಗರದವರೇ,ಆದರೆ ಈ ನಗರದಲ್ಲಿ ತೆರೆದೆದೆಯ ಪ್ರದರ್ಶನಕ್ಕೆ ನಿಷೇಧವಿದ್ದು ಯಾವುದೇ ರೀತಿಯಲ್ಲಿ ತೆರೆದೆದೆಯ ಮಹಿಳೆಯರು ಸಾರ್ವಜನಿಕವಾಗಿ ಕಾಣಿಸಿಕೊಳ್ಳದಂತೆ ಕಾನೂನು ರಚಿಸಲಾಗಿದೆ
ಜಗತ್ತಿನಲ್ಲಿ ಆಭಿವೃದ್ಧಿ ಪಥದಲ್ಲಿ ದಾಪುಗಾಲು ಹಾಕುತ್ತಿರುವ ದೇಶಗಳಲ್ಲಿ ಅರ್ಲೆಂಡ್ ಸಹಾ ಒಂದು ಆದರೆ ಅಭಿವೃದ್ದಿಯ ಹೆಸರಿನಲ್ಲಿ ತೆರೆದೆದೆಯ ಪ್ರದರ್ಶನಕ್ಕೆ ಈ ದೇಶದಲ್ಲಿ ಅವಕಾಶವಿಲ್ಲ,P,N,ಆದರೆ,ಜಗತ್ತಿನಲ್ಲಿ ಆಭಿವೃದ್ಧಿ ಪಥದಲ್ಲಿ ದಾಪುಗಾಲು ಹಾಕುತ್ತಿರುವ ದೇಶಗಳಲ್ಲಿ ಅರ್ಲೆಂಡ್ ಸಹಾ ಒಂದು,ಆದರೆ ಅಭಿವೃದ್ದಿಯ ಹೆಸರಿನಲ್ಲಿ ತೆರೆದೆದೆಯ ಪ್ರದರ್ಶನಕ್ಕೆ ಈ ದೇಶದಲ್ಲಿ ಅವಕಾಶವಿಲ್ಲ
ಇಲ್ಲಿನ ನಾಯಕರು ಕಾನೂನು ಉಲ್ಲಂಘಿಸಿ ತೆರೆದೆದೆಯನ್ನು ಸಾರ್ವಜನಿಕವಾಗಿ ಪ್ರದರ್ಶಿಸಿ ಮೆರೆಯುತ್ತಾರೆ ಆದರೆ ಈ ದೇಶದ ಮಹಿಳೆಯರಿಗೆ ಮಾತ್ರ ತೆರೆದೆದೆಯ ಪ್ರದರ್ಶನಕ್ಕೆ ಅವಕಾಶವಿಲ್ಲ ಮಾಡಿದರೆ ಐವತ್ತು ಯೂರೋ ದಂಡ!,O,N,ಆದರೆ,ಇಲ್ಲಿನ ನಾಯಕರು ಕಾನೂನು ಉಲ್ಲಂಘಿಸಿ ತೆರೆದೆದೆಯನ್ನು ಸಾರ್ವಜನಿಕವಾಗಿ ಪ್ರದರ್ಶಿಸಿ ಮೆರೆಯುತ್ತಾರೆ,ಆದರೆ ಈ ದೇಶದ ಮಹಿಳೆಯರಿಗೆ ಮಾತ್ರ ತೆರೆದೆದೆಯ ಪ್ರದರ್ಶನಕ್ಕೆ ಅವಕಾಶವಿಲ್ಲ ಮಾಡಿದರೆ ಐವತ್ತು ಯೂರೋ ದಂಡ!
ಈ ದೇಶದ ಕಾನೂನುಗಳು ರಾಷ್ಟ್ರನಾಯಕರಿಗೊಂದು ಸಾರ್ವಜನಿಕರಿಗೊಂದು ಎಂಬಂತೆ ಬಳಕೆಯಾಗುತ್ತಿರುವ ವಿರುದ್ದ ಈ ದೇಶದ ಜನತೆಗೆ ಭಾರೀ ಅಸಮಾಧಾನವಿದೆ ಏಕೆಂದರೆ ಇಲ್ಲಿನ ನಾಯಕರು ಕಾನೂನು ಉಲ್ಲಂಘಿಸಿ ತೆರೆದೆದೆಯನ್ನು ಸಾರ್ವಜನಿಕವಾಗಿ ಪ್ರದರ್ಶಿಸಿ ಮೆರೆಯುತ್ತಾರೆ,N,N,ಏಕೆಂದರೆ,ಈ ದೇಶದ ಕಾನೂನುಗಳು ರಾಷ್ಟ್ರನಾಯಕರಿಗೊಂದು ಸಾರ್ವಜನಿಕರಿಗೊಂದು ಎಂಬಂತೆ ಬಳಕೆಯಾಗುತ್ತಿರುವ ವಿರುದ್ದ ಈ ದೇಶದ ಜನತೆಗೆ ಭಾರೀ ಅಸಮಾಧಾನವಿದೆ,ಏಕೆಂದರೆ ಇಲ್ಲಿನ ನಾಯಕರು ಕಾನೂನು ಉಲ್ಲಂಘಿಸಿ ತೆರೆದೆದೆಯನ್ನು ಸಾರ್ವಜನಿಕವಾಗಿ ಪ್ರದರ್ಶಿಸಿ ಮೆರೆಯುತ್ತಾರೆ
ಕೆಲವು ವ್ಯಕ್ತಿಗಳು ಸಾಕಷ್ಟು ಧನಾತ್ಮಕ ವರ್ತನೆ ಹಾಗೂ ಸ್ವಭಾವವನ್ನು ಹೊಂದಿರುತ್ತಾರೆ ಆದರೆ ಕೆಲವೊಮ್ಮೆ ಅವರು ತೆಗೆದುಕೊಳ್ಳುವ ನಿರ್ಧಾರ ಅಥವಾ ತೋರುವ ವರ್ತನೆಗಳು ಸುತ್ತಲಿನ ವ್ಯಕ್ತಿಗಳಿಗೆ ನೋವನ್ನುಂಟುಮಾಡಬಹುದು,P,N,ಆದರೆ,ಕೆಲವು ವ್ಯಕ್ತಿಗಳು ಸಾಕಷ್ಟು ಧನಾತ್ಮಕ ವರ್ತನೆ ಹಾಗೂ ಸ್ವಭಾವವನ್ನು ಹೊಂದಿರುತ್ತಾರೆ,ಆದರೆ ಕೆಲವೊಮ್ಮೆ ಅವರು ತೆಗೆದುಕೊಳ್ಳುವ ನಿರ್ಧಾರ ಅಥವಾ ತೋರುವ ವರ್ತನೆಗಳು ಸುತ್ತಲಿನ ವ್ಯಕ್ತಿಗಳಿಗೆ ನೋವನ್ನುಂಟುಮಾಡಬಹುದು
ಕೆಲವು ವರ್ತನೆಗಳಿಂದ ಇತರರಿಗೆ ಗಾಢವಾದ ಪ್ರೇರಣೆಯನ್ನು ನೀಡುವಂತಹ ವ್ಯಕ್ತಿಗಳಾಗ ಬಹುದು ಇವರು ತಮ್ಮ ವರ್ತನೆಗಳಿಂದ ಇತರರಿಗೆ ಏನಾಗಬಹುದು ಎನ್ನುವುದು ಅರಿತಿರುತ್ತಾರೆ ಆದರೆ ತಮ್ಮ ಆದ್ಯತೆಗಳಿಗೆ ಹೆಚ್ಚಿನ ಮಹತ್ವ ನೀಡುವುದರಿಂದ ಇತರರ ಅವಶ್ಯಕತೆಗಳನ್ನು ನಿರ್ಲಕ್ಷಿಸುವರು,P,N,ಆದರೆ,ಕೆಲವು ವರ್ತನೆಗಳಿಂದ ಇತರರಿಗೆ ಗಾಢವಾದ ಪ್ರೇರಣೆಯನ್ನು ನೀಡುವಂತಹ ವ್ಯಕ್ತಿಗಳಾಗ ಬಹುದು ಇವರು ತಮ್ಮ ವರ್ತನೆಗಳಿಂದ ಇತರರಿಗೆ ಏನಾಗಬಹುದು ಎನ್ನುವುದು ಅರಿತಿರುತ್ತಾರೆ,ಆದರೆ ತಮ್ಮ ಆದ್ಯತೆಗಳಿಗೆ ಹೆಚ್ಚಿನ ಮಹತ್ವ ನೀಡುವುದರಿಂದ ಇತರರ ಅವಶ್ಯಕತೆಗಳನ್ನು ನಿರ್ಲಕ್ಷಿಸುವರು
ಈ ರಾಶಿಯವರ ಚಿಂತನೆಗಳು ಯಾವಾಗಲೂ ಮೋಡಗಳಂತೆ ಚಲಿಸುತ್ತಲಿರುತ್ತವೆ ಎನ್ನಲಾಗುವುದು ಆದರೆ ಅವರಲ್ಲಿ ಸಾಕಷ್ಟು ಹಾಸ್ಯಾಸ್ಪದ ಹಾಗೂ ನಾಟಕೀಯ ವರ್ತನೆಗಳು ಇರುತ್ತವೆ ಎನ್ನಲಾಗುವುದು,P,P,ಆದರೆ,ಈ ರಾಶಿಯವರ ಚಿಂತನೆಗಳು ಯಾವಾಗಲೂ ಮೋಡಗಳಂತೆ ಚಲಿಸುತ್ತಲಿರುತ್ತವೆ ಎನ್ನಲಾಗುವುದು,ಆದರೆ ಅವರಲ್ಲಿ ಸಾಕಷ್ಟು ಹಾಸ್ಯಾಸ್ಪದ ಹಾಗೂ ನಾಟಕೀಯ ವರ್ತನೆಗಳು ಇರುತ್ತವೆ ಎನ್ನಲಾಗುವುದು
ಮೀನು ಮಾರುಕಟ್ಟೆಯ ಬಳಿ ಮೀನು ಹೇರಿಕೊಂಡು ಬರುವ ಲಾರಿಗಳು ರಸ್ತೆಗೆ ಅಡ್ಡಲಾಗಿ ನಿಲ್ಲುತ್ತಿರುವುದರಿಂದ ವಾಹನ ಸಂಚಾರಕ್ಕೆ ತೊಂದರೆಯಾಗುತ್ತಿದೆ ಮತ್ತು ಅಲ್ಲಿ ಪಾರ್ಕಿಂಗ್ ವ್ಯವಸ್ಥೆಯೂ ಇಲ್ಲ ಹಾಗೂ ನೋ ಪಾರ್ಕಿಂಗ್ ಬೋರ್ಡ್ ನಪಂ ವತಿಯಿಂದ ಅಳವಡಿಸದಿರುವುದರಿಂದ ಅಪಘಾತಗಳು ನಡೆಯುತ್ತಿದೆ ಆದ್ದರಿಂದ ನೋ ಪಾರ್ಕಿಂಗ್ ಬೋರ್ಡ್ ಅಳವಡಿಸುವುದು ಮತ್ತು ಮೀನು ಅನ್ ಲೋಡ್ ಮಾಡಲು ಆ ಸ್ಥಳದಲ್ಲಿ ಅವಕಾಶ ಕಲ್ಪಿಸದಂತೆ ಕರ್ನಾಟಕ ರಕ್ಷಣಾ ವೇದಿಕೆಯವರು ನಗರ ಪಂಚಾಯತ್ಗೆ ಹೋಗಿ ಮುಖ್ಯಾಧಿಕಾರಿಗಳಿಗೆ ಮನವಿ ಸಲ್ಲಿಸಿದ್ದಾರೆ,N,P,ಆದ್ದರಿಂದ,ಮೀನು ಮಾರುಕಟ್ಟೆಯ ಬಳಿ ಮೀನು ಹೇರಿಕೊಂಡು ಬರುವ ಲಾರಿಗಳು ರಸ್ತೆಗೆ ಅಡ್ಡಲಾಗಿ ನಿಲ್ಲುತ್ತಿರುವುದರಿಂದ ವಾಹನ ಸಂಚಾರಕ್ಕೆ ತೊಂದರೆಯಾಗುತ್ತಿದೆ ಮತ್ತು ಅಲ್ಲಿ ಪಾರ್ಕಿಂಗ್ ವ್ಯವಸ್ಥೆಯೂ ಇಲ್ಲ ಹಾಗೂ ನೋ ಪಾರ್ಕಿಂಗ್ ಬೋರ್ಡ್ ನಪಂ ವತಿಯಿಂದ ಅಳವಡಿಸದಿರುವುದರಿಂದ ಅಪಘಾತಗಳು ನಡೆಯುತ್ತಿದೆ,ಆದ್ದರಿಂದ ನೋ ಪಾರ್ಕಿಂಗ್ ಬೋರ್ಡ್ ಅಳವಡಿಸುವುದು ಮತ್ತು ಮೀನು ಅನ್ ಲೋಡ್ ಮಾಡಲು ಆ ಸ್ಥಳದಲ್ಲಿ ಅವಕಾಶ ಕಲ್ಪಿಸದಂತೆ ಕರ್ನಾಟಕ ರಕ್ಷಣಾ ವೇದಿಕೆಯವರು ನಗರ ಪಂಚಾಯತ್ಗೆ ಹೋಗಿ ಮುಖ್ಯಾಧಿಕಾರಿಗಳಿಗೆ ಮನವಿ ಸಲ್ಲಿಸಿದ್ದಾರೆ
ಮಾರುಕಟ್ಟೆಗೆ ಮೀನು ತರುವ ಲಾರಿ ಅನ್ಲೋಡ್ ಮಾಡುವಾಗ ಮಾರುಕಟ್ಟೆ ಎದುರಿನ ರಸ್ತೆಯ ಮಧ್ಯಭಾಗದ ವರೆಗೆ ನಿಲ್ಲುವುದರಿಂದ ಸಂಚಾರಕ್ಕೆ ತೊಂದರೆಯಾಗುತ್ತದೆ ಮತ್ತು ಮೀನಿನ ನೀರು ರಸ್ತೆಯಲ್ಲೆ ಕೆಳಗಿನವರೆಗೆ ಹರಿದು ವಾಸನೆ ಬರುತ್ತದೆ ಎಂದು ಜನರು ಜನಪ್ರತಿನಿಧೀಗಳು ಹೇಳುತ್ತಿದ್ದರೂ ನಗರ ಪಂಚಾಯತ್ ಎಚ್ಚೆತ್ತಿರಲಿಲ್ಲ ಆದರೆ ಈಗ ಅಪಘಾತದಲ್ಲಿ ಯುವಕನೊಬ್ಬ ಪ್ರಾಣ ಕಳೆದುಕೊಂಡ ಬಳಿಕ ಎಚ್ಚೆತ್ತ ಪಂಚಾಯತು ಹಳೆಯ ಮಾರುಕಟ್ಟೆಯೊಳಗಡೆ ಮೀನಿನ ವಾಹನ ನಿಲ್ಲಿಸಿ-ಹೊಸ ಮಾರುಕಟ್ಟೆಯ ಗೋಡೆ ಒಡೆದು ದಾರಿ ಮಾಡುವ ನಿರ್ಧಾರಕ್ಕೆ ಬಂದಿರುವುದಾಗಿ ತಿಳಿದು ಬಂದಿದೆ,N,O,ಆದರೆ,ಮಾರುಕಟ್ಟೆಗೆ ಮೀನು ತರುವ ಲಾರಿ ಅನ್ಲೋಡ್ ಮಾಡುವಾಗ ಮಾರುಕಟ್ಟೆ ಎದುರಿನ ರಸ್ತೆಯ ಮಧ್ಯಭಾಗದ ವರೆಗೆ ನಿಲ್ಲುವುದರಿಂದ ಸಂಚಾರಕ್ಕೆ ತೊಂದರೆಯಾಗುತ್ತದೆ ಮತ್ತು ಮೀನಿನ ನೀರು ರಸ್ತೆಯಲ್ಲೆ ಕೆಳಗಿನವರೆಗೆ ಹರಿದು ವಾಸನೆ ಬರುತ್ತದೆ ಎಂದು ಜನರು ಜನಪ್ರತಿನಿಧೀಗಳು ಹೇಳುತ್ತಿದ್ದರೂ ನಗರ ಪಂಚಾಯತ್ ಎಚ್ಚೆತ್ತಿರಲಿಲ್ಲ,ಆದರೆ ಈಗ ಅಪಘಾತದಲ್ಲಿ ಯುವಕನೊಬ್ಬ ಪ್ರಾಣ ಕಳೆದುಕೊಂಡ ಬಳಿಕ ಎಚ್ಚೆತ್ತ ಪಂಚಾಯತು ಹಳೆಯ ಮಾರುಕಟ್ಟೆಯೊಳಗಡೆ ಮೀನಿನ ವಾಹನ ನಿಲ್ಲಿಸಿ-ಹೊಸ ಮಾರುಕಟ್ಟೆಯ ಗೋಡೆ ಒಡೆದು ದಾರಿ ಮಾಡುವ ನಿರ್ಧಾರಕ್ಕೆ ಬಂದಿರುವುದಾಗಿ ತಿಳಿದು ಬಂದಿದೆ
ನವದೆಹಲಿ (ಪಿಟಿಐ) 2ಜಿ ತರಂಗಾಂತರ ಪ್ರಕರಣದ ವಿವಾದಾತ್ಮಕ ಟಿಪ್ಪಣಿಗೆ ಸಂಬಂಧಿಸಿದಂತೆ ಪಿಚಿದಂಬರಂ ಮತ್ತು ಪ್ರಣವ್ ಮುಖರ್ಜಿ ಅವರ ಮಧ್ಯೆ ಕಾರ್ಯ ನಿರ್ವಹಣಾ ಭಿನ್ನಾಭಿಪ್ರಾಯ~ ಇದ್ದದ್ದು ಹೌದು ಎಂದು ಭಾನುವಾರ ಇಲ್ಲಿ ಒಪ್ಪಿಕೊಂಡ ಕೇಂದ್ರ ಕಾನೂನು ಸಚಿವ ಸಲ್ಮಾನ್ ಖುರ್ಷಿದ್ ಅವರು ಆದರೆ ಆಗ ಹಣಕಾಸು ಸಚಿವರಾಗಿದ್ದ ಚಿದಂಬರಂ ಅವರು ಸಂಪುಟ ನಿರ್ಧಾರಕ್ಕೆ ವಿರುದ್ಧವಾಗಿ ಏನೂ ಮಾಡುವಂತಿರಲಿಲ್ಲ ಎಂದು ಪ್ರತಿಪಾದಿಸಿದರು,O,O,ಆದರೆ,ನವದೆಹಲಿ (ಪಿಟಿಐ) 2ಜಿ ತರಂಗಾಂತರ ಪ್ರಕರಣದ ವಿವಾದಾತ್ಮಕ ಟಿಪ್ಪಣಿಗೆ ಸಂಬಂಧಿಸಿದಂತೆ ಪಿಚಿದಂಬರಂ ಮತ್ತು ಪ್ರಣವ್ ಮುಖರ್ಜಿ ಅವರ ಮಧ್ಯೆ ಕಾರ್ಯ ನಿರ್ವಹಣಾ ಭಿನ್ನಾಭಿಪ್ರಾಯ~ ಇದ್ದದ್ದು ಹೌದು ಎಂದು ಭಾನುವಾರ ಇಲ್ಲಿ ಒಪ್ಪಿಕೊಂಡ ಕೇಂದ್ರ ಕಾನೂನು ಸಚಿವ ಸಲ್ಮಾನ್ ಖುರ್ಷಿದ್ ಅವರು,ಆದರೆ ಆಗ ಹಣಕಾಸು ಸಚಿವರಾಗಿದ್ದ ಚಿದಂಬರಂ ಅವರು ಸಂಪುಟ ನಿರ್ಧಾರಕ್ಕೆ ವಿರುದ್ಧವಾಗಿ ಏನೂ ಮಾಡುವಂತಿರಲಿಲ್ಲ ಎಂದು ಪ್ರತಿಪಾದಿಸಿದರು
ದೇಶದ ನಗರ ಪ್ರದೇಶಗಳಲ್ಲೀಗ ಹೊಸ ನೋಟುಗಳ ಪರ್ಯಾಪ್ತ ಲಭ್ಯತೆಯು ಗಮನಾರ್ಹವಾಗಿ ಸುಧಾರಿಸಿದೆ ಆದರೆ ಗ್ರಾಮೀಣ ಭಾಗಗಳಲ್ಲಿ ಈಗಲೂ ನಗದು ಕೊರತೆ ಹಾಗೆಯೇ ಉಳಿದಿದೆ,P,N,ಆದರೆ,ದೇಶದ ನಗರ ಪ್ರದೇಶಗಳಲ್ಲೀಗ ಹೊಸ ನೋಟುಗಳ ಪರ್ಯಾಪ್ತ ಲಭ್ಯತೆಯು ಗಮನಾರ್ಹವಾಗಿ ಸುಧಾರಿಸಿದೆ,ಆದರೆ ಗ್ರಾಮೀಣ ಭಾಗಗಳಲ್ಲಿ ಈಗಲೂ ನಗದು ಕೊರತೆ ಹಾಗೆಯೇ ಉಳಿದಿದೆ
ಈ ವರದಿ ಬಗ್ಗೆ ನನಗೆ ಇನ್ನೂ ಯಾವುದೇ ಮಾಹಿತಿ ಇಲ್ಲ ಆದರೆ ಹಗರಣ ನಡೆದಿರುವುದು ಸ್ಪಷ್ಟವಾದರೆ ತಪ್ಪಿತಸ್ಥರ ವಿರುದ್ಧ ಯಾವುದೇ ಮುಲಾಜಿಲ್ಲದೆ ಕ್ರಮ ಕೈಗೊಳ್ಳಲಾಗುವುದು ಎಂದರು,O,P,ಆದರೆ,ಈ ವರದಿ ಬಗ್ಗೆ ನನಗೆ ಇನ್ನೂ ಯಾವುದೇ ಮಾಹಿತಿ ಇಲ್ಲ,ಆದರೆ ಹಗರಣ ನಡೆದಿರುವುದು ಸ್ಪಷ್ಟವಾದರೆ ತಪ್ಪಿತಸ್ಥರ ವಿರುದ್ಧ ಯಾವುದೇ ಮುಲಾಜಿಲ್ಲದೆ ಕ್ರಮ ಕೈಗೊಳ್ಳಲಾಗುವುದು ಎಂದರು
ಹಾಸ್ಟೆಲ್ನಲ್ಲಿ ಹಾವುಗಳ ಸಮಸ್ಯೆ ರೌಡಿಗಳ ಸಮಸ್ಯೆ ಇದೆ ಎಂದಾಗಿದ್ದರೆ ತಕ್ಷಣವೇ ಅಧಿಕಾರಿಗಳನ್ನು ಸ್ಥಳಕ್ಕೆ ಕರೆಸಿ ಸಮಸ್ಯೆ ಬಗೆಹರಿಸುವ ಅಧಿಕಾರ ನರೇಂದ್ರಸ್ವಾಮಿ ಹೊಂದಿದ್ದರು ಆದರೆ ಅಲ್ಲಿ ಏನೂ ಮಾಡಲಿಲ್ಲ ವಿಧಾನಸಭೆಯಲ್ಲಿ ಬಂದು ಇಲಾಖೆಯ ಬಗ್ಗೆ ವ್ಯಂಗ್ಯದ ಮಾತುಗಳನ್ನು ಆಡಿದ್ದಾರೆ,O,N,ಆದರೆ,ಹಾಸ್ಟೆಲ್ನಲ್ಲಿ ಹಾವುಗಳ ಸಮಸ್ಯೆ ರೌಡಿಗಳ ಸಮಸ್ಯೆ ಇದೆ ಎಂದಾಗಿದ್ದರೆ ತಕ್ಷಣವೇ ಅಧಿಕಾರಿಗಳನ್ನು ಸ್ಥಳಕ್ಕೆ ಕರೆಸಿ ಸಮಸ್ಯೆ ಬಗೆಹರಿಸುವ ಅಧಿಕಾರ ನರೇಂದ್ರಸ್ವಾಮಿ ಹೊಂದಿದ್ದರು,ಆದರೆ ಅಲ್ಲಿ ಏನೂ ಮಾಡಲಿಲ್ಲ ವಿಧಾನಸಭೆಯಲ್ಲಿ ಬಂದು ಇಲಾಖೆಯ ಬಗ್ಗೆ ವ್ಯಂಗ್ಯದ ಮಾತುಗಳನ್ನು ಆಡಿದ್ದಾರೆ
ಸೈದಾಪುರಃ ಮಗು ದೈಹಿಕವಾಗಿ ಸದೃಢನಾಗಿರುವ ಜತೆಗೆ ಆರೋಗ್ಯವಂತನಾಗಿದ್ದಾಗ ಮಾತ್ರ ಶೈಕ್ಷಣಿಕವಾಗಿ ಅಭಿವೃದ್ಧಿ ಹೊಂದಲು ಸಾಧ್ಯವಾಗುತ್ತದೆ ಆದ್ದರಿಂದ ಪ್ರತಿಯೊಬ್ಬರು ಕ್ರೀಡಾ ಚಟುವಟಿಕೆಗಳಲ್ಲಿ ಪಾಲ್ಗೊಳ್ಳಬೇಕು ಎಂದು ಬಳಿಚಕ್ರ ಜಿಪಂ ಸದಸ್ಯ ಭೀಮರಡ್ಡಿಗೌಡ ಹೊಸಗೌಡರ ಕೂಡಲೂರ ವಿದ್ಯಾರ್ಥಿಗಳಿಗೆ ಸಲಹೆ ನೀಡಿದರು,P,P,ಆದ್ದರಿಂದ,ಸೈದಾಪುರಃ ಮಗು ದೈಹಿಕವಾಗಿ ಸದೃಢನಾಗಿರುವ ಜತೆಗೆ ಆರೋಗ್ಯವಂತನಾಗಿದ್ದಾಗ ಮಾತ್ರ ಶೈಕ್ಷಣಿಕವಾಗಿ ಅಭಿವೃದ್ಧಿ ಹೊಂದಲು ಸಾಧ್ಯವಾಗುತ್ತದೆ,ಆದ್ದರಿಂದ ಪ್ರತಿಯೊಬ್ಬರು ಕ್ರೀಡಾ ಚಟುವಟಿಕೆಗಳಲ್ಲಿ ಪಾಲ್ಗೊಳ್ಳಬೇಕು ಎಂದು ಬಳಿಚಕ್ರ ಜಿಪಂ ಸದಸ್ಯ ಭೀಮರಡ್ಡಿಗೌಡ ಹೊಸಗೌಡರ ಕೂಡಲೂರ ವಿದ್ಯಾರ್ಥಿಗಳಿಗೆ ಸಲಹೆ ನೀಡಿದರು
ಈ ಸಂದರ್ಭದಲ್ಲಿ ಮಾತನಾಡಿದ ಅವರು ನಾನು ಎಂಜಿಆರ್ ಅಲ್ಲ ಆದರೆ ಅವರ ಹಾಗೆ ಬಡವರಿಗೆ ಅನುಕೂಲವಾಗುವ ಕಾರ್ಯಕ್ರಮಗಳನ್ನು ಜಾರಿಗೊಳಿಸುತ್ತೇನೆ ಎಂದು ಭರವಸೆ ನೀಡಿದರು,O,P,ಆದರೆ,ಈ ಸಂದರ್ಭದಲ್ಲಿ ಮಾತನಾಡಿದ ಅವರು ನಾನು ಎಂಜಿಆರ್ ಅಲ್ಲ,ಆದರೆ ಅವರ ಹಾಗೆ ಬಡವರಿಗೆ ಅನುಕೂಲವಾಗುವ ಕಾರ್ಯಕ್ರಮಗಳನ್ನು ಜಾರಿಗೊಳಿಸುತ್ತೇನೆ ಎಂದು ಭರವಸೆ ನೀಡಿದರು
ಅದಕ್ಕಾಗಿ ಪ್ರತಿವರ್ಷ ಆಗಸ್ಟ್ ಅಥವಾ ಸೆಪ್ಟೆಂಬರ್ ತಿಂಗಳಿನಲ್ಲಿ ದಿನಪತ್ರಿಕೆಗಳಲ್ಲಿ ಪ್ರಕಟಣೆ ನೀಡಿ ಪ್ರಕಾಶಕರು- ಲೇಖಕರಿಂದ ಅರ್ಜಿಗಳನ್ನು ಆಹ್ವಾನಿಸಲಾಗುತ್ತಿತ್ತು ಆದರೆ 2018ನೇ ಸಾಲಿನ ಮೊದಲ ಆರು ತಿಂಗಳಲ್ಲಿ ಪ್ರಕಟಗೊಂಡ ಪುಸ್ತಕಗಳ ಖರೀದಿಗೆ ಸಂಬಂಧಿಸಿದಂತೆ ಪತ್ರಿಕೆಗಳಲ್ಲಿ ಪ್ರಕಟಣೆ ನೀಡದೆ ಇಲಾಖೆಯ ವೆಬ್ಸೈಟ್ ಮೂಲಕ (ತಡವಾಗಿ) ಅರ್ಜಿ ಆಹ್ವಾನಿಸಿ ಜುಲೈ 31ರ ಒಳಗಾಗಿ ಅರ್ಜಿ ಸಲ್ಲಿಸಲು ಸೂಚಿಸಲಾಗಿತ್ತು,O,O,ಆದರೆ,ಅದಕ್ಕಾಗಿ ಪ್ರತಿವರ್ಷ ಆಗಸ್ಟ್ ಅಥವಾ ಸೆಪ್ಟೆಂಬರ್ ತಿಂಗಳಿನಲ್ಲಿ ದಿನಪತ್ರಿಕೆಗಳಲ್ಲಿ ಪ್ರಕಟಣೆ ನೀಡಿ ಪ್ರಕಾಶಕರು- ಲೇಖಕರಿಂದ ಅರ್ಜಿಗಳನ್ನು ಆಹ್ವಾನಿಸಲಾಗುತ್ತಿತ್ತು,ಆದರೆ 2018ನೇ ಸಾಲಿನ ಮೊದಲ ಆರು ತಿಂಗಳಲ್ಲಿ ಪ್ರಕಟಗೊಂಡ ಪುಸ್ತಕಗಳ ಖರೀದಿಗೆ ಸಂಬಂಧಿಸಿದಂತೆ ಪತ್ರಿಕೆಗಳಲ್ಲಿ ಪ್ರಕಟಣೆ ನೀಡದೆ ಇಲಾಖೆಯ ವೆಬ್ಸೈಟ್ ಮೂಲಕ (ತಡವಾಗಿ) ಅರ್ಜಿ ಆಹ್ವಾನಿಸಿ ಜುಲೈ 31ರ ಒಳಗಾಗಿ ಅರ್ಜಿ ಸಲ್ಲಿಸಲು ಸೂಚಿಸಲಾಗಿತ್ತು
ಇತ್ತೀಚಿಗೆ ಸ್ನೇಹಿತೆ ಅಮೃತಾ ಅರೋರಾ ಜೊತೆ ಕೋಮಲ್ ನಹಾತಾ ಶೋ ಸ್ಟೇರಿ ನೈಟ್ಸ್ 2 ಕಾರ್ಯಕ್ರಮಕ್ಕೆ ಬಂದಿದ್ದ ಕರೀನಾ ಕಪೂರ್ ನಾನು ಹಾಗೂ ಸೈಫ್ ಎರಡನೇ ಮಗುವಿನ ಪ್ಲಾನ್ ಮಾಡ್ತಿದ್ದೇವೆ ಆದರೆ ಎರಡು ವರ್ಷಗಳ ನಂತರ ಎಂದು ಕರೀನಾ ಹೇಳಿದ್ದಾಳೆ,O,O,ಆದರೆ,ಇತ್ತೀಚಿಗೆ ಸ್ನೇಹಿತೆ ಅಮೃತಾ ಅರೋರಾ ಜೊತೆ ಕೋಮಲ್ ನಹಾತಾ ಶೋ ಸ್ಟೇರಿ ನೈಟ್ಸ್ 2 ಕಾರ್ಯಕ್ರಮಕ್ಕೆ ಬಂದಿದ್ದ ಕರೀನಾ ಕಪೂರ್ ನಾನು ಹಾಗೂ ಸೈಫ್ ಎರಡನೇ ಮಗುವಿನ ಪ್ಲಾನ್ ಮಾಡ್ತಿದ್ದೇವೆ,ಆದರೆ ಎರಡು ವರ್ಷಗಳ ನಂತರ ಎಂದು ಕರೀನಾ ಹೇಳಿದ್ದಾಳೆ
ಇನ್ನೂ ಕೆಲವರಂತೂ ಬಾಯಿಗೆ ಬಂದ ಹಾಗೆ ಕಾಮೆಂಟ್ ಮಾಡಿದ್ದಾರೆ ಆದರೆ ಈ ಟ್ರೋಲ್ ಗಳು ಪ್ರಿಯಾಂಕಾ ಅವರಿಗೆ ಹಳೆ ವಿಷಯ,N,O,ಆದರೆ,ಇನ್ನೂ ಕೆಲವರಂತೂ ಬಾಯಿಗೆ ಬಂದ ಹಾಗೆ ಕಾಮೆಂಟ್ ಮಾಡಿದ್ದಾರೆ,ಆದರೆ ಈ ಟ್ರೋಲ್ ಗಳು ಪ್ರಿಯಾಂಕಾ ಅವರಿಗೆ ಹಳೆ ವಿಷಯ
ಯಾವುದೂ ಗಿಟ್ಟಲಿಲ್ಲ ಆದರೆ ಒಮ್ಮೆ ಅದೃಷ್ಟ ಖುಲಾಯಿಸಿದ ಮೇಲೆ ಎಲ್ಲರೂ ಕೇಳುವವರೇ ಇದು ಕೀರ್ತಿ ಶಿಖರವೇರಿರುವ ಯೋಗರಾಜ ಭಟ್ಟರ ಹಣೆಬರಹ,N,O,ಆದರೆ,ಯಾವುದೂ ಗಿಟ್ಟಲಿಲ್ಲ,ಆದರೆ ಒಮ್ಮೆ ಅದೃಷ್ಟ ಖುಲಾಯಿಸಿದ ಮೇಲೆ ಎಲ್ಲರೂ ಕೇಳುವವರೇ ಇದು ಕೀರ್ತಿ ಶಿಖರವೇರಿರುವ ಯೋಗರಾಜ ಭಟ್ಟರ ಹಣೆಬರಹ
ವಿದ್ಯಾರ್ಥಿಗಳು ಅಪಾಯದಿಂದ ಪಾರಾಗಿದ್ದಾರೆ ಆದರೆ 4 ಗಂಟೆಯವರೆಗೂ ಹೇಳಕ್ಕಾಗಲ್ಲ ಎಂದು ಕಿಮ್ಸ್ ವೈದ್ಯರು ಹೇಳಿದ್ದಾರೆ,P,O,ಆದರೆ,ವಿದ್ಯಾರ್ಥಿಗಳು ಅಪಾಯದಿಂದ ಪಾರಾಗಿದ್ದಾರೆ,ಆದರೆ 4 ಗಂಟೆಯವರೆಗೂ ಹೇಳಕ್ಕಾಗಲ್ಲ ಎಂದು ಕಿಮ್ಸ್ ವೈದ್ಯರು ಹೇಳಿದ್ದಾರೆ
ಭಾನುವಾರ ಈ ಆರ್ಡರ್ ಯುವಕನ ಕೈ ಸೇರಿದೆ ಆದರೆ ಪ್ಯಾಕೇಜ್ ತಗೆದಾಗ ಮೊಬೈಲ್ ಬದಲಿಗೆ ಇಟ್ಟಿಗೆ ಇರುವುದು ನೋಡಿ ಗಾಬರಿಯಾಗಿದ್ದಾನೆ,O,N,ಆದರೆ,ಭಾನುವಾರ ಈ ಆರ್ಡರ್ ಯುವಕನ ಕೈ ಸೇರಿದೆ,ಆದರೆ ಪ್ಯಾಕೇಜ್ ತಗೆದಾಗ ಮೊಬೈಲ್ ಬದಲಿಗೆ ಇಟ್ಟಿಗೆ ಇರುವುದು ನೋಡಿ ಗಾಬರಿಯಾಗಿದ್ದಾನೆ
ಕಾಡು ಶೇಕಡಾ ಭೂಭಾಗದ 33 ರಷ್ಟು ಇರಬೇಕೆಂದು ಪರಿಸರ ವಿಜ್ಞಾನಿಗಳು ಹೇಳಿದ್ದಾರೆ ಆದರೆ ಈಗ ಶೇಕಡಾ 10 ರಷ್ಟೂ ಕಾಡು ಉಳಿದಿಲ್ಲ,O,N,ಆದರೆ,ಕಾಡು ಶೇಕಡಾ ಭೂಭಾಗದ 33 ರಷ್ಟು ಇರಬೇಕೆಂದು ಪರಿಸರ ವಿಜ್ಞಾನಿಗಳು ಹೇಳಿದ್ದಾರೆ,ಆದರೆ ಈಗ ಶೇಕಡಾ 10 ರಷ್ಟೂ ಕಾಡು ಉಳಿದಿಲ್ಲ
ದೆಹಲಿ ಮತ್ತು ಎನ್ ಸಿಆರ್ ಪ್ರದೇಶದಲ್ಲಿ ಪಟಾಕಿ ಸಿಡಿಸುವುದು ನಿಷೇಧ ಮಾಡಿರುವಂತೆ ಸುಪ್ರೀಂಕೋರ್ಟ್ ಆದೇಶ ನೀಡಿದೆ ಆದರೆ ಈ ಆದೇಶವನ್ನು ಮಾರ್ಪಡಿಸಲು ಸುಪ್ರೀಂಕೋರ್ಟ್ ನಿರಾಕರಿಸಿದೆ,O,N,ಆದರೆ,ದೆಹಲಿ ಮತ್ತು ಎನ್ ಸಿಆರ್ ಪ್ರದೇಶದಲ್ಲಿ ಪಟಾಕಿ ಸಿಡಿಸುವುದು ನಿಷೇಧ ಮಾಡಿರುವಂತೆ ಸುಪ್ರೀಂಕೋರ್ಟ್ ಆದೇಶ ನೀಡಿದೆ,ಆದರೆ ಈ ಆದೇಶವನ್ನು ಮಾರ್ಪಡಿಸಲು ಸುಪ್ರೀಂಕೋರ್ಟ್ ನಿರಾಕರಿಸಿದೆ
ಅಮೆರಿಕದ ಉಪಾಧ್ಯಕ್ಷ ಮೈಕ್ ಪೆನ್ಸ್ ಕೂಡ ಒಲಿಂಪಿಕ್ಸ್ನ ಉದ್ಘಾಟನಾ ಸಮಾರಂಭದಲ್ಲಿ ಭಾಗವಹಿಸಿದ್ದರು ಆದರೆ ಉತ್ತರ ಕೊರಿಯದ ನಿಯೋಗ ಮತ್ತು ಅಮೆರಿಕದ ನಿಯೋಗದ ನಡುವೆ ಯಾವುದೇ ಸಂಪರ್ಕ ಇರಲಿಲ್ಲ,O,O,ಆದರೆ,ಅಮೆರಿಕದ ಉಪಾಧ್ಯಕ್ಷ ಮೈಕ್ ಪೆನ್ಸ್ ಕೂಡ ಒಲಿಂಪಿಕ್ಸ್ನ ಉದ್ಘಾಟನಾ ಸಮಾರಂಭದಲ್ಲಿ ಭಾಗವಹಿಸಿದ್ದರು,ಆದರೆ ಉತ್ತರ ಕೊರಿಯದ ನಿಯೋಗ ಮತ್ತು ಅಮೆರಿಕದ ನಿಯೋಗದ ನಡುವೆ ಯಾವುದೇ ಸಂಪರ್ಕ ಇರಲಿಲ್ಲ
ಖಾವಿ ಧರಿಸಿದವರಿಗೆ ಹಿಂದುಗಳು ಭಯ-ಭಕ್ತಿಯಿಂದ ನಮಸ್ಕರಿಸುತ್ತಾರೆ ಆದರೆ ಇತ್ತೀಚಿನ ದಿನಗಳಲ್ಲಿ ಕೆಲ ಖಾವಿಧಾರಿಗಳು ಮಾಡಿರುವ ಅನಾಚಾರದ ಕಾರಣಕ್ಕಾಗಿ ಎಲ್ಲರನ್ನೂ ಒಂದೇ ತಕ್ಕಡಿಯಲ್ಲಿ ತೂಗುವಂತಾಗಿದೆ,P,N,ಆದರೆ,ಖಾವಿ ಧರಿಸಿದವರಿಗೆ ಹಿಂದುಗಳು ಭಯ-ಭಕ್ತಿಯಿಂದ ನಮಸ್ಕರಿಸುತ್ತಾರೆ,ಆದರೆ ಇತ್ತೀಚಿನ ದಿನಗಳಲ್ಲಿ ಕೆಲ ಖಾವಿಧಾರಿಗಳು ಮಾಡಿರುವ ಅನಾಚಾರದ ಕಾರಣಕ್ಕಾಗಿ ಎಲ್ಲರನ್ನೂ ಒಂದೇ ತಕ್ಕಡಿಯಲ್ಲಿ ತೂಗುವಂತಾಗಿದೆ
ಹೀಗೆ ಸುಳ್ಳು ಸುದ್ದಿ ಹಬ್ಬಿಸುವವರ ಹಿಂದೆ ಯಾರಿದ್ದಾರೆ ಎಂದು ಗೊತ್ತಾಗುವುದಿಲ್ಲ ಎಂದು ಕೂಡ ಪಿಟ್ರೊಡಾ ಹೇಳಿದ್ದಾರೆ ಆದರೆ ಈ ಸುದ್ದಿ ಮಾತ್ರ ಇದೀಗ ಸಾಮಾಜಿಕ ಮಾಧ್ಯಮದಲ್ಲಿ ವೈರಲ್ ಆಗಿದೆ,O,O,ಆದರೆ,ಹೀಗೆ ಸುಳ್ಳು ಸುದ್ದಿ ಹಬ್ಬಿಸುವವರ ಹಿಂದೆ ಯಾರಿದ್ದಾರೆ ಎಂದು ಗೊತ್ತಾಗುವುದಿಲ್ಲ ಎಂದು ಕೂಡ ಪಿಟ್ರೊಡಾ ಹೇಳಿದ್ದಾರೆ,ಆದರೆ ಈ ಸುದ್ದಿ ಮಾತ್ರ ಇದೀಗ ಸಾಮಾಜಿಕ ಮಾಧ್ಯಮದಲ್ಲಿ ವೈರಲ್ ಆಗಿದೆ
ಇಂತಹ ಚಿತ್ರ ಮಾಡುತ್ತೀನಿ ಅಂತ ಬರುವವರೇ ಕಡಿಮೆ ಆದ್ದರಿಂದ ಅಂತಹ ಅವಕಾಶ ಸಿಕ್ಕಾಗ ಖಂಡಿತ ಬಿಡುವುದಿಲ್ಲ ಅಂತ ದರ್ಶನ್ ಅಭಿಪ್ರಾಯ ವ್ಯಕ್ತಪಡಿಸಿದ್ದಾರೆ,N,O,ಆದ್ದರಿಂದ,ಇಂತಹ ಚಿತ್ರ ಮಾಡುತ್ತೀನಿ ಅಂತ ಬರುವವರೇ ಕಡಿಮೆ,ಆದ್ದರಿಂದ ಅಂತಹ ಅವಕಾಶ ಸಿಕ್ಕಾಗ ಖಂಡಿತ ಬಿಡುವುದಿಲ್ಲ ಅಂತ ದರ್ಶನ್ ಅಭಿಪ್ರಾಯ ವ್ಯಕ್ತಪಡಿಸಿದ್ದಾರೆ
ಸರ್ಕಾರದ ವತಿಯಿಂದಲೇ ಏರ್ ಟಿಕೇಟ್ ಬುಕ್ ಮಾಡಿಸಲಾಗಿದ್ದು ಇದರ ಮಾಹಿತಿಯನ್ನು ಒದಗಿಸಲಾಗಿಲ್ಲ ಆದರೆ ಲಭ್ಯ ಮಾಹಿತಿಗಳ ಪ್ರಕಾರ ಇದಕ್ಕಾಗಿ 60 ಲಕ್ಷ ರೂಪಾಯಿಗಳನ್ನು ವ್ಯಯಿಸಲಾಗಿದೆ ಎನ್ನಲಾಗಿದೆ,N,O,ಆದರೆ,ಸರ್ಕಾರದ ವತಿಯಿಂದಲೇ ಏರ್ ಟಿಕೇಟ್ ಬುಕ್ ಮಾಡಿಸಲಾಗಿದ್ದು ಇದರ ಮಾಹಿತಿಯನ್ನು ಒದಗಿಸಲಾಗಿಲ್ಲ,ಆದರೆ ಲಭ್ಯ ಮಾಹಿತಿಗಳ ಪ್ರಕಾರ ಇದಕ್ಕಾಗಿ 60 ಲಕ್ಷ ರೂಪಾಯಿಗಳನ್ನು ವ್ಯಯಿಸಲಾಗಿದೆ ಎನ್ನಲಾಗಿದೆ
ಬಿರು ಬೇಸಿಗೆಯಲ್ಲೂ ಬಾಲಿವುಡ್ ಅಂಗಳದಲ್ಲಿ ಸಿನಿಮಾ ಪ್ರಚಾರಕ್ಕೇನೂ ತೊಂದರೆ ಆದಂತಿಲ್ಲ ಏಕೆಂದರೆ ಸೋನಾಕ್ಷಿ ಸಿನ್ಹಾ ವಿದ್ಯಾಬಾಲನ್ ಮತ್ತು ಶ್ರದ್ಧಾ ಕಪೂರ್ ತಮ್ಮ ಚಿತ್ರಗಳನ್ನು ಭರ್ಜರಿಯಾಗಿ ಪ್ರಚಾರ ಮಾಡುತ್ತಿದ್ದಾರೆ,P,P,ಏಕೆಂದರೆ,ಬಿರು ಬೇಸಿಗೆಯಲ್ಲೂ ಬಾಲಿವುಡ್ ಅಂಗಳದಲ್ಲಿ ಸಿನಿಮಾ ಪ್ರಚಾರಕ್ಕೇನೂ ತೊಂದರೆ ಆದಂತಿಲ್ಲ,ಏಕೆಂದರೆ ಸೋನಾಕ್ಷಿ ಸಿನ್ಹಾ ವಿದ್ಯಾಬಾಲನ್ ಮತ್ತು ಶ್ರದ್ಧಾ ಕಪೂರ್ ತಮ್ಮ ಚಿತ್ರಗಳನ್ನು ಭರ್ಜರಿಯಾಗಿ ಪ್ರಚಾರ ಮಾಡುತ್ತಿದ್ದಾರೆ
ಅಭಿಸಾರಿಕೆ ಕೂಡಾ ಅದೇ ಶೈಲಿಯ ಸಿನಿಮಾ ಆದರೆ ಇಲ್ಲಿನ ಒಂದು ಸಣ್ಣ ಬದಲಾವಣೆ ಎಂದರೆ ಅದು ಹಾರರ್ ಟ್ವಿಸ್ಟ್ ಪ್ರೀತಿಗೆ ಹಾರರ್ ಸೇರಿಕೊಂಡಾಗ ಏನಾಗುತ್ತದೆ ಎಂಬ ಅಂಶವನ್ನು ಇಲ್ಲಿ ಸೇರಿಸಲಾಗಿದೆ,O,O,ಆದರೆ,ಅಭಿಸಾರಿಕೆ ಕೂಡಾ ಅದೇ ಶೈಲಿಯ ಸಿನಿಮಾ,ಆದರೆ ಇಲ್ಲಿನ ಒಂದು ಸಣ್ಣ ಬದಲಾವಣೆ ಎಂದರೆ ಅದು ಹಾರರ್ ಟ್ವಿಸ್ಟ್ ಪ್ರೀತಿಗೆ ಹಾರರ್ ಸೇರಿಕೊಂಡಾಗ ಏನಾಗುತ್ತದೆ ಎಂಬ ಅಂಶವನ್ನು ಇಲ್ಲಿ ಸೇರಿಸಲಾಗಿದೆ
ಹಾರರ್ ಸಿನಿಮಾಗಳಲ್ಲಿ ವಿಕಾರ ರೂಪಗಳು ಕಾಣಿಸಿಕೊಂಡು ಹೆದರಿಸುವುದು ಸಾಮಾನ್ಯ ಆದರೆ ಇಲ್ಲಿ ಸತ್ತ ವ್ಯಕ್ತಿಯ ರುಂಡವಷ್ಟೇ ಬಂದು ಕಾಡುತ್ತದೆ,O,O,ಆದರೆ,ಹಾರರ್ ಸಿನಿಮಾಗಳಲ್ಲಿ ವಿಕಾರ ರೂಪಗಳು ಕಾಣಿಸಿಕೊಂಡು ಹೆದರಿಸುವುದು ಸಾಮಾನ್ಯ,ಆದರೆ ಇಲ್ಲಿ ಸತ್ತ ವ್ಯಕ್ತಿಯ ರುಂಡವಷ್ಟೇ ಬಂದು ಕಾಡುತ್ತದೆ
ಇದಕ್ಕೆ ಉತ್ತರಿಸಿದ ಕೃಷ್ಣ ಭೈರೇಗೌಡ ಸರ್ಕಾರವು ಮಸೂದೆ ಅನುಷ್ಠಾನಗೊಳಿಸುವ ಬಗ್ಗೆ ಹಿಂಜರಿಯುತ್ತಿಲ್ಲಹಾಗೆಯೇ ಮಸೂದೆ ವಾಪಸಾತಿ ಪ್ರಶ್ನೆ ಇಲ್ಲ ಆದರೆ ಸದ್ಯ ಪ್ರಕರಣ ಸುಪ್ರೀಂ ಕೋರ್ಟಿನಲ್ಲಿದೆಪ್ರಕರಣದ ಫಲಿತಾಂಶದ ಮೇಲೆ ಸರ್ಕಾರದ ಕ್ರಮ ಜರುಗಬೇಕೆಂದು ಅಡ್ವೊಕೇಟ್ ಜನರಲ್ ಅಭಿಪ್ರಾಯಪಟ್ಟಿದ್ದಾರೆ ಎಂದರು,P,O,ಆದರೆ,ಇದಕ್ಕೆ ಉತ್ತರಿಸಿದ ಕೃಷ್ಣ ಭೈರೇಗೌಡ ಸರ್ಕಾರವು ಮಸೂದೆ ಅನುಷ್ಠಾನಗೊಳಿಸುವ ಬಗ್ಗೆ ಹಿಂಜರಿಯುತ್ತಿಲ್ಲಹಾಗೆಯೇ ಮಸೂದೆ ವಾಪಸಾತಿ ಪ್ರಶ್ನೆ ಇಲ್ಲ,ಆದರೆ ಸದ್ಯ ಪ್ರಕರಣ ಸುಪ್ರೀಂ ಕೋರ್ಟಿನಲ್ಲಿದೆಪ್ರಕರಣದ ಫಲಿತಾಂಶದ ಮೇಲೆ ಸರ್ಕಾರದ ಕ್ರಮ ಜರುಗಬೇಕೆಂದು ಅಡ್ವೊಕೇಟ್ ಜನರಲ್ ಅಭಿಪ್ರಾಯಪಟ್ಟಿದ್ದಾರೆ ಎಂದರು
ಅಂದು ಡಬ್ಬಿಂಗ್ ವಿರೋಧಿಸಲು ಇದ್ದ ಮೂಲ ಕಾರಣಗಳಲ್ಲಿ ಮುಖ್ಯವಾದ ಒಂದು ಕಾರಣ ಡಬ್ಬಿಂಗ್ ಮಾಡಲು ಅವಕಾಶ ನೀಡಿದರೆ ಇದ್ದ ಕೆಲವು ಕನ್ನಡ ಕಲಾವಿದರಿಗೆ ಕೆಲಸದ ಅವಕಾಶ ತಪ್ಪುತ್ತದೆ ಎನ್ನುವುದು ಅರವತ್ತರಲ್ಲಿ ಮಾಡಿದ ಸಿನಿಮಾಗಳಲ್ಲಿ ಕಲಾವಿದರು ಮಾತ್ರ ಕನ್ನಡದವರಿದ್ದರು ಮಿಕ್ಕ ತಂತ್ರಜ್ಞರಲ್ಲಿ ಬಹುತೇಕರು ಅನ್ಯಭಾಷೆಯವರು ಅಂದಿನ ಕಲಾವಿದರ ಇನ್ನೊಂದು ವಾದ ಏನಾಗಿತ್ತೆಂದರೆ ಕೆಂಪೇಗೌಡ ರಸ್ತೆಯ ಮುಖ್ಯ ಚಿತ್ರಮಂದಿರಗಳ ಮುಂದೆ ಅನ್ಯ ಭಾಷೆಯ ನಟರ ಕಟೌಟ್ ಇರುವುದು ಕನ್ನಡದ ಕಲಾವಿದರಿಗೆ ಅವಮಾನಕರ ಎಂದು ಆದರೆ ಚಿತ್ರರಂಗ ತೆಗೆದುಕೊಂಡ ಅಂದಿನ ನಿರ್ಧಾರದಿಂದಾಗಿ ಇಂದು ಕರ್ನಾಟಕದ ಹಳ್ಳಿ ಹಳ್ಳಿಗಳಲ್ಲಿ ಪ್ರೇಕ್ಷಕರು ಅನ್ಯ ಭಾಷೆಯ ಚಿತ್ರಗಳನ್ನು ಅವುಗಳ ಮೂಲಭಾಷೆಯಲ್ಲಿ ನೋಡಿ ಆನಂದಿಸುತ್ತ ಆ ಭಾಷೆಗಳನ್ನು ಸುಲಭವಾಗಿ ಅರ್ಥ ಮಾಡಿಕೊಳ್ಳುವ ಮಟ್ಟಿಗೆ ಬೆಳೆದಿದ್ದಾರೆ,N,P,ಆದರೆ,ಅಂದು ಡಬ್ಬಿಂಗ್ ವಿರೋಧಿಸಲು ಇದ್ದ ಮೂಲ ಕಾರಣಗಳಲ್ಲಿ ಮುಖ್ಯವಾದ ಒಂದು ಕಾರಣ ಡಬ್ಬಿಂಗ್ ಮಾಡಲು ಅವಕಾಶ ನೀಡಿದರೆ ಇದ್ದ ಕೆಲವು ಕನ್ನಡ ಕಲಾವಿದರಿಗೆ ಕೆಲಸದ ಅವಕಾಶ ತಪ್ಪುತ್ತದೆ ಎನ್ನುವುದು ಅರವತ್ತರಲ್ಲಿ ಮಾಡಿದ ಸಿನಿಮಾಗಳಲ್ಲಿ ಕಲಾವಿದರು ಮಾತ್ರ ಕನ್ನಡದವರಿದ್ದರು ಮಿಕ್ಕ ತಂತ್ರಜ್ಞರಲ್ಲಿ ಬಹುತೇಕರು ಅನ್ಯಭಾಷೆಯವರು ಅಂದಿನ ಕಲಾವಿದರ ಇನ್ನೊಂದು ವಾದ ಏನಾಗಿತ್ತೆಂದರೆ ಕೆಂಪೇಗೌಡ ರಸ್ತೆಯ ಮುಖ್ಯ ಚಿತ್ರಮಂದಿರಗಳ ಮುಂದೆ ಅನ್ಯ ಭಾಷೆಯ ನಟರ ಕಟೌಟ್ ಇರುವುದು ಕನ್ನಡದ ಕಲಾವಿದರಿಗೆ ಅವಮಾನಕರ ಎಂದು,ಆದರೆ ಚಿತ್ರರಂಗ ತೆಗೆದುಕೊಂಡ ಅಂದಿನ ನಿರ್ಧಾರದಿಂದಾಗಿ ಇಂದು ಕರ್ನಾಟಕದ ಹಳ್ಳಿ ಹಳ್ಳಿಗಳಲ್ಲಿ ಪ್ರೇಕ್ಷಕರು ಅನ್ಯ ಭಾಷೆಯ ಚಿತ್ರಗಳನ್ನು ಅವುಗಳ ಮೂಲಭಾಷೆಯಲ್ಲಿ ನೋಡಿ ಆನಂದಿಸುತ್ತ ಆ ಭಾಷೆಗಳನ್ನು ಸುಲಭವಾಗಿ ಅರ್ಥ ಮಾಡಿಕೊಳ್ಳುವ ಮಟ್ಟಿಗೆ ಬೆಳೆದಿದ್ದಾರೆ
ದಕ್ಷಿಣಭಾರತದ ಇನ್ಯಾವುದೇ ಭಾಷೆಯಲ್ಲಿ ಡಬ್ಬಿಂಗ್ ವಿರೋಧವಿಲ್ಲ ಆದರೆ ಆ ಎಲ್ಲ ಭಾಷೆಯ ಚಿತ್ರಗಳು ಅವರ ಊರುಗಳಲ್ಲಿಯೂ ಚೆನ್ನಾಗಿ ನಡೆಯುತ್ತವೆ ಮತ್ತು ಇಲ್ಲಿಯೂ ಚೆನ್ನಾಗಿ ನಡೆಯುತ್ತವೆ ಬೇರೆ ಭಾಷೆಯ ಅತ್ಯತ್ತಮ ಚಿತ್ರಗಳನ್ನು ಅವರು ತಮ್ಮ ಭಾಷೆಯಲ್ಲಿ ಡಬ್ಬಿಂಗ್ ಮಾಡಿ ಅಥವಾ ರೀಮೇಕ್ ಮಾಡಿ ನೋಡುತ್ತಾರೆ,P,P,ಆದರೆ,ದಕ್ಷಿಣಭಾರತದ ಇನ್ಯಾವುದೇ ಭಾಷೆಯಲ್ಲಿ ಡಬ್ಬಿಂಗ್ ವಿರೋಧವಿಲ್ಲ,ಆದರೆ ಆ ಎಲ್ಲ ಭಾಷೆಯ ಚಿತ್ರಗಳು ಅವರ ಊರುಗಳಲ್ಲಿಯೂ ಚೆನ್ನಾಗಿ ನಡೆಯುತ್ತವೆ ಮತ್ತು ಇಲ್ಲಿಯೂ ಚೆನ್ನಾಗಿ ನಡೆಯುತ್ತವೆ ಬೇರೆ ಭಾಷೆಯ ಅತ್ಯತ್ತಮ ಚಿತ್ರಗಳನ್ನು ಅವರು ತಮ್ಮ ಭಾಷೆಯಲ್ಲಿ ಡಬ್ಬಿಂಗ್ ಮಾಡಿ ಅಥವಾ ರೀಮೇಕ್ ಮಾಡಿ ನೋಡುತ್ತಾರೆ
ರಾಘವೇಶ್ವರಭಾರತೀ ಮಹಾಸ್ವಾಮೀಜಿ ಕೆಲವರಲ್ಲಿ ಪ್ರತಿಭೆಗಳಿರತ್ತೆ ಆದರೆ ಸಾಧನೆ ಮಾಡಲು ಹಣವಿರಲ್ಲಪ್ರತಿಭೆ ಹೊರಬರಲು ಹಣ ಅಡ್ಡಿಯಾಗಬಾರದು,O,O,ಆದರೆ,ರಾಘವೇಶ್ವರಭಾರತೀ ಮಹಾಸ್ವಾಮೀಜಿ ಕೆಲವರಲ್ಲಿ ಪ್ರತಿಭೆಗಳಿರತ್ತೆ,ಆದರೆ ಸಾಧನೆ ಮಾಡಲು ಹಣವಿರಲ್ಲಪ್ರತಿಭೆ ಹೊರಬರಲು ಹಣ ಅಡ್ಡಿಯಾಗಬಾರದು
ನಾನು 27 ಸಿನಿಮಾಗಳನ್ನ ಮಾಡಿದ್ದೇನೆ ಆದರೆ ಯಾವ ಸಿನಿಮಾದಲ್ಲು ತಂದೆಗೆ ಚಿತೆಗೆ ಅಗ್ನಿ ಸ್ಪರ್ಶ ಮಾಡುವ ದೃಶ್ಯ ಇಲ್ಲ,O,O,ಆದರೆ,ನಾನು 27 ಸಿನಿಮಾಗಳನ್ನ ಮಾಡಿದ್ದೇನೆ,ಆದರೆ ಯಾವ ಸಿನಿಮಾದಲ್ಲು ತಂದೆಗೆ ಚಿತೆಗೆ ಅಗ್ನಿ ಸ್ಪರ್ಶ ಮಾಡುವ ದೃಶ್ಯ ಇಲ್ಲ
ಸಿನಿಮಾದಲ್ಲಿ ಸ್ಟಾರ್ ಗಳ ಜತೆ ತೆರೆಹಂಚಿಕೊಳ್ಳಲು ಹೀರೋಯಿನ್ ಗಳು ಹೆಚ್ಚು ಆಸಕ್ತಿ ತೋರುತ್ತಾರೆ ಆದರೆ ಸಹ ಕಲಾವಿದನಾಗಿ ಹಂದಿ ಸಿಕ್ಕಿ ಬಿಟ್ಟರೆ? ಇಂಥದ್ದೊಂದು ಅವಕಾಶ ಗಿಟ್ಟಿಸಿಕೊಂಡ ಖುಷಿಯಲ್ಲಿದ್ದಾರೆ ಕನ್ನಡದ ನಟಿ ನಭಾ ನಟೇಶ್,O,P,ಆದರೆ,ಸಿನಿಮಾದಲ್ಲಿ ಸ್ಟಾರ್ ಗಳ ಜತೆ ತೆರೆಹಂಚಿಕೊಳ್ಳಲು ಹೀರೋಯಿನ್ ಗಳು ಹೆಚ್ಚು ಆಸಕ್ತಿ ತೋರುತ್ತಾರೆ,ಆದರೆ ಸಹ ಕಲಾವಿದನಾಗಿ ಹಂದಿ ಸಿಕ್ಕಿ ಬಿಟ್ಟರೆ? ಇಂಥದ್ದೊಂದು ಅವಕಾಶ ಗಿಟ್ಟಿಸಿಕೊಂಡ ಖುಷಿಯಲ್ಲಿದ್ದಾರೆ ಕನ್ನಡದ ನಟಿ ನಭಾ ನಟೇಶ್
ಧ್ವನಿ ನಡುಗಿದರೂ ಪರವಾಗಿಲ್ಲ ಯಾವಾಗಲೂ ಸತ್ಯವನ್ನೇ ನುಡಿಯಿರಿ ಸತ್ಯ ನಿಮ್ಮ ವ್ಯಕ್ತಿತ್ವವನ್ನೇ ಬದಲಿಸುತ್ತದೆ,O,P,ಯಾವಾಗಲೂ,ಧ್ವನಿ ನಡುಗಿದರೂ ಪರವಾಗಿಲ್ಲ,ಯಾವಾಗಲೂ ಸತ್ಯವನ್ನೇ ನುಡಿಯಿರಿ ಸತ್ಯ ನಿಮ್ಮ ವ್ಯಕ್ತಿತ್ವವನ್ನೇ ಬದಲಿಸುತ್ತದೆ
ಬಡವರಾದ ನಮಗೆ ಇಷ್ಟು ಹಣವನ್ನು ಹೊಂದಿಸಲು ಕಷ್ಟವಾಗಿದೆ ಆದ್ದರಿಂದ ದಾನಿಗಳು ನೆರವು ನೀಡಬೇಕೆಂದು ಮನವಿ ಮಾಡಿಕೊಳ್ಳುತ್ತಿದ್ದೇನೆ,N,O,ಆದ್ದರಿಂದ,ಬಡವರಾದ ನಮಗೆ ಇಷ್ಟು ಹಣವನ್ನು ಹೊಂದಿಸಲು ಕಷ್ಟವಾಗಿದೆ,ಆದ್ದರಿಂದ ದಾನಿಗಳು ನೆರವು ನೀಡಬೇಕೆಂದು ಮನವಿ ಮಾಡಿಕೊಳ್ಳುತ್ತಿದ್ದೇನೆ
ಗೆಲುವುಗಳ ಕುದುರೆ ಸವಾರಿ ಮಾಡಲು ಯಾವುದೇ ಮಾನಸಿಕ ಸಿದ್ಧತೆ ಬೇಕಾಗಿಲ್ಲ ಆದರೆ ಸೋಲುಗಳ ಸೋಪಾನ ಏರಲು ಆಳವಾದ ಮಾನಸಿಕ ತಯಾರಿ ಬೇಕು,O,O,ಆದರೆ,ಗೆಲುವುಗಳ ಕುದುರೆ ಸವಾರಿ ಮಾಡಲು ಯಾವುದೇ ಮಾನಸಿಕ ಸಿದ್ಧತೆ ಬೇಕಾಗಿಲ್ಲ,ಆದರೆ ಸೋಲುಗಳ ಸೋಪಾನ ಏರಲು ಆಳವಾದ ಮಾನಸಿಕ ತಯಾರಿ ಬೇಕು
ತಾಯಿಗೆ ಮಕ್ಕಳ ಬಗ್ಗೆ ಪ್ರೀತಿ ಮಾತ್ರ ಗೊತ್ತು ಆದರೆ ಅಪ್ಪನಿಗೆ ಪ್ರೀತಿಯ ಜೊತೆಗೆ ಕಾಳಜಿಯೂ ಇರುತ್ತದೆ ಎಂಬುದಕ್ಕೆ ಚಿತ್ರದಲ್ಲಿ ಸಾಕಷ್ಟು ಪುರಾವೆಗಳಿವೆ,O,O,ಆದರೆ,ತಾಯಿಗೆ ಮಕ್ಕಳ ಬಗ್ಗೆ ಪ್ರೀತಿ ಮಾತ್ರ ಗೊತ್ತು,ಆದರೆ ಅಪ್ಪನಿಗೆ ಪ್ರೀತಿಯ ಜೊತೆಗೆ ಕಾಳಜಿಯೂ ಇರುತ್ತದೆ ಎಂಬುದಕ್ಕೆ ಚಿತ್ರದಲ್ಲಿ ಸಾಕಷ್ಟು ಪುರಾವೆಗಳಿವೆ
ಇಷ್ಟು ದಿನ ಎಲ್ಐಸಿ ವಿಮೆ ಮಾಡಿಸುವಾಗ ಯಾವುದಾದರೂ ಕಾಯಿಲೆಯನ್ನು ಮುಚ್ಚಿಟ್ಟು ಬಳಿಕ ಮೃತರಾದರೆ ಪರಿಹಾರ ಮೊತ್ತ ನೀಡಲು ಅವಕಾಶವಿರಲಿಲ್ಲ ಆದರೆ ಈ ತೀರ್ಪಿನಿಂದ ಅನೇಕ ಕುಟುಂಬಗಳಿಗೆ ನಿರಾಳವಾಗಿದೆ,N,P,ಆದರೆ,ಇಷ್ಟು ದಿನ ಎಲ್ಐಸಿ ವಿಮೆ ಮಾಡಿಸುವಾಗ ಯಾವುದಾದರೂ ಕಾಯಿಲೆಯನ್ನು ಮುಚ್ಚಿಟ್ಟು ಬಳಿಕ ಮೃತರಾದರೆ ಪರಿಹಾರ ಮೊತ್ತ ನೀಡಲು ಅವಕಾಶವಿರಲಿಲ್ಲ,ಆದರೆ ಈ ತೀರ್ಪಿನಿಂದ ಅನೇಕ ಕುಟುಂಬಗಳಿಗೆ ನಿರಾಳವಾಗಿದೆ
ಎಲ್ಲರೂ ಉತ್ತಮ ಅಭಿನಯ ನೀಡಿದ್ದಾರೆ ಫೋಟೋಗ್ರಫಿ ಸಂಗೀತ ತುಂಬಾ ಚೆನ್ನಗಿದೆ ಆದರೆ ಸಿನೆಮಾದ ಪ್ರತಿ ಫ್ರೆಮಿನಲ್ಲೂ ಸಿಗರೆಟ್ ಮತ್ತು ಬೀಡಿ ಹೊಗೆ ಸೇರಿಕೊಂಡು ಬಹಳಷ್ಟು ಸಲ ಅನಿಸುತ್ತದೆ ಇದು ಸಿಗರೆಟ್ ಕಂಪನಿಗಳ ಪ್ರಚಾರದ ಸಿನಿಮಾನಾ ಅಂತ,P,O,ಆದರೆ,ಎಲ್ಲರೂ ಉತ್ತಮ ಅಭಿನಯ ನೀಡಿದ್ದಾರೆ ಫೋಟೋಗ್ರಫಿ ಸಂಗೀತ ತುಂಬಾ ಚೆನ್ನಗಿದೆ,ಆದರೆ ಸಿನೆಮಾದ ಪ್ರತಿ ಫ್ರೆಮಿನಲ್ಲೂ ಸಿಗರೆಟ್ ಮತ್ತು ಬೀಡಿ ಹೊಗೆ ಸೇರಿಕೊಂಡು ಬಹಳಷ್ಟು ಸಲ ಅನಿಸುತ್ತದೆ ಇದು ಸಿಗರೆಟ್ ಕಂಪನಿಗಳ ಪ್ರಚಾರದ ಸಿನಿಮಾನಾ ಅಂತ
ಯಾವುದೇ ಕಷ್ಟವನ್ನು ಮತ್ತೊಬರೊಂದಿಗೆ ಹಂಚಿಕೊಂಡರೆ ಕಷ್ಟವೇನು ಕಡಿಮೆಯಾಗುವುದಿಲ್ಲ ನಿಜ ಆದರೆ ಮನಸ್ಸು ಎಷ್ಟು ಹಗುರವಾಗುತ್ತದೆ ಎಂದು ನೀವು ಗಮನಿಸ್ಸಿದ್ದೀರ?,O,P,ಆದರೆ,ಯಾವುದೇ ಕಷ್ಟವನ್ನು ಮತ್ತೊಬರೊಂದಿಗೆ ಹಂಚಿಕೊಂಡರೆ ಕಷ್ಟವೇನು ಕಡಿಮೆಯಾಗುವುದಿಲ್ಲ ನಿಜ,ಆದರೆ ಮನಸ್ಸು ಎಷ್ಟು ಹಗುರವಾಗುತ್ತದೆ ಎಂದು ನೀವು ಗಮನಿಸ್ಸಿದ್ದೀರ?
ಸ್ವಾಮಿ ವಿವೇಕಾನಂದರ ವಿಚಾರಧಾರೆಯಂತೆ ಪ್ರತಿಯೊಬ್ಬ ಭಾರತೀಯರಲ್ಲೂ ರಾಷ್ಟ್ರೀಯತೆ ರಾಷ್ಟ್ರದ ಬಗೆಗೆ ಅಭಿಮಾನ ಜಾಗೃತವಾಗದಿದ್ದರೆ ಭಾರತ ಸ್ವತಂತ್ರವಾಗಲಾರದು ಎಂದು ದೃಢವಾಗಿ ನಿವೇದಿತಾರವರು ನಂಬಿದ್ದರು ಆದ್ದರಿಂದ ಭಾರತೀಯರಲ್ಲಿ ಅದರಲ್ಲಿ ವಿಶೇಷವಾಗಿ ಮಕ್ಕಳು ಹಾಗೂ ಯುವಕರಲ್ಲಿ ರಾಷ್ಟ್ರೀಯತೆಯನ್ನು ಜಾಗೃತಗೊಳಿಸಲು ವಿವಿಧ ಪ್ರಯತ್ನ ಮಾಡಿದರು,O,O,ಆದ್ದರಿಂದ,ಸ್ವಾಮಿ ವಿವೇಕಾನಂದರ ವಿಚಾರಧಾರೆಯಂತೆ ಪ್ರತಿಯೊಬ್ಬ ಭಾರತೀಯರಲ್ಲೂ ರಾಷ್ಟ್ರೀಯತೆ ರಾಷ್ಟ್ರದ ಬಗೆಗೆ ಅಭಿಮಾನ ಜಾಗೃತವಾಗದಿದ್ದರೆ ಭಾರತ ಸ್ವತಂತ್ರವಾಗಲಾರದು ಎಂದು ದೃಢವಾಗಿ ನಿವೇದಿತಾರವರು ನಂಬಿದ್ದರು,ಆದ್ದರಿಂದ ಭಾರತೀಯರಲ್ಲಿ ಅದರಲ್ಲಿ ವಿಶೇಷವಾಗಿ ಮಕ್ಕಳು ಹಾಗೂ ಯುವಕರಲ್ಲಿ ರಾಷ್ಟ್ರೀಯತೆಯನ್ನು ಜಾಗೃತಗೊಳಿಸಲು ವಿವಿಧ ಪ್ರಯತ್ನ ಮಾಡಿದರು
ಇದೇ ವಿಚಾರವಾಗಿ ಸುದ್ದಿ ಮಾಧ್ಯಮಗಳ ಮೇಲೆ ಅವರಿಗೆ ಬೇಸರ ಇದೆ ಆದರೆ ಅದನ್ನು ಅವರು ನೇರವಾಗಿ ಹೇಳಲು ಆಗುವುದಿಲ್ಲ,N,O,ಆದರೆ,ಇದೇ ವಿಚಾರವಾಗಿ ಸುದ್ದಿ ಮಾಧ್ಯಮಗಳ ಮೇಲೆ ಅವರಿಗೆ ಬೇಸರ ಇದೆ,ಆದರೆ ಅದನ್ನು ಅವರು ನೇರವಾಗಿ ಹೇಳಲು ಆಗುವುದಿಲ್ಲ
ದೋಸ್ತಿ ಸರ್ಕಾರದಲ್ಲಿ ಏನೂ ತೊಂದರೆ ಇಲ್ಲ ಆದ್ದರಿಂದ ಸ್ಥಳೀಯ ಸಂಸ್ಥೆಗಳ ಚುನಾವಣೆಯಲ್ಲಿ ಉತ್ತಮ ಫಲಿತಾಂಶ ಬಂದಿದೆ,P,P,ಆದ್ದರಿಂದ,ದೋಸ್ತಿ ಸರ್ಕಾರದಲ್ಲಿ ಏನೂ ತೊಂದರೆ ಇಲ್ಲ,ಆದ್ದರಿಂದ ಸ್ಥಳೀಯ ಸಂಸ್ಥೆಗಳ ಚುನಾವಣೆಯಲ್ಲಿ ಉತ್ತಮ ಫಲಿತಾಂಶ ಬಂದಿದೆ
ಈ ಪ್ರಯೋಗದಲ್ಲಿ ಕೆಲವು ಪಂದ್ಯಗಳು ಕೈಜಾರಬಹುದಾಗಿದೆ ಆದರೆ ಶ್ರೇಷ್ಠವಾದ ತಂಡವನ್ನು ಕಟ್ಟಲು ಪ್ರಯೋಗ ಮಾಡಲೇಬೇಕಿದೆ,N,O,ಆದರೆ,ಈ ಪ್ರಯೋಗದಲ್ಲಿ ಕೆಲವು ಪಂದ್ಯಗಳು ಕೈಜಾರಬಹುದಾಗಿದೆ,ಆದರೆ ಶ್ರೇಷ್ಠವಾದ ತಂಡವನ್ನು ಕಟ್ಟಲು ಪ್ರಯೋಗ ಮಾಡಲೇಬೇಕಿದೆ
2016-17ನೇ ಆರ್ಥಿಕ ವರ್ಷದಲ್ಲಿ ₹ 847 ಲಕ್ಷ ಕೋಟಿ ಸಂಗ್ರಹವಾಗುವ ಅಂದಾಜು ಮಾಡಲಾಗಿತ್ತು ಆದರೆ ಅದಕ್ಕಿಂತಲೂ ಸ್ವಲ್ಪ ಹೆಚ್ಚು ₹ 849 ಲಕ್ಷ ಕೋಟಿ ಸಂಗ್ರವಾಗಿದೆ,O,P,ಆದರೆ,2016-17ನೇ ಆರ್ಥಿಕ ವರ್ಷದಲ್ಲಿ ₹ 847 ಲಕ್ಷ ಕೋಟಿ ಸಂಗ್ರಹವಾಗುವ ಅಂದಾಜು ಮಾಡಲಾಗಿತ್ತು,ಆದರೆ ಅದಕ್ಕಿಂತಲೂ ಸ್ವಲ್ಪ ಹೆಚ್ಚು ₹ 849 ಲಕ್ಷ ಕೋಟಿ ಸಂಗ್ರವಾಗಿದೆ
ಇಂಥವರು ಸಾಹಿತ್ಯಕ್ಕೆ ಸಂಬಂಧಿಸಿದ ಸಮಾರಂಭಗಳಲ್ಲಿ ಕೇವಲ ಕೇಳುಗರಾಗಿ ಭಾಗವಹಿಸುದಕ್ಕಷ್ಟೇ ಸೀಮಿತರಾಗಿರುತ್ತಾರೆ ಆದರೆ ಸಾಹಿತ್ಯದ ಪೋಷಣೆ ಬೆಳವಣಿಗೆಗಳಲ್ಲಿ ಅವರ ಪಾಲು ದೊಡ್ಡದು,O,O,ಆದರೆ,ಇಂಥವರು ಸಾಹಿತ್ಯಕ್ಕೆ ಸಂಬಂಧಿಸಿದ ಸಮಾರಂಭಗಳಲ್ಲಿ ಕೇವಲ ಕೇಳುಗರಾಗಿ ಭಾಗವಹಿಸುದಕ್ಕಷ್ಟೇ ಸೀಮಿತರಾಗಿರುತ್ತಾರೆ,ಆದರೆ ಸಾಹಿತ್ಯದ ಪೋಷಣೆ ಬೆಳವಣಿಗೆಗಳಲ್ಲಿ ಅವರ ಪಾಲು ದೊಡ್ಡದು
ಇಂದು ಆರೋಗ್ಯ ಉಳಿಸಿಕೊಳ್ಳುವುದು ಎಂದರೆ ದೊಡ್ಡ ಬಾಬ್ತಿನ ಖರ್ಚು ಎಂದೇ ಅರ್ಥ ಆದ್ದರಿಂದ ಆರೋಗ್ಯವನ್ನು ಕಾಪಾಡಿಕೊಳ್ಳಲು ನಿಸರ್ಗದ ಮೊರೆ ಹೋಗುವುದು ಸುರಕ್ಷಿತವೂ ಅಗ್ಗವೂ ಹೌದು,O,P,ಆದ್ದರಿಂದ,ಇಂದು ಆರೋಗ್ಯ ಉಳಿಸಿಕೊಳ್ಳುವುದು ಎಂದರೆ ದೊಡ್ಡ ಬಾಬ್ತಿನ ಖರ್ಚು ಎಂದೇ ಅರ್ಥ,ಆದ್ದರಿಂದ ಆರೋಗ್ಯವನ್ನು ಕಾಪಾಡಿಕೊಳ್ಳಲು ನಿಸರ್ಗದ ಮೊರೆ ಹೋಗುವುದು ಸುರಕ್ಷಿತವೂ ಅಗ್ಗವೂ ಹೌದು
ಬೇರೆ ರಾಷ್ಟ್ರಗಳಲ್ಲಿ ಹುಲಿಗಳ ಸಂಖ್ಯೆ ಇಳಿಮುಖವಾಗುತ್ತಿದೆ ಆದರೆ ನೇಪಾಳದಲ್ಲಿ ಹುಲಿಗಳ ಸಂಖ್ಯೆಯಲ್ಲಿ ಹೆಚ್ಚಳವಾಗುತ್ತಿದೆ,N,P,ಆದರೆ,ಬೇರೆ ರಾಷ್ಟ್ರಗಳಲ್ಲಿ ಹುಲಿಗಳ ಸಂಖ್ಯೆ ಇಳಿಮುಖವಾಗುತ್ತಿದೆ,ಆದರೆ ನೇಪಾಳದಲ್ಲಿ ಹುಲಿಗಳ ಸಂಖ್ಯೆಯಲ್ಲಿ ಹೆಚ್ಚಳವಾಗುತ್ತಿದೆ
ಎಷ್ಟು ನೆನಪಿಸಿಕೊಂಡರೂ ನೆನಪಿಗೇ ಬರುತ್ತಿಲ್ಲ ಈಗ ಆದರೆ ಆಕೆಯ ಕಂಕುಳಲ್ಲಿದ್ದ ಎರಡೂವರೆ ವರುಷದ ಹುಡುಗ ಮಾತ್ರ ದಿನಕ್ಕೊಂದು ಹತ್ತಾರು ಸಲವಾದರೂ ನೆನಪಾಗುತ್ತಿರುತ್ತಾನೆ!,N,P,ಆದರೆ,ಎಷ್ಟು ನೆನಪಿಸಿಕೊಂಡರೂ ನೆನಪಿಗೇ ಬರುತ್ತಿಲ್ಲ ಈಗ,ಆದರೆ ಆಕೆಯ ಕಂಕುಳಲ್ಲಿದ್ದ ಎರಡೂವರೆ ವರುಷದ ಹುಡುಗ ಮಾತ್ರ ದಿನಕ್ಕೊಂದು ಹತ್ತಾರು ಸಲವಾದರೂ ನೆನಪಾಗುತ್ತಿರುತ್ತಾನೆ!
ಸೆಪ್ಟೆಂಬರ್ನಲ್ಲಿ ಚನ್ನಾಗಿ ಮಳೆ ಬಂದರೆ ನಮ್ಮ ಜಲಾಶಯದ ಸಾಮರ್ಥ್ಯಕ್ಕೆ ತಕ್ಕಂತೆ ನೀರು ಶೇಖರಣೆ ಆಗಬಹುದು ಒಂದು ವೇಳೆ ಮಳೆ ಕೈ ಕೊಟ್ಟರು ಒಂದು ವರ್ಷದ ವರೆಗೂ ನಗರಕ್ಕೆ ನೀರು ಸರಬರಾಜು ಮಾಡುವಷ್ಟು ನೀರು ಇದೆ,P,P,ಒಂದು ವೇಳೆ,ಸೆಪ್ಟೆಂಬರ್ನಲ್ಲಿ ಚನ್ನಾಗಿ ಮಳೆ ಬಂದರೆ ನಮ್ಮ ಜಲಾಶಯದ ಸಾಮರ್ಥ್ಯಕ್ಕೆ ತಕ್ಕಂತೆ ನೀರು ಶೇಖರಣೆ ಆಗಬಹುದು,ಒಂದು ವೇಳೆ ಮಳೆ ಕೈ ಕೊಟ್ಟರು ಒಂದು ವರ್ಷದ ವರೆಗೂ ನಗರಕ್ಕೆ ನೀರು ಸರಬರಾಜು ಮಾಡುವಷ್ಟು ನೀರು ಇದೆ
ಅಂಬೇಡ್ಕರ್ ಹೋರಾಟದ ಫಲವಾಗಿ ದೊರೆತ ಮೀಸಲಾತಿಯ ಪ್ರಯೋಜನವನ್ನು ಪರಿಣಾಮಕಾರಿಯಾಗಿ ಅನುಷ್ಠಾನಗೊಳಿಸಲು ಇಂದಿನ ರಾಜಕೀಯ ಪಕ್ಷಗಳು ವಿಫಲವಾಗಿದ್ದು ಆದ್ದರಿಂದ ಪರ್ಯಾಯ ಮಾರ್ಗಗಳನ್ನು ಅಲೋಚಿಸುವುದು ಅನಿವಾರ್ಯವಾಗಿದೆ,N,O,ಆದ್ದರಿಂದ,ಅಂಬೇಡ್ಕರ್ ಹೋರಾಟದ ಫಲವಾಗಿ ದೊರೆತ ಮೀಸಲಾತಿಯ ಪ್ರಯೋಜನವನ್ನು ಪರಿಣಾಮಕಾರಿಯಾಗಿ ಅನುಷ್ಠಾನಗೊಳಿಸಲು ಇಂದಿನ ರಾಜಕೀಯ ಪಕ್ಷಗಳು ವಿಫಲವಾಗಿದ್ದು,ಆದ್ದರಿಂದ ಪರ್ಯಾಯ ಮಾರ್ಗಗಳನ್ನು ಅಲೋಚಿಸುವುದು ಅನಿವಾರ್ಯವಾಗಿದೆ